year,la_code,la_name,median_pay,mean_pay,number_of_jobs_thousands
2015,E07000223,Adur,21377,24991,22
2016,E07000223,Adur,20611,24731,21
2017,E07000223,Adur,20338,23547,23
2018,E07000223,Adur,22605,26670,20
2019,E07000223,Adur,22877,26460,20
2020,E07000223,Adur,25157,30590,19
2021,E07000223,Adur,,26505,22
2022,E07000223,Adur,25635,30563,21
2023,E07000223,Adur,27049,32426,18
2024,E07000223,Adur,29840,35684,22
2025,E07000223,Adur,30217,37627,24
2015,E07000026,Allerdale,19534,24198,38
2016,E07000026,Allerdale,,27887,36
2017,E07000026,Allerdale,22471,27564,37
2018,E07000026,Allerdale,22720,28789,40
2019,E07000026,Allerdale,24040,29039,
2020,E07000026,Allerdale,26405,31288,42
2021,E07000026,Allerdale,29754,33170,38
2015,E07000032,Amber Valley,21380,26346,47
2016,E07000032,Amber Valley,22780,28962,44
2017,E07000032,Amber Valley,23328,28470,45
2018,E07000032,Amber Valley,22227,28594,47
2019,E07000032,Amber Valley,23000,29416,48
2020,E07000032,Amber Valley,25939,31354,42
2021,E07000032,Amber Valley,24568,29779,50
2022,E07000032,Amber Valley,24601,29673,48
2023,E07000032,Amber Valley,28117,32822,44
2024,E07000032,Amber Valley,30462,34507,51
2025,E07000032,Amber Valley,30823,35177,50
2015,E07000224,Arun,20337,25657,46
2016,E07000224,Arun,21339,26488,46
2017,E07000224,Arun,21982,25842,52
2018,E07000224,Arun,22258,27380,53
2019,E07000224,Arun,21555,26935,48
2020,E07000224,Arun,22364,28545,52
2021,E07000224,Arun,22938,26217,55
2022,E07000224,Arun,24211,26936,49
2023,E07000224,Arun,,29250,
2024,E07000224,Arun,28767,33307,55
2025,E07000224,Arun,29809,34472,59
2015,E07000170,Ashfield,20125,22172,45
2016,E07000170,Ashfield,20221,23760,44
2017,E07000170,Ashfield,21262,23307,45
2018,E07000170,Ashfield,22467,25083,43
2019,E07000170,Ashfield,22714,25681,45
2020,E07000170,Ashfield,22741,26385,47
2021,E07000170,Ashfield,23466,26526,45
2022,E07000170,Ashfield,25820,28846,40
2023,E07000170,Ashfield,26082,28714,43
2024,E07000170,Ashfield,27708,31043,43
2025,E07000170,Ashfield,27797,33388,46
2015,E07000105,Ashford,22919,28433,41
2016,E07000105,Ashford,23758,27947,44
2017,E07000105,Ashford,25237,29680,40
2018,E07000105,Ashford,24119,29591,42
2019,E07000105,Ashford,25126,31334,47
2020,E07000105,Ashford,25377,31207,40
2021,E07000105,Ashford,24333,29184,43
2022,E07000105,Ashford,29096,32231,43
2023,E07000105,Ashford,29275,34742,50
2024,E07000105,Ashford,32443,38243,47
2025,E07000105,Ashford,32991,39399,49
2015,E07000004,Aylesbury Vale,23245,32101,69
2016,E07000004,Aylesbury Vale,23904,31827,68
2017,E07000004,Aylesbury Vale,26909,33224,67
2018,E07000004,Aylesbury Vale,26890,33029,76
2015,E07000200,Babergh,20517,29233,31
2016,E07000200,Babergh,22851,36165,30
2017,E07000200,Babergh,24921,33852,30
2018,E07000200,Babergh,25130,36313,28
2019,E07000200,Babergh,25429,34560,29
2020,E07000200,Babergh,24510,33729,31
2021,E07000200,Babergh,26685,35334,35
2022,E07000200,Babergh,26909,33048,34
2023,E07000200,Babergh,27346,33311,34
2024,E07000200,Babergh,30000,37218,36
2025,E07000200,Babergh,30118,35961,34
2015,E09000002,Barking and Dagenham,23901,25054,48
2016,E09000002,Barking and Dagenham,23601,25290,48
2017,E09000002,Barking and Dagenham,24640,25948,51
2018,E09000002,Barking and Dagenham,25470,27104,50
2019,E09000002,Barking and Dagenham,25412,26651,55
2020,E09000002,Barking and Dagenham,26394,27748,48
2021,E09000002,Barking and Dagenham,26674,29029,53
2022,E09000002,Barking and Dagenham,27946,30087,53
2023,E09000002,Barking and Dagenham,28211,30985,52
2024,E09000002,Barking and Dagenham,29790,32003,58
2025,E09000002,Barking and Dagenham,32911,35424,64
2015,E09000003,Barnet,26099,33568,102
2016,E09000003,Barnet,26000,35062,99
2017,E09000003,Barnet,28040,37068,98
2018,E09000003,Barnet,28740,37872,111
2019,E09000003,Barnet,29512,38746,105
2020,E09000003,Barnet,29239,39660,120
2021,E09000003,Barnet,30000,41030,117
2022,E09000003,Barnet,32461,40162,101
2023,E09000003,Barnet,34279,43132,101
2024,E09000003,Barnet,36355,45954,117
2025,E09000003,Barnet,39239,52160,130
2015,E08000016,Barnsley,20573,23612,83
2016,E08000016,Barnsley,19886,23173,82
2017,E08000016,Barnsley,20547,24179,82
2018,E08000016,Barnsley,21657,25394,80
2019,E08000016,Barnsley,22087,26151,83
2020,E08000016,Barnsley,22693,27463,75
2021,E08000016,Barnsley,23018,27392,86
2022,E08000016,Barnsley,24868,28491,76
2023,E08000016,Barnsley,27094,30480,84
2024,E08000038,Barnsley,30472,33795,89
2025,E08000038,Barnsley,31359,35139,93
2015,E07000027,Barrow-in-Furness,19349,22074,24
2016,E07000027,Barrow-in-Furness,21514,24715,25
2017,E07000027,Barrow-in-Furness,,24641,27
2018,E07000027,Barrow-in-Furness,26508,27140,24
2019,E07000027,Barrow-in-Furness,27452,28656,24
2020,E07000027,Barrow-in-Furness,30097,31638,20
2021,E07000027,Barrow-in-Furness,28416,31301,24
2015,E07000066,Basildon,22063,27976,65
2016,E07000066,Basildon,24047,31307,63
2017,E07000066,Basildon,24240,33455,60
2018,E07000066,Basildon,25454,32954,63
2019,E07000066,Basildon,27723,32851,66
2020,E07000066,Basildon,25457,30464,64
2021,E07000066,Basildon,27016,31302,67
2022,E07000066,Basildon,28026,33675,56
2023,E07000066,Basildon,30538,37366,60
2024,E07000066,Basildon,33820,41724,67
2025,E07000066,Basildon,34133,43056,70
2015,E07000084,Basingstoke and Deane,27860,32852,72
2016,E07000084,Basingstoke and Deane,28822,33785,69
2017,E07000084,Basingstoke and Deane,28780,32964,70
2018,E07000084,Basingstoke and Deane,28000,33830,67
2019,E07000084,Basingstoke and Deane,30412,34805,64
2020,E07000084,Basingstoke and Deane,31857,38271,71
2021,E07000084,Basingstoke and Deane,32544,36362,82
2022,E07000084,Basingstoke and Deane,35608,40273,77
2023,E07000084,Basingstoke and Deane,35318,41045,72
2024,E07000084,Basingstoke and Deane,38107,45776,83
2025,E07000084,Basingstoke and Deane,39279,49677,75
2015,E07000171,Bassetlaw,20630,23808,41
2016,E07000171,Bassetlaw,21540,25036,37
2017,E07000171,Bassetlaw,22322,24327,39
2018,E07000171,Bassetlaw,21537,24794,39
2019,E07000171,Bassetlaw,22192,26027,39
2020,E07000171,Bassetlaw,22908,27170,43
2021,E07000171,Bassetlaw,,24919,44
2022,E07000171,Bassetlaw,24353,27138,42
2023,E07000171,Bassetlaw,,29434,44
2024,E07000171,Bassetlaw,28748,31592,43
2025,E07000171,Bassetlaw,28314,31599,47
2016,E06000022,Bath and North East Somerset,23730,30057,66
2017,E06000022,Bath and North East Somerset,23076,29879,61
2018,E06000022,Bath and North East Somerset,23752,30783,63
2019,E06000022,Bath and North East Somerset,24256,30792,66
2015,E06000022,Bath and North East Somerset UA,22016,28179,72
2020,E06000022,Bath and North East Somerset UA,24199,30666,68
2021,E06000022,Bath and North East Somerset UA,24204,29573,67
2022,E06000022,Bath and North East Somerset UA,27644,35576,71
2023,E06000022,Bath and North East Somerset UA,29528,38447,74
2024,E06000022,Bath and North East Somerset UA,32255,40139,61
2025,E06000022,Bath and North East Somerset UA,32481,43277,73
2016,E06000055,Bedford,24998,28392,70
2017,E06000055,Bedford,25539,29404,69
2018,E06000055,Bedford,24173,28943,64
2019,E06000055,Bedford,25640,30810,64
2015,E06000055,Bedford UA,23362,27300,67
2020,E06000055,Bedford UA,28661,33507,66
2021,E06000055,Bedford UA,26609,31502,74
2022,E06000055,Bedford UA,29196,33830,73
2023,E06000055,Bedford UA,30960,34199,69
2024,E06000055,Bedford UA,33416,39116,69
2025,E06000055,Bedford UA,35987,44065,72
2015,E09000004,Bexley,25789,33120,90
2016,E09000004,Bexley,26754,32841,84
2017,E09000004,Bexley,27323,33281,82
2018,E09000004,Bexley,27561,34243,80
2019,E09000004,Bexley,30708,36455,85
2020,E09000004,Bexley,32767,38874,79
2021,E09000004,Bexley,29274,37921,87
2022,E09000004,Bexley,33319,41121,83
2023,E09000004,Bexley,36074,42513,76
2024,E09000004,Bexley,38478,44118,80
2025,E09000004,Bexley,36883,44762,92
2015,E08000025,Birmingham,20929,24009,289
2016,E08000025,Birmingham,21697,24723,280
2017,E08000025,Birmingham,21924,25335,293
2018,E08000025,Birmingham,22151,26332,277
2019,E08000025,Birmingham,22584,26857,269
2020,E08000025,Birmingham,23876,28468,242
2021,E08000025,Birmingham,24282,28086,266
2022,E08000025,Birmingham,25526,29913,261
2023,E08000025,Birmingham,27055,31301,265
2024,E08000025,Birmingham,28946,33030,263
2025,E08000025,Birmingham,30180,34020,304
2015,E07000129,Blaby,23762,27903,39
2016,E07000129,Blaby,23401,27119,37
2017,E07000129,Blaby,25226,28014,34
2018,E07000129,Blaby,24399,28477,33
2019,E07000129,Blaby,26448,28488,34
2020,E07000129,Blaby,29875,32934,33
2021,E07000129,Blaby,24844,29405,40
2022,E07000129,Blaby,29977,33380,35
2023,E07000129,Blaby,28041,31847,36
2024,E07000129,Blaby,31211,34918,33
2025,E07000129,Blaby,31950,35148,39
2016,E06000008,Blackburn with Darwen,19295,21716,40
2017,E06000008,Blackburn with Darwen,18786,22210,38
2018,E06000008,Blackburn with Darwen,19879,22198,42
2019,E06000008,Blackburn with Darwen,21260,23714,44
2015,E06000008,Blackburn with Darwen UA,18393,20675,38
2020,E06000008,Blackburn with Darwen UA,21512,23932,42
2021,E06000008,Blackburn with Darwen UA,20895,22902,43
2022,E06000008,Blackburn with Darwen UA,23203,24665,42
2023,E06000008,Blackburn with Darwen UA,25226,27733,46
2024,E06000008,Blackburn with Darwen UA,26104,28903,47
2025,E06000008,Blackburn with Darwen UA,27502,31055,50
2016,E06000009,Blackpool,17630,20280,40
2017,E06000009,Blackpool,17617,20342,40
2018,E06000009,Blackpool,18210,21181,42
2019,E06000009,Blackpool,19486,22142,41
2015,E06000009,Blackpool UA,16347,20069,40
2020,E06000009,Blackpool UA,19810,22711,38
2021,E06000009,Blackpool UA,20361,22319,49
2022,E06000009,Blackpool UA,21859,23585,42
2023,E06000009,Blackpool UA,23226,25302,47
2024,E06000009,Blackpool UA,26705,29076,42
2025,E06000009,Blackpool UA,27979,28814,44
2015,W06000019,Blaenau Gwent / Blaenau Gwent,19331,21269,23
2016,W06000019,Blaenau Gwent / Blaenau Gwent,,20038,23
2017,W06000019,Blaenau Gwent / Blaenau Gwent,21592,22928,22
2018,W06000019,Blaenau Gwent / Blaenau Gwent,20690,21564,22
2019,W06000019,Blaenau Gwent / Blaenau Gwent,19459,21333,23
2020,W06000019,Blaenau Gwent / Blaenau Gwent,,,
2021,W06000019,Blaenau Gwent / Blaenau Gwent,21794,23950,22
2022,W06000019,Blaenau Gwent / Blaenau Gwent,25391,26990,20
2023,W06000019,Blaenau Gwent / Blaenau Gwent,27570,28353,24
2024,W06000019,Blaenau Gwent / Blaenau Gwent,29122,30066,24
2025,W06000019,Blaenau Gwent / Blaenau Gwent,30734,31736,25
2015,E07000033,Bolsover,18635,21157,25
2016,E07000033,Bolsover,21669,23372,24
2017,E07000033,Bolsover,18874,20941,23
2018,E07000033,Bolsover,20898,23373,27
2019,E07000033,Bolsover,21035,23821,26
2020,E07000033,Bolsover,21385,25408,25
2021,E07000033,Bolsover,22683,27669,29
2022,E07000033,Bolsover,,26054,28
2023,E07000033,Bolsover,24023,26529,31
2024,E07000033,Bolsover,26847,29184,33
2025,E07000033,Bolsover,29674,31819,30
2015,E08000001,Bolton,19921,22840,85
2016,E08000001,Bolton,20318,23556,80
2017,E08000001,Bolton,20631,23863,82
2018,E08000001,Bolton,20726,24501,80
2019,E08000001,Bolton,22268,26243,78
2020,E08000001,Bolton,23336,26536,75
2021,E08000001,Bolton,23414,26122,85
2022,E08000001,Bolton,25145,29880,78
2023,E08000001,Bolton,27040,30286,76
2024,E08000001,Bolton,27821,31089,84
2025,E08000001,Bolton,29409,34110,93
2015,E07000136,Boston,17778,17990,22
2016,E07000136,Boston,18232,20105,
2017,E07000136,Boston,19037,20797,23
2018,E07000136,Boston,19315,21573,24
2019,E07000136,Boston,19529,20971,23
2020,E07000136,Boston,20221,22175,22
2021,E07000136,Boston,22681,23861,27
2022,E07000136,Boston,,25492,
2023,E07000136,Boston,,28111,
2024,E07000136,Boston,25368,26405,24
2025,E07000136,Boston,27729,30171,24
2016,E06000028,Bournemouth,22418,25238,62
2017,E06000028,Bournemouth,22588,26835,62
2015,E06000028,Bournemouth UA,22489,25221,60
2018,E06000058,"Bournemouth, Christchurch and Poole",22739,27682,135
2019,E06000058,"Bournemouth, Christchurch and Poole",25128,29594,133
2020,E06000058,"Bournemouth, Christchurch and Poole UA",24987,29882,132
2021,E06000058,"Bournemouth, Christchurch and Poole UA",24321,28790,141
2022,E06000058,"Bournemouth, Christchurch and Poole UA",26717,31972,131
2023,E06000058,"Bournemouth, Christchurch and Poole UA",28418,32901,128
2024,E06000058,"Bournemouth, Christchurch and Poole UA",30213,33673,130
2025,E06000058,"Bournemouth, Christchurch and Poole UA",31848,36636,146
2016,E06000036,Bracknell Forest,27067,32951,48
2017,E06000036,Bracknell Forest,27610,33323,51
2018,E06000036,Bracknell Forest,27050,32838,49
2019,E06000036,Bracknell Forest,29393,35914,47
2015,E06000036,Bracknell Forest UA,26895,31711,48
2020,E06000036,Bracknell Forest UA,28377,34980,59
2021,E06000036,Bracknell Forest UA,31911,36547,56
2022,E06000036,Bracknell Forest UA,33405,37400,42
2023,E06000036,Bracknell Forest UA,33308,43638,55
2024,E06000036,Bracknell Forest UA,36051,41985,56
2025,E06000036,Bracknell Forest UA,36067,42373,53
2015,E08000032,Bradford,19944,23509,158
2016,E08000032,Bradford,20320,24412,154
2017,E08000032,Bradford,20542,24123,152
2018,E08000032,Bradford,21084,25263,159
2019,E08000032,Bradford,21946,26130,163
2020,E08000032,Bradford,24016,28865,151
2021,E08000032,Bradford,23687,27396,172
2022,E08000032,Bradford,25212,29741,148
2023,E08000032,Bradford,26095,31729,152
2024,E08000032,Bradford,27514,32302,170
2025,E08000032,Bradford,28424,33267,165
2015,E07000067,Braintree,,27727,55
2016,E07000067,Braintree,26207,28858,54
2017,E07000067,Braintree,25925,29535,54
2018,E07000067,Braintree,27414,32889,54
2019,E07000067,Braintree,27106,32644,52
2020,E07000067,Braintree,25902,34912,56
2021,E07000067,Braintree,26586,30854,58
2022,E07000067,Braintree,29836,34630,52
2023,E07000067,Braintree,31129,36560,50
2024,E07000067,Braintree,35932,39555,58
2025,E07000067,Braintree,34546,37489,60
2015,E07000143,Breckland,17838,21544,41
2016,E07000143,Breckland,19128,21917,44
2017,E07000143,Breckland,19162,21753,42
2018,E07000143,Breckland,21787,23143,40
2019,E07000143,Breckland,22512,23641,43
2020,E07000143,Breckland,22877,25288,45
2021,E07000143,Breckland,24150,25744,49
2022,E07000143,Breckland,24659,26483,47
2023,E07000143,Breckland,26668,28168,45
2024,E07000143,Breckland,28795,31247,49
2025,E07000143,Breckland,28930,30532,54
2015,E09000005,Brent,24710,30243,98
2016,E09000005,Brent,24604,30265,98
2017,E09000005,Brent,24645,30429,93
2018,E09000005,Brent,25017,30990,95
2019,E09000005,Brent,26325,33721,96
2020,E09000005,Brent,28196,33451,89
2021,E09000005,Brent,28367,33338,102
2022,E09000005,Brent,30720,38713,92
2023,E09000005,Brent,32259,42492,98
2024,E09000005,Brent,33388,45203,98
2025,E09000005,Brent,34871,43550,111
2015,E07000068,Brentwood,31641,43748,26
2016,E07000068,Brentwood,31796,40433,25
2017,E07000068,Brentwood,32852,40949,24
2018,E07000068,Brentwood,,40998,27
2019,E07000068,Brentwood,32391,43082,24
2020,E07000068,Brentwood,,48430,26
2021,E07000068,Brentwood,27310,,22
2022,E07000068,Brentwood,34615,57270,26
2023,E07000068,Brentwood,41395,65748,25
2024,E07000068,Brentwood,43479,68846,28
2025,E07000068,Brentwood,39864,57200,28
2015,W06000013,Bridgend / Pen-y-bont ar Ogwr,20063,22829,51
2016,W06000013,Bridgend / Pen-y-bont ar Ogwr,21861,24950,47
2017,W06000013,Bridgend / Pen-y-bont ar Ogwr,21889,25052,47
2018,W06000013,Bridgend / Pen-y-bont ar Ogwr,23091,25969,44
2019,W06000013,Bridgend / Pen-y-bont ar Ogwr,23497,26523,42
2020,W06000013,Bridgend / Pen-y-bont ar Ogwr,24913,29078,49
2021,W06000013,Bridgend / Pen-y-bont ar Ogwr,23836,26204,52
2022,W06000013,Bridgend / Pen-y-bont ar Ogwr,26883,30421,49
2023,W06000013,Bridgend / Pen-y-bont ar Ogwr,27551,31118,55
2024,W06000013,Bridgend / Pen-y-bont ar Ogwr,30528,33572,53
2025,W06000013,Bridgend / Pen-y-bont ar Ogwr,31475,34754,58
2016,E06000043,Brighton and Hove,23957,30180,91
2017,E06000043,Brighton and Hove,24187,29867,101
2018,E06000043,Brighton and Hove,24448,31235,103
2019,E06000043,Brighton and Hove,25791,30923,103
2015,E06000043,Brighton and Hove UA,23001,28121,92
2020,E06000043,Brighton and Hove UA,27639,31427,104
2021,E06000043,Brighton and Hove UA,26289,30663,128
2022,E06000043,Brighton and Hove UA,27126,32568,95
2023,E06000043,Brighton and Hove UA,28595,33828,104
2024,E06000043,Brighton and Hove UA,33226,38278,122
2025,E06000043,Brighton and Hove UA,33506,40737,106
2016,E06000023,"Bristol, City of",23692,26516,152
2017,E06000023,"Bristol, City of",23506,27077,148
2018,E06000023,"Bristol, City of",24145,28065,157
2019,E06000023,"Bristol, City of",25952,29540,173
2015,E06000023,"Bristol, City of UA",23989,26464,156
2020,E06000023,"Bristol, City of UA",27504,30107,166
2021,E06000023,"Bristol, City of UA",26936,30482,188
2022,E06000023,"Bristol, City of UA",30030,32435,172
2023,E06000023,"Bristol, City of UA",30877,34757,184
2024,E06000023,"Bristol, City of UA",32799,36674,184
2025,E06000023,"Bristol, City of UA",34051,38617,202
2015,E07000144,Broadland,19727,23491,46
2016,E07000144,Broadland,20401,24917,42
2017,E07000144,Broadland,21710,24046,42
2018,E07000144,Broadland,23593,26363,43
2019,E07000144,Broadland,22803,25870,47
2020,E07000144,Broadland,,26582,43
2021,E07000144,Broadland,24778,27053,54
2022,E07000144,Broadland,27243,31700,40
2023,E07000144,Broadland,30093,33124,51
2024,E07000144,Broadland,30373,33812,53
2025,E07000144,Broadland,30920,36368,58
2015,E09000006,Bromley,31413,41455,104
2016,E09000006,Bromley,31513,41413,115
2017,E09000006,Bromley,32827,43008,118
2018,E09000006,Bromley,33794,42970,119
2019,E09000006,Bromley,33546,43848,116
2020,E09000006,Bromley,35654,47484,111
2021,E09000006,Bromley,34020,44697,120
2022,E09000006,Bromley,37739,48950,105
2023,E09000006,Bromley,38674,51387,105
2024,E09000006,Bromley,40514,50612,115
2025,E09000006,Bromley,43981,58925,118
2015,E07000234,Bromsgrove,23970,30542,37
2016,E07000234,Bromsgrove,24280,30477,36
2017,E07000234,Bromsgrove,26170,30430,34
2018,E07000234,Bromsgrove,25320,32175,37
2019,E07000234,Bromsgrove,27103,33549,36
2020,E07000234,Bromsgrove,26692,32894,33
2021,E07000234,Bromsgrove,29424,34308,36
2022,E07000234,Bromsgrove,28688,35178,39
2023,E07000234,Bromsgrove,32528,37980,40
2024,E07000234,Bromsgrove,34053,40423,37
2025,E07000234,Bromsgrove,36409,44103,42
2015,E07000095,Broxbourne,27099,31701,35
2016,E07000095,Broxbourne,27989,33723,34
2017,E07000095,Broxbourne,27723,33493,34
2018,E07000095,Broxbourne,28005,35279,35
2019,E07000095,Broxbourne,28710,34228,33
2020,E07000095,Broxbourne,29918,34065,31
2021,E07000095,Broxbourne,27194,31389,37
2022,E07000095,Broxbourne,33400,39683,32
2023,E07000095,Broxbourne,32094,41285,33
2024,E07000095,Broxbourne,34084,41375,30
2025,E07000095,Broxbourne,37283,47463,33
2015,E07000172,Broxtowe,24810,29947,41
2016,E07000172,Broxtowe,25839,31341,44
2017,E07000172,Broxtowe,25654,31707,42
2018,E07000172,Broxtowe,25865,32044,46
2019,E07000172,Broxtowe,25272,32011,46
2020,E07000172,Broxtowe,26527,33987,44
2021,E07000172,Broxtowe,26023,32463,41
2022,E07000172,Broxtowe,28079,32676,43
2023,E07000172,Broxtowe,29048,33961,39
2024,E07000172,Broxtowe,31841,37259,45
2025,E07000172,Broxtowe,30966,35785,43
2015,E10000002,Buckinghamshire,25500,35576,184
2016,E10000002,Buckinghamshire,26000,36503,183
2017,E10000002,Buckinghamshire,26995,38784,178
2018,E10000002,Buckinghamshire,28090,37779,194
2019,E06000060,Buckinghamshire,29302,40716,194
2020,E06000060,Buckinghamshire UA,30079,39956,205
2021,E06000060,Buckinghamshire UA,29170,38151,204
2022,E06000060,Buckinghamshire UA,31199,46996,170
2023,E06000060,Buckinghamshire UA,32929,46785,189
2024,E06000060,Buckinghamshire UA,35471,48342,202
2025,E06000060,Buckinghamshire UA,35937,47678,204
2015,E07000117,Burnley,20254,23806,26
2016,E07000117,Burnley,20798,24536,28
2017,E07000117,Burnley,20467,24424,26
2018,E07000117,Burnley,20801,23695,31
2019,E07000117,Burnley,22175,26626,32
2020,E07000117,Burnley,22605,27088,25
2021,E07000117,Burnley,23864,26957,26
2022,E07000117,Burnley,24429,27968,30
2023,E07000117,Burnley,,29999,26
2024,E07000117,Burnley,29740,32212,26
2025,E07000117,Burnley,29680,32759,29
2015,E08000002,Bury,24154,26754,69
2016,E08000002,Bury,23872,26519,64
2017,E08000002,Bury,23768,26921,65
2018,E08000002,Bury,25433,27123,65
2019,E08000002,Bury,26215,28260,66
2020,E08000002,Bury,26839,29301,60
2021,E08000002,Bury,27332,29183,61
2022,E08000002,Bury,27686,31444,61
2023,E08000002,Bury,29960,32265,63
2024,E08000002,Bury,31592,35220,60
2025,E08000002,Bury,31687,36576,64
2015,W06000018,Caerphilly / Caerffili,21066,22553,63
2016,W06000018,Caerphilly / Caerffili,20816,23514,63
2017,W06000018,Caerphilly / Caerffili,21665,23012,55
2018,W06000018,Caerphilly / Caerffili,22580,24514,57
2019,W06000018,Caerphilly / Caerffili,22497,24668,61
2020,W06000018,Caerphilly / Caerffili,23303,25323,67
2021,W06000018,Caerphilly / Caerffili,24782,26584,65
2022,W06000018,Caerphilly / Caerffili,25737,28683,64
2023,W06000018,Caerphilly / Caerffili,27723,29441,65
2024,W06000018,Caerphilly / Caerffili,28449,30230,66
2025,W06000018,Caerphilly / Caerffili,30854,33725,70
2015,E08000033,Calderdale,20634,23879,70
2016,E08000033,Calderdale,22727,25150,68
2017,E08000033,Calderdale,21726,24952,66
2018,E08000033,Calderdale,22377,25656,71
2019,E08000033,Calderdale,23277,26468,67
2020,E08000033,Calderdale,24943,27673,71
2021,E08000033,Calderdale,23567,27049,77
2022,E08000033,Calderdale,26163,29798,72
2023,E08000033,Calderdale,26449,30976,67
2024,E08000033,Calderdale,30125,34791,76
2025,E08000033,Calderdale,31708,35761,78
2015,E07000008,Cambridge,26075,31419,41
2016,E07000008,Cambridge,27157,31799,46
2017,E07000008,Cambridge,28821,34712,45
2018,E07000008,Cambridge,29529,36066,43
2019,E07000008,Cambridge,28525,33267,47
2020,E07000008,Cambridge,31657,35900,51
2021,E07000008,Cambridge,31154,38782,46
2022,E07000008,Cambridge,33919,39648,47
2023,E07000008,Cambridge,34850,42549,54
2024,E07000008,Cambridge,38445,48287,47
2025,E07000008,Cambridge,38711,51653,56
2015,E10000003,Cambridgeshire,24815,32048,251
2016,E10000003,Cambridgeshire,25944,32775,250
2017,E10000003,Cambridgeshire,26401,32160,250
2018,E10000003,Cambridgeshire,27128,33613,246
2019,E10000003,Cambridgeshire,27805,33679,259
2020,E10000003,Cambridgeshire,29248,34705,272
2021,E10000003,Cambridgeshire,29003,34483,260
2022,E10000003,Cambridgeshire,30904,35975,269
2023,E10000003,Cambridgeshire,32900,38499,274
2024,E10000003,Cambridgeshire,34284,43967,272
2025,E10000003,Cambridgeshire,35499,47667,299
2015,E09000007,Camden,33429,46179,59
2016,E09000007,Camden,33082,44200,60
2017,E09000007,Camden,32685,50714,63
2018,E09000007,Camden,34492,59681,60
2019,E09000007,Camden,35247,55701,59
2020,E09000007,Camden,34466,51654,56
2021,E09000007,Camden,35102,45539,62
2022,E09000007,Camden,36105,49760,52
2023,E09000007,Camden,39998,54344,49
2024,E09000007,Camden,41410,63103,67
2025,E09000007,Camden,44088,71777,67
2015,E07000192,Cannock Chase,21723,23171,37
2016,E07000192,Cannock Chase,22829,25250,32
2017,E07000192,Cannock Chase,23890,26197,35
2018,E07000192,Cannock Chase,23860,25444,38
2019,E07000192,Cannock Chase,23414,25053,38
2020,E07000192,Cannock Chase,23872,25383,35
2021,E07000192,Cannock Chase,25917,27072,39
2022,E07000192,Cannock Chase,24081,26591,38
2023,E07000192,Cannock Chase,25904,27696,35
2024,E07000192,Cannock Chase,28180,29998,34
2025,E07000192,Cannock Chase,30178,33725,37
2015,E07000106,Canterbury,23880,30208,49
2016,E07000106,Canterbury,22922,28675,50
2017,E07000106,Canterbury,22851,28772,55
2018,E07000106,Canterbury,22568,28993,50
2019,E07000106,Canterbury,25040,31502,46
2020,E07000106,Canterbury,25335,31141,55
2021,E07000106,Canterbury,24727,30970,54
2022,E07000106,Canterbury,26542,33909,49
2023,E07000106,Canterbury,26225,32435,47
2024,E07000106,Canterbury,29518,34185,49
2025,E07000106,Canterbury,30188,36528,52
2015,W06000015,Cardiff / Caerdydd,22000,26535,113
2016,W06000015,Cardiff / Caerdydd,22784,27515,112
2017,W06000015,Cardiff / Caerdydd,23245,27780,110
2018,W06000015,Cardiff / Caerdydd,23414,28702,114
2019,W06000015,Cardiff / Caerdydd,24918,28660,115
2020,W06000015,Cardiff / Caerdydd,25028,27110,115
2021,W06000015,Cardiff / Caerdydd,24657,27605,126
2022,W06000015,Cardiff / Caerdydd,27646,30288,113
2023,W06000015,Cardiff / Caerdydd,29998,33850,119
2024,W06000015,Cardiff / Caerdydd,31540,34531,130
2025,W06000015,Cardiff / Caerdydd,32756,36723,143
2015,E07000028,Carlisle,19534,22154,41
2016,E07000028,Carlisle,19141,21512,42
2017,E07000028,Carlisle,19657,21925,38
2018,E07000028,Carlisle,21509,23809,41
2019,E07000028,Carlisle,20969,24501,46
2020,E07000028,Carlisle,24924,27657,42
2021,E07000028,Carlisle,21381,24008,37
2015,W06000010,Carmarthenshire / Sir Gaerfyrddin,19579,24278,60
2016,W06000010,Carmarthenshire / Sir Gaerfyrddin,20255,24303,59
2017,W06000010,Carmarthenshire / Sir Gaerfyrddin,20559,25074,61
2018,W06000010,Carmarthenshire / Sir Gaerfyrddin,21029,24919,54
2019,W06000010,Carmarthenshire / Sir Gaerfyrddin,22543,26406,61
2020,W06000010,Carmarthenshire / Sir Gaerfyrddin,23938,27646,61
2021,W06000010,Carmarthenshire / Sir Gaerfyrddin,24454,27758,70
2022,W06000010,Carmarthenshire / Sir Gaerfyrddin,26840,29451,60
2023,W06000010,Carmarthenshire / Sir Gaerfyrddin,27399,30556,63
2024,W06000010,Carmarthenshire / Sir Gaerfyrddin,28903,31949,68
2025,W06000010,Carmarthenshire / Sir Gaerfyrddin,30774,35003,68
2015,E07000069,Castle Point,,26526,30
2016,E07000069,Castle Point,21114,26595,27
2017,E07000069,Castle Point,,29790,29
2018,E07000069,Castle Point,24853,31942,29
2019,E07000069,Castle Point,,32402,26
2020,E07000069,Castle Point,26288,33294,26
2021,E07000069,Castle Point,,32306,29
2022,E07000069,Castle Point,27949,35724,26
2023,E07000069,Castle Point,30665,39098,27
2024,E07000069,Castle Point,34910,38442,27
2025,E07000069,Castle Point,35975,42637,27
2016,E06000056,Central Bedfordshire,26586,31335,107
2017,E06000056,Central Bedfordshire,27002,31566,103
2018,E06000056,Central Bedfordshire,27754,32221,111
2019,E06000056,Central Bedfordshire,30012,33492,109
2015,E06000056,Central Bedfordshire UA,25971,31440,107
2020,E06000056,Central Bedfordshire UA,30508,34874,109
2021,E06000056,Central Bedfordshire UA,30231,33551,126
2022,E06000056,Central Bedfordshire UA,33840,37073,116
2023,E06000056,Central Bedfordshire UA,33645,38631,113
2024,E06000056,Central Bedfordshire UA,35716,40568,124
2025,E06000056,Central Bedfordshire UA,36622,42115,123
2015,W06000008,Ceredigion / Ceredigion,19313,21445,25
2016,W06000008,Ceredigion / Ceredigion,20071,22657,22
2017,W06000008,Ceredigion / Ceredigion,19124,21785,19
2018,W06000008,Ceredigion / Ceredigion,20412,22844,21
2019,W06000008,Ceredigion / Ceredigion,21538,24123,23
2020,W06000008,Ceredigion / Ceredigion,22020,24388,23
2021,W06000008,Ceredigion / Ceredigion,23401,27453,26
2022,W06000008,Ceredigion / Ceredigion,25833,29807,26
2023,W06000008,Ceredigion / Ceredigion,26689,30462,23
2024,W06000008,Ceredigion / Ceredigion,29166,32898,25
2025,W06000008,Ceredigion / Ceredigion,29326,32048,28
2015,E07000130,Charnwood,23140,25654,60
2016,E07000130,Charnwood,22951,25531,60
2017,E07000130,Charnwood,23024,26109,58
2018,E07000130,Charnwood,23948,27129,56
2019,E07000130,Charnwood,25495,28125,62
2020,E07000130,Charnwood,25955,28376,61
2021,E07000130,Charnwood,24283,27362,67
2022,E07000130,Charnwood,28194,29979,60
2023,E07000130,Charnwood,31228,34913,58
2024,E07000130,Charnwood,33271,34913,64
2025,E07000130,Charnwood,33550,35439,72
2015,E07000070,Chelmsford,24722,33944,65
2016,E07000070,Chelmsford,24265,35087,60
2017,E07000070,Chelmsford,25725,35901,58
2018,E07000070,Chelmsford,25584,31884,60
2019,E07000070,Chelmsford,26399,32799,60
2020,E07000070,Chelmsford,28233,33177,55
2021,E07000070,Chelmsford,29487,36576,56
2022,E07000070,Chelmsford,31010,36912,50
2023,E07000070,Chelmsford,30866,37416,48
2024,E07000070,Chelmsford,33024,41820,53
2025,E07000070,Chelmsford,35791,46329,57
2015,E07000078,Cheltenham,23994,28714,45
2016,E07000078,Cheltenham,24796,28446,48
2017,E07000078,Cheltenham,25779,29673,46
2018,E07000078,Cheltenham,25574,32972,48
2019,E07000078,Cheltenham,27443,36344,47
2020,E07000078,Cheltenham,28512,32358,41
2021,E07000078,Cheltenham,30445,34711,46
2022,E07000078,Cheltenham,34510,38583,42
2023,E07000078,Cheltenham,31036,36533,45
2024,E07000078,Cheltenham,35017,41100,43
2025,E07000078,Cheltenham,36014,41041,44
2015,E07000177,Cherwell,24473,28330,56
2016,E07000177,Cherwell,26425,31071,56
2017,E07000177,Cherwell,26654,30595,57
2018,E07000177,Cherwell,26462,31298,53
2019,E07000177,Cherwell,26466,32565,58
2020,E07000177,Cherwell,29303,34277,59
2021,E07000177,Cherwell,29579,33169,67
2022,E07000177,Cherwell,30718,35294,60
2023,E07000177,Cherwell,33449,36963,67
2024,E07000177,Cherwell,36082,41893,67
2025,E07000177,Cherwell,36568,43315,65
2016,E06000049,Cheshire East,22645,30428,132
2017,E06000049,Cheshire East,23045,31587,135
2018,E06000049,Cheshire East,24028,31067,134
2019,E06000049,Cheshire East,25697,33862,144
2015,E06000049,Cheshire East UA,21973,29033,138
2020,E06000049,Cheshire East UA,27017,35277,137
2021,E06000049,Cheshire East UA,24873,31797,148
2022,E06000049,Cheshire East UA,28498,35793,131
2023,E06000049,Cheshire East UA,30499,38187,138
2024,E06000049,Cheshire East UA,32000,41232,138
2025,E06000049,Cheshire East UA,33221,44740,162
2016,E06000050,Cheshire West and Chester,22354,27181,121
2017,E06000050,Cheshire West and Chester,23596,28794,118
2018,E06000050,Cheshire West and Chester,24227,29183,125
2019,E06000050,Cheshire West and Chester,25444,30580,126
2020,E06000050,Cheshire West and Chester,26007,30865,131
2021,E06000050,Cheshire West and Chester,26487,31861,138
2022,E06000050,Cheshire West and Chester,28129,33921,111
2015,E06000050,Cheshire West and Chester UA,22131,27821,118
2023,E06000050,Cheshire West and Chester UA,29592,34497,119
2024,E06000050,Cheshire West and Chester UA,31498,37476,131
2025,E06000050,Cheshire West and Chester UA,32391,38487,143
2015,E07000034,Chesterfield,20789,22588,35
2016,E07000034,Chesterfield,20134,23540,32
2017,E07000034,Chesterfield,20481,23298,32
2018,E07000034,Chesterfield,21345,25376,36
2019,E07000034,Chesterfield,21920,26428,35
2020,E07000034,Chesterfield,22886,25368,34
2021,E07000034,Chesterfield,22875,26303,35
2022,E07000034,Chesterfield,25417,28657,37
2023,E07000034,Chesterfield,25906,30786,41
2024,E07000034,Chesterfield,28636,32644,40
2025,E07000034,Chesterfield,30621,34677,41
2015,E07000225,Chichester,20334,30410,39
2016,E07000225,Chichester,22871,28861,42
2017,E07000225,Chichester,22423,27980,41
2018,E07000225,Chichester,21515,29877,35
2019,E07000225,Chichester,24038,31847,42
2020,E07000225,Chichester,23368,29194,41
2021,E07000225,Chichester,24423,28614,41
2022,E07000225,Chichester,27278,33195,
2023,E07000225,Chichester,,32731,40
2024,E07000225,Chichester,28263,34475,43
2025,E07000225,Chichester,28585,35844,38
2015,E07000005,Chiltern,,38442,29
2016,E07000005,Chiltern,28086,40394,30
2017,E07000005,Chiltern,29531,,28
2018,E07000005,Chiltern,32759,43497,31
2015,E07000118,Chorley,22227,24582,40
2016,E07000118,Chorley,23301,25955,40
2017,E07000118,Chorley,22534,24864,42
2018,E07000118,Chorley,24349,27728,42
2019,E07000118,Chorley,25016,28035,44
2020,E07000118,Chorley,24989,27648,41
2021,E07000118,Chorley,25194,29453,46
2022,E07000118,Chorley,27874,30918,46
2023,E07000118,Chorley,30217,34294,40
2024,E07000118,Chorley,32846,36094,44
2025,E07000118,Chorley,33337,37899,52
2015,E07000048,Christchurch,22364,27328,14
2016,E07000048,Christchurch,,,
2017,E07000048,Christchurch,21297,27765,15
2015,E09000001,City of London,,,
2016,E09000001,City of London,,59935,
2017,E09000001,City of London,,70179,
2018,E09000001,City of London,,56829,
2019,E09000001,City of London,,,
2020,E09000001,City of London,,,
2021,E09000001,City of London,,,
2022,E09000001,City of London,,,
2023,E09000001,City of London,,,
2024,E09000001,City of London,,77069,
2025,E09000001,City of London,,73082,
2015,E07000071,Colchester,21653,27825,65
2016,E07000071,Colchester,22655,29835,62
2017,E07000071,Colchester,23103,27787,58
2018,E07000071,Colchester,23659,32774,60
2019,E07000071,Colchester,24448,33376,64
2020,E07000071,Colchester,25119,32480,65
2021,E07000071,Colchester,24295,30908,75
2022,E07000071,Colchester,27679,36775,68
2023,E07000071,Colchester,29972,40457,67
2024,E07000071,Colchester,31464,38636,81
2025,E07000071,Colchester,31589,38945,75
2015,W06000003,Conwy / Conwy,19722,23663,43
2016,W06000003,Conwy / Conwy,,24391,38
2017,W06000003,Conwy / Conwy,20242,23607,37
2018,W06000003,Conwy / Conwy,20452,22986,40
2019,W06000003,Conwy / Conwy,,24353,39
2020,W06000003,Conwy / Conwy,23165,26560,39
2021,W06000003,Conwy / Conwy,22699,25115,42
2022,W06000003,Conwy / Conwy,26929,29604,39
2023,W06000003,Conwy / Conwy,26190,29459,41
2024,W06000003,Conwy / Conwy,27022,32254,41
2025,W06000003,Conwy / Conwy,28113,33674,44
2015,E07000029,Copeland,29127,30455,23
2016,E07000029,Copeland,29191,31388,23
2017,E07000029,Copeland,,31973,22
2018,E07000029,Copeland,,31177,22
2019,E07000029,Copeland,26171,30487,27
2020,E07000029,Copeland,,35448,27
2021,E07000029,Copeland,32776,35908,27
2015,E07000150,Corby,19472,23113,25
2016,E07000150,Corby,18910,22459,24
2017,E07000150,Corby,20484,23531,24
2018,E07000150,Corby,20738,22986,27
2019,E07000150,Corby,22774,25235,25
2016,E06000052,Cornwall,19093,22022,158
2017,E06000052,Cornwall,19920,22679,155
2018,E06000052,Cornwall,20305,22887,164
2019,E06000052,Cornwall,20338,23229,170
2015,E06000052,Cornwall UA,18428,21185,158
2020,E06000052,Cornwall UA,20919,23822,161
2021,E06000052,Cornwall UA,21339,23898,163
2022,E06000052,Cornwall UA,24552,27198,169
2023,E06000052,Cornwall UA,26569,29375,170
2024,E06000052,Cornwall UA,27819,30900,175
2025,E06000052,Cornwall UA,28210,31433,180
2015,E07000079,Cotswold,,29519,28
2016,E07000079,Cotswold,21399,29512,28
2017,E07000079,Cotswold,,29997,28
2018,E07000079,Cotswold,22359,31025,30
2019,E07000079,Cotswold,24853,33153,31
2020,E07000079,Cotswold,26944,32926,31
2021,E07000079,Cotswold,22067,29686,31
2022,E07000079,Cotswold,27184,34534,28
2023,E07000079,Cotswold,29601,36074,28
2024,E07000079,Cotswold,31824,39411,31
2025,E07000079,Cotswold,32927,39671,32
2016,E06000047,County Durham,21996,24919,165
2017,E06000047,County Durham,22986,25720,173
2018,E06000047,County Durham,23158,26634,180
2019,E06000047,County Durham,24000,27614,175
2015,E06000047,County Durham UA,21448,24826,176
2020,E06000047,County Durham UA,24192,27504,160
2021,E06000047,County Durham UA,24245,27846,184
2022,E06000047,County Durham UA,25890,29450,175
2023,E06000047,County Durham UA,26642,30116,176
2024,E06000047,County Durham UA,28414,32517,176
2025,E06000047,County Durham UA,29718,32953,182
2015,E08000026,Coventry,21905,24372,111
2016,E08000026,Coventry,22116,25357,109
2017,E08000026,Coventry,23021,26400,107
2018,E08000026,Coventry,24296,27628,104
2019,E08000026,Coventry,24020,27739,106
2020,E08000026,Coventry,24645,28618,112
2021,E08000026,Coventry,25725,29447,111
2022,E08000026,Coventry,27738,32069,103
2023,E08000026,Coventry,29483,39800,109
2024,E08000026,Coventry,28853,33221,114
2025,E08000026,Coventry,33063,37224,115
2015,E07000163,Craven,20046,25463,18
2016,E07000163,Craven,18372,22188,19
2017,E07000163,Craven,17468,,18
2018,E07000163,Craven,,,19
2019,E07000163,Craven,18532,26063,18
2020,E07000163,Craven,20604,,18
2021,E07000163,Craven,19933,28699,21
2015,E07000226,Crawley,23166,27604,45
2016,E07000226,Crawley,24400,28280,41
2017,E07000226,Crawley,24216,27809,45
2018,E07000226,Crawley,24098,27167,43
2019,E07000226,Crawley,23786,27392,43
2020,E07000226,Crawley,28455,32925,41
2021,E07000226,Crawley,26673,31046,47
2022,E07000226,Crawley,30007,32924,42
2023,E07000226,Crawley,29316,34179,40
2024,E07000226,Crawley,33395,39327,44
2025,E07000226,Crawley,34225,40739,44
2015,E09000008,Croydon,26435,30228,113
2016,E09000008,Croydon,27897,31245,118
2017,E09000008,Croydon,28163,32921,120
2018,E09000008,Croydon,29299,34732,113
2019,E09000008,Croydon,30093,34714,130
2020,E09000008,Croydon,29372,35583,121
2021,E09000008,Croydon,32065,36934,131
2022,E09000008,Croydon,34034,38092,120
2023,E09000008,Croydon,36744,41830,124
2024,E09000008,Croydon,38033,42994,146
2025,E09000008,Croydon,38080,43961,144
2022,E06000063,Cumberland UA,25624,29957,98
2023,E06000063,Cumberland UA,29412,33063,105
2024,E06000063,Cumberland UA,31136,35528,105
2025,E06000063,Cumberland UA,33840,38801,114
2015,E10000006,Cumbria,20251,24028,183
2016,E10000006,Cumbria,21883,25586,183
2017,E10000006,Cumbria,21625,25702,182
2018,E10000006,Cumbria,22675,26942,184
2019,E10000006,Cumbria,24000,27828,192
2020,E10000006,Cumbria,26451,29988,188
2021,E10000006,Cumbria,25765,29419,184
2015,E07000096,Dacorum,25877,35611,56
2016,E07000096,Dacorum,26335,35702,59
2017,E07000096,Dacorum,27322,38143,54
2018,E07000096,Dacorum,27006,34227,53
2019,E07000096,Dacorum,28176,32428,54
2020,E07000096,Dacorum,29998,35992,50
2021,E07000096,Dacorum,27308,33023,63
2022,E07000096,Dacorum,30073,35157,52
2023,E07000096,Dacorum,33876,40816,52
2024,E07000096,Dacorum,32537,40654,54
2025,E07000096,Dacorum,36473,48213,54
2016,E06000005,Darlington,22580,26162,35
2017,E06000005,Darlington,22889,27006,36
2018,E06000005,Darlington,21867,26908,40
2019,E06000005,Darlington,23520,27827,39
2015,E06000005,Darlington UA,20659,24652,37
2020,E06000005,Darlington UA,24146,27869,37
2021,E06000005,Darlington UA,24784,28341,35
2022,E06000005,Darlington UA,25811,30217,39
2023,E06000005,Darlington UA,27338,30620,37
2024,E06000005,Darlington UA,27562,33417,36
2025,E06000005,Darlington UA,30100,35551,42
2015,E07000107,Dartford,26212,30785,39
2016,E07000107,Dartford,27622,29939,39
2017,E07000107,Dartford,27011,30403,41
2018,E07000107,Dartford,28763,32715,48
2019,E07000107,Dartford,29473,31878,40
2020,E07000107,Dartford,31959,34285,39
2021,E07000107,Dartford,29056,33112,44
2022,E07000107,Dartford,32171,35894,44
2023,E07000107,Dartford,32539,39422,43
2024,E07000107,Dartford,35029,41307,48
2025,E07000107,Dartford,36210,43786,49
2015,E07000151,Daventry,24604,31607,27
2016,E07000151,Daventry,24430,32144,28
2017,E07000151,Daventry,25760,32023,29
2018,E07000151,Daventry,26070,31238,28
2019,E07000151,Daventry,28278,36248,32
2015,W06000004,Denbighshire / Sir Ddinbych,19759,21039,30
2016,W06000004,Denbighshire / Sir Ddinbych,19738,21808,29
2017,W06000004,Denbighshire / Sir Ddinbych,20080,22741,28
2018,W06000004,Denbighshire / Sir Ddinbych,20367,22801,30
2019,W06000004,Denbighshire / Sir Ddinbych,20459,23914,30
2020,W06000004,Denbighshire / Sir Ddinbych,21009,24077,33
2021,W06000004,Denbighshire / Sir Ddinbych,22009,24056,28
2022,W06000004,Denbighshire / Sir Ddinbych,23537,25129,30
2023,W06000004,Denbighshire / Sir Ddinbych,23542,25516,31
2024,W06000004,Denbighshire / Sir Ddinbych,25226,28098,32
2025,W06000004,Denbighshire / Sir Ddinbych,26812,29976,38
2016,E06000015,Derby,24560,27232,79
2017,E06000015,Derby,24533,27609,76
2018,E06000015,Derby,26000,28529,81
2019,E06000015,Derby,25774,29285,80
2015,E06000015,Derby UA,23381,25752,89
2020,E06000015,Derby UA,26605,30473,79
2021,E06000015,Derby UA,26464,29223,79
2022,E06000015,Derby UA,26825,29594,77
2023,E06000015,Derby UA,28417,32014,79
2024,E06000015,Derby UA,30131,33934,88
2025,E06000015,Derby UA,30467,34719,90
2015,E10000007,Derbyshire,21039,24905,276
2016,E10000007,Derbyshire,22401,26624,259
2017,E10000007,Derbyshire,22541,26758,261
2018,E10000007,Derbyshire,22684,27376,284
2019,E10000007,Derbyshire,23670,27691,283
2020,E10000007,Derbyshire,25713,29691,268
2021,E10000007,Derbyshire,25225,29286,286
2022,E10000007,Derbyshire,26105,29923,285
2023,E10000007,Derbyshire,28167,32412,297
2024,E10000007,Derbyshire,30405,34040,315
2025,E10000007,Derbyshire,31694,36304,314
2015,E07000035,Derbyshire Dales,20764,26432,24
2016,E07000035,Derbyshire Dales,24084,29288,21
2017,E07000035,Derbyshire Dales,25175,31125,21
2018,E07000035,Derbyshire Dales,22677,31252,23
2019,E07000035,Derbyshire Dales,25407,30621,20
2020,E07000035,Derbyshire Dales,24736,32209,17
2021,E07000035,Derbyshire Dales,22365,30151,19
2022,E07000035,Derbyshire Dales,24872,28377,20
2023,E07000035,Derbyshire Dales,29467,34759,24
2024,E07000035,Derbyshire Dales,30645,34301,26
2025,E07000035,Derbyshire Dales,33700,35488,23
2015,E10000008,Devon,19907,22843,250
2016,E10000008,Devon,20499,23782,244
2017,E10000008,Devon,20577,23910,240
2018,E10000008,Devon,20792,24183,242
2019,E10000008,Devon,21542,25158,258
2020,E10000008,Devon,21741,25145,264
2021,E10000008,Devon,22346,25919,273
2022,E10000008,Devon,24733,27626,264
2023,E10000008,Devon,26256,29394,270
2024,E10000008,Devon,28316,31953,259
2025,E10000008,Devon,29640,32900,274
2015,E08000017,Doncaster,18820,22278,96
2016,E08000017,Doncaster,19749,23392,92
2017,E08000017,Doncaster,19643,23604,94
2018,E08000017,Doncaster,21294,24590,92
2019,E08000017,Doncaster,22631,25504,100
2020,E08000017,Doncaster,24603,28564,94
2021,E08000017,Doncaster,24884,27739,102
2022,E08000017,Doncaster,25215,30285,89
2023,E08000017,Doncaster,27448,31191,93
2024,E08000017,Doncaster,30186,34118,101
2025,E08000017,Doncaster,31119,33396,98
2015,E10000009,Dorset,20803,24573,140
2016,E10000009,Dorset,21018,24745,135
2017,E10000009,Dorset,21363,25266,139
2018,E06000059,Dorset,21526,25806,128
2019,E06000059,Dorset,22832,27039,126
2020,E06000059,Dorset UA,24799,28450,119
2021,E06000059,Dorset UA,24579,27433,136
2022,E06000059,Dorset UA,26504,30682,126
2023,E06000059,Dorset UA,28724,32771,125
2024,E06000059,Dorset UA,29709,32819,132
2025,E06000059,Dorset UA,31444,35349,126
2015,E07000108,Dover,,24041,
2016,E07000108,Dover,22412,25594,34
2017,E07000108,Dover,22457,25183,33
2018,E07000108,Dover,23593,27654,37
2019,E07000108,Dover,27108,31139,32
2020,E07000108,Dover,25548,32513,36
2021,E07000108,Dover,25463,30126,36
2022,E07000108,Dover,27809,34163,38
2023,E07000108,Dover,28494,32954,34
2024,E07000108,Dover,33352,36843,34
2025,E07000108,Dover,33704,37963,34
2015,E08000027,Dudley,21252,24256,117
2016,E08000027,Dudley,21689,25311,111
2017,E08000027,Dudley,22510,25557,112
2018,E08000027,Dudley,22510,25792,115
2019,E08000027,Dudley,24938,28111,108
2020,E08000027,Dudley,26544,30165,104
2021,E08000027,Dudley,25567,28323,108
2022,E08000027,Dudley,25986,29292,99
2023,E08000027,Dudley,27003,29827,95
2024,E08000027,Dudley,30191,32580,107
2025,E08000027,Dudley,30822,34571,123
2015,E09000009,Ealing,26402,32850,113
2016,E09000009,Ealing,27197,33269,112
2017,E09000009,Ealing,26847,33555,110
2018,E09000009,Ealing,27673,38361,113
2019,E09000009,Ealing,27892,37536,107
2020,E09000009,Ealing,31292,43320,111
2021,E09000009,Ealing,29676,41583,122
2022,E09000009,Ealing,30770,41479,108
2023,E09000009,Ealing,32701,45658,107
2024,E09000009,Ealing,36114,46917,112
2025,E09000009,Ealing,35665,45109,125
2015,E07000009,East Cambridgeshire,24148,,36
2016,E07000009,East Cambridgeshire,24422,,32
2017,E07000009,East Cambridgeshire,25211,32600,35
2018,E07000009,East Cambridgeshire,24885,30966,32
2019,E07000009,East Cambridgeshire,,33333,37
2020,E07000009,East Cambridgeshire,27240,34796,38
2021,E07000009,East Cambridgeshire,27093,33599,35
2022,E07000009,East Cambridgeshire,,36832,38
2023,E07000009,East Cambridgeshire,,37460,37
2024,E07000009,East Cambridgeshire,33204,45988,39
2025,E07000009,East Cambridgeshire,34311,50562,41
2015,E07000040,East Devon,21303,24251,41
2016,E07000040,East Devon,22406,26430,39
2017,E07000040,East Devon,21793,25577,37
2018,E07000040,East Devon,21728,25979,42
2019,E07000040,East Devon,22284,26983,43
2020,E07000040,East Devon,,25693,43
2021,E07000040,East Devon,23551,28091,48
2022,E07000040,East Devon,,31043,45
2023,E07000040,East Devon,27668,32433,45
2024,E07000040,East Devon,29914,35657,40
2025,E07000040,East Devon,32154,35950,46
2015,E07000049,East Dorset,22961,27128,26
2016,E07000049,East Dorset,20684,25075,28
2017,E07000049,East Dorset,,28009,29
2015,E07000085,East Hampshire,24739,34443,40
2016,E07000085,East Hampshire,27328,36490,43
2017,E07000085,East Hampshire,28986,37729,40
2018,E07000085,East Hampshire,29632,40919,40
2019,E07000085,East Hampshire,28138,42409,42
2020,E07000085,East Hampshire,30079,36732,48
2021,E07000085,East Hampshire,29212,38452,59
2022,E07000085,East Hampshire,30858,36710,51
2023,E07000085,East Hampshire,33074,40586,48
2024,E07000085,East Hampshire,35162,,52
2025,E07000085,East Hampshire,39682,,51
2015,E07000242,East Hertfordshire,27505,40360,61
2016,E07000242,East Hertfordshire,28874,34913,57
2017,E07000242,East Hertfordshire,28083,34636,57
2018,E07000242,East Hertfordshire,29992,45546,60
2019,E07000242,East Hertfordshire,32821,48906,57
2020,E07000242,East Hertfordshire,33055,44177,52
2021,E07000242,East Hertfordshire,30454,42428,61
2022,E07000242,East Hertfordshire,34861,50990,51
2023,E07000242,East Hertfordshire,41003,53495,52
2024,E07000242,East Hertfordshire,39455,54502,60
2025,E07000242,East Hertfordshire,44154,,60
2015,E07000137,East Lindsey,20995,23926,36
2016,E07000137,East Lindsey,20654,23406,34
2017,E07000137,East Lindsey,21130,24314,32
2018,E07000137,East Lindsey,20989,23634,37
2019,E07000137,East Lindsey,21054,23592,39
2020,E07000137,East Lindsey,21134,22854,41
2021,E07000137,East Lindsey,20159,22635,48
2022,E07000137,East Lindsey,23736,27788,41
2023,E07000137,East Lindsey,26029,29280,41
2024,E07000137,East Lindsey,25462,29263,35
2025,E07000137,East Lindsey,26705,29720,40
2015,E07000152,East Northamptonshire,24791,28960,37
2016,E07000152,East Northamptonshire,26079,29358,37
2017,E07000152,East Northamptonshire,26118,28893,40
2018,E07000152,East Northamptonshire,26719,32021,36
2019,E07000152,East Northamptonshire,26775,30629,35
2016,E06000011,East Riding of Yorkshire,21865,25920,122
2017,E06000011,East Riding of Yorkshire,22147,26063,115
2018,E06000011,East Riding of Yorkshire,22553,,120
2019,E06000011,East Riding of Yorkshire,24413,29810,125
2015,E06000011,East Riding of Yorkshire UA,20999,25896,121
2020,E06000011,East Riding of Yorkshire UA,25623,29542,124
2021,E06000011,East Riding of Yorkshire UA,25427,28856,136
2022,E06000011,East Riding of Yorkshire UA,28253,31121,120
2023,E06000011,East Riding of Yorkshire UA,29216,32122,122
2024,E06000011,East Riding of Yorkshire UA,31674,36852,126
2025,E06000011,East Riding of Yorkshire UA,31881,37220,135
2015,E07000193,East Staffordshire,19284,24284,46
2016,E07000193,East Staffordshire,19795,24067,39
2017,E07000193,East Staffordshire,21311,24656,38
2018,E07000193,East Staffordshire,21429,26344,41
2019,E07000193,East Staffordshire,,27831,43
2020,E07000193,East Staffordshire,25866,28792,42
2021,E07000193,East Staffordshire,23778,26823,44
2022,E07000193,East Staffordshire,26817,31105,44
2023,E07000193,East Staffordshire,28200,32500,43
2024,E07000193,East Staffordshire,31034,36198,45
2025,E07000193,East Staffordshire,31517,36148,45
2018,E07000244,East Suffolk,22649,26391,81
2019,E07000244,East Suffolk,23288,28396,80
2020,E07000244,East Suffolk,25072,28860,86
2021,E07000244,East Suffolk,23359,26540,87
2022,E07000244,East Suffolk,25054,28739,91
2023,E07000244,East Suffolk,28739,31634,86
2024,E07000244,East Suffolk,29350,32248,87
2025,E07000244,East Suffolk,30261,34796,91
2015,E10000011,East Sussex,20941,26602,165
2016,E10000011,East Sussex,20609,26365,166
2017,E10000011,East Sussex,21411,26596,162
2018,E10000011,East Sussex,21946,26833,155
2019,E10000011,East Sussex,22934,28504,158
2020,E10000011,East Sussex,24493,29849,168
2021,E10000011,East Sussex,24046,29514,195
2022,E10000011,East Sussex,25513,31485,177
2023,E10000011,East Sussex,26118,31955,167
2024,E10000011,East Sussex,29907,34580,182
2025,E10000011,East Sussex,31896,38048,182
2015,E07000061,Eastbourne,20178,23055,32
2016,E07000061,Eastbourne,19557,24221,32
2017,E07000061,Eastbourne,20483,23356,31
2018,E07000061,Eastbourne,22840,26181,30
2019,E07000061,Eastbourne,23352,26229,29
2020,E07000061,Eastbourne,24153,29145,29
2021,E07000061,Eastbourne,23627,27493,33
2022,E07000061,Eastbourne,25334,28454,34
2023,E07000061,Eastbourne,28390,33542,32
2024,E07000061,Eastbourne,30405,34088,35
2025,E07000061,Eastbourne,31199,35208,34
2015,E07000086,Eastleigh,23168,27804,55
2016,E07000086,Eastleigh,24486,28786,50
2017,E07000086,Eastleigh,23834,29114,54
2018,E07000086,Eastleigh,23308,28543,54
2019,E07000086,Eastleigh,24953,30765,55
2020,E07000086,Eastleigh,27361,31828,70
2021,E07000086,Eastleigh,28822,31869,70
2022,E07000086,Eastleigh,30086,32885,61
2023,E07000086,Eastleigh,31093,35260,63
2024,E07000086,Eastleigh,33129,38894,63
2025,E07000086,Eastleigh,34474,42934,68
2015,E07000030,Eden,17712,20724,18
2016,E07000030,Eden,17575,20404,18
2017,E07000030,Eden,20294,22592,18
2018,E07000030,Eden,,22359,18
2019,E07000030,Eden,20925,23082,19
2020,E07000030,Eden,24876,25371,20
2021,E07000030,Eden,22117,24580,19
2015,E07000207,Elmbridge,30166,41761,47
2016,E07000207,Elmbridge,32371,45885,45
2017,E07000207,Elmbridge,30000,43130,47
2018,E07000207,Elmbridge,34003,47817,43
2019,E07000207,Elmbridge,37217,58516,47
2020,E07000207,Elmbridge,30177,,48
2021,E07000207,Elmbridge,32836,,48
2022,E07000207,Elmbridge,33068,,45
2023,E07000207,Elmbridge,38338,,47
2024,E07000207,Elmbridge,42502,,46
2025,E07000207,Elmbridge,42607,79026,48
2015,E09000010,Enfield,24577,30063,95
2016,E09000010,Enfield,25818,30335,88
2017,E09000010,Enfield,25270,31123,90
2018,E09000010,Enfield,26000,31556,88
2019,E09000010,Enfield,25951,32418,88
2020,E09000010,Enfield,26060,31894,96
2021,E09000010,Enfield,27519,32481,94
2022,E09000010,Enfield,29491,34225,85
2023,E09000010,Enfield,30865,40112,87
2024,E09000010,Enfield,35383,41585,99
2025,E09000010,Enfield,34962,42206,102
2015,E07000072,Epping Forest,27904,34456,40
2016,E07000072,Epping Forest,26237,37681,41
2017,E07000072,Epping Forest,27300,38663,42
2018,E07000072,Epping Forest,27985,35185,43
2019,E07000072,Epping Forest,27296,34549,41
2020,E07000072,Epping Forest,28707,34849,45
2021,E07000072,Epping Forest,28709,35561,42
2022,E07000072,Epping Forest,31639,41382,38
2023,E07000072,Epping Forest,32848,46379,41
2024,E07000072,Epping Forest,36117,49296,48
2025,E07000072,Epping Forest,38171,51841,49
2015,E07000208,Epsom and Ewell,28669,35875,30
2016,E07000208,Epsom and Ewell,28340,36990,32
2017,E07000208,Epsom and Ewell,32128,42953,31
2018,E07000208,Epsom and Ewell,30696,,31
2019,E07000208,Epsom and Ewell,,,31
2020,E07000208,Epsom and Ewell,27991,34595,30
2021,E07000208,Epsom and Ewell,29545,33835,33
2022,E07000208,Epsom and Ewell,,,
2023,E07000208,Epsom and Ewell,36874,44658,32
2024,E07000208,Epsom and Ewell,40015,47734,31
2025,E07000208,Epsom and Ewell,43006,56209,32
2015,E07000036,Erewash,22144,24911,43
2016,E07000036,Erewash,22676,25691,41
2017,E07000036,Erewash,22241,25443,43
2018,E07000036,Erewash,22628,25772,43
2019,E07000036,Erewash,22992,26612,43
2020,E07000036,Erewash,25382,29699,42
2021,E07000036,Erewash,26220,29901,46
2022,E07000036,Erewash,28023,32161,42
2023,E07000036,Erewash,30181,32547,43
2024,E07000036,Erewash,30716,33141,41
2025,E07000036,Erewash,31673,33391,44
2015,E10000012,Essex,23922,30465,497
2016,E10000012,Essex,24833,32287,477
2017,E10000012,Essex,25435,32639,468
2018,E10000012,Essex,25880,33104,479
2019,E10000012,Essex,26328,33456,482
2020,E10000012,Essex,26477,33666,494
2021,E10000012,Essex,26994,34069,506
2022,E10000012,Essex,29094,37059,459
2023,E10000012,Essex,30553,40017,457
2024,E10000012,Essex,33808,42491,521
2025,E10000012,Essex,34685,44680,534
2015,E07000041,Exeter,20055,23138,45
2016,E07000041,Exeter,21005,24879,44
2017,E07000041,Exeter,21049,23722,42
2018,E07000041,Exeter,21367,24395,40
2019,E07000041,Exeter,23369,26433,46
2020,E07000041,Exeter,22176,25986,50
2021,E07000041,Exeter,23340,26728,48
2022,E07000041,Exeter,25425,29130,48
2023,E07000041,Exeter,26294,30123,49
2024,E07000041,Exeter,27786,33626,44
2025,E07000041,Exeter,29531,32967,54
2015,E07000087,Fareham,26161,29538,46
2016,E07000087,Fareham,26837,29859,44
2017,E07000087,Fareham,27060,30946,46
2018,E07000087,Fareham,27033,33102,43
2019,E07000087,Fareham,28148,36280,41
2020,E07000087,Fareham,27785,32588,49
2021,E07000087,Fareham,,35160,50
2022,E07000087,Fareham,30580,35013,40
2023,E07000087,Fareham,,37907,
2024,E07000087,Fareham,35497,42335,46
2025,E07000087,Fareham,38851,46340,44
2015,E07000010,Fenland,20554,24154,33
2016,E07000010,Fenland,21612,24198,33
2017,E07000010,Fenland,22244,25630,36
2018,E07000010,Fenland,21914,25799,37
2019,E07000010,Fenland,22511,26545,36
2020,E07000010,Fenland,24024,25824,36
2021,E07000010,Fenland,23509,26238,38
2022,E07000010,Fenland,26513,29372,39
2023,E07000010,Fenland,,31589,37
2024,E07000010,Fenland,31911,32998,39
2025,E07000010,Fenland,30125,33476,40
2015,W06000005,Flintshire / Sir y Fflint,21164,23878,57
2016,W06000005,Flintshire / Sir y Fflint,22688,25139,57
2017,W06000005,Flintshire / Sir y Fflint,21524,24682,53
2018,W06000005,Flintshire / Sir y Fflint,21631,25172,56
2019,W06000005,Flintshire / Sir y Fflint,22783,26259,62
2020,W06000005,Flintshire / Sir y Fflint,23989,29834,63
2021,W06000005,Flintshire / Sir y Fflint,24829,32620,59
2022,W06000005,Flintshire / Sir y Fflint,27926,33263,55
2023,W06000005,Flintshire / Sir y Fflint,28291,31176,56
2024,W06000005,Flintshire / Sir y Fflint,30594,33982,57
2025,W06000005,Flintshire / Sir y Fflint,32675,36407,59
2017,E07000112,Folkestone and Hythe,22991,27648,33
2018,E07000112,Folkestone and Hythe,22629,26383,35
2019,E07000112,Folkestone and Hythe,25967,29604,35
2020,E07000112,Folkestone and Hythe,24390,28574,33
2021,E07000112,Folkestone and Hythe,26078,29282,37
2022,E07000112,Folkestone and Hythe,28378,31889,38
2023,E07000112,Folkestone and Hythe,,31199,
2024,E07000112,Folkestone and Hythe,32877,34623,35
2025,E07000112,Folkestone and Hythe,33355,36868,36
2015,E07000201,Forest Heath,,22988,19
2016,E07000201,Forest Heath,20300,23217,19
2017,E07000201,Forest Heath,21551,30893,20
2015,E07000080,Forest of Dean,20796,25796,26
2016,E07000080,Forest of Dean,,26181,26
2017,E07000080,Forest of Dean,21489,27517,25
2018,E07000080,Forest of Dean,22088,26008,27
2019,E07000080,Forest of Dean,,28293,27
2020,E07000080,Forest of Dean,23649,28959,25
2021,E07000080,Forest of Dean,23576,29455,27
2022,E07000080,Forest of Dean,30174,32964,24
2023,E07000080,Forest of Dean,31201,32977,29
2024,E07000080,Forest of Dean,31839,33098,24
2025,E07000080,Forest of Dean,36589,37511,28
2015,E07000119,Fylde,20904,28386,24
2016,E07000119,Fylde,22241,28212,24
2017,E07000119,Fylde,24096,27890,22
2018,E07000119,Fylde,26437,32034,28
2019,E07000119,Fylde,27608,33921,27
2020,E07000119,Fylde,27093,32437,25
2021,E07000119,Fylde,26863,31021,29
2022,E07000119,Fylde,27535,30964,27
2023,E07000119,Fylde,33693,39556,27
2024,E07000119,Fylde,33230,39538,23
2025,E07000119,Fylde,36020,43029,28
2015,E08000037,Gateshead,21498,24486,75
2016,E08000037,Gateshead,21306,24213,75
2017,E08000037,Gateshead,21085,23971,76
2018,E08000037,Gateshead,21560,24462,76
2019,E08000037,Gateshead,22259,25795,73
2020,E08000037,Gateshead,22601,26233,62
2021,E08000037,Gateshead,23263,27157,65
2022,E08000037,Gateshead,25036,28630,70
2023,E08000037,Gateshead,26479,30032,70
2024,E08000037,Gateshead,27490,30106,67
2025,E08000037,Gateshead,29494,32445,68
2015,E07000173,Gedling,22164,26043,42
2016,E07000173,Gedling,22023,27479,40
2017,E07000173,Gedling,23371,27058,39
2018,E07000173,Gedling,23731,29166,42
2019,E07000173,Gedling,22608,29376,41
2020,E07000173,Gedling,23150,26543,44
2021,E07000173,Gedling,23215,26687,41
2022,E07000173,Gedling,24783,28250,40
2023,E07000173,Gedling,26317,30775,43
2024,E07000173,Gedling,28072,32910,43
2025,E07000173,Gedling,30051,35243,48
2015,E07000081,Gloucester,20758,23739,50
2016,E07000081,Gloucester,21689,24638,49
2017,E07000081,Gloucester,21242,24385,51
2018,E07000081,Gloucester,22897,25840,51
2019,E07000081,Gloucester,22760,26298,53
2020,E07000081,Gloucester,23311,26315,39
2021,E07000081,Gloucester,23649,26681,48
2022,E07000081,Gloucester,25811,30489,43
2023,E07000081,Gloucester,27144,32275,51
2024,E07000081,Gloucester,29401,32684,51
2025,E07000081,Gloucester,30455,32734,53
2015,E10000013,Gloucestershire,22251,27555,225
2016,E10000013,Gloucestershire,23144,27658,226
2017,E10000013,Gloucestershire,23244,27859,225
2018,E10000013,Gloucestershire,23969,29457,235
2019,E10000013,Gloucestershire,24701,30168,232
2020,E10000013,Gloucestershire,25529,29945,205
2021,E10000013,Gloucestershire,25725,30137,229
2022,E10000013,Gloucestershire,28785,34421,209
2023,E10000013,Gloucestershire,29688,34298,227
2024,E10000013,Gloucestershire,31216,35899,231
2025,E10000013,Gloucestershire,32953,37104,241
2015,E07000088,Gosport,22427,24996,30
2016,E07000088,Gosport,21650,25734,31
2017,E07000088,Gosport,23982,26370,31
2018,E07000088,Gosport,22206,25507,33
2019,E07000088,Gosport,23800,28158,28
2020,E07000088,Gosport,25311,29014,32
2021,E07000088,Gosport,26464,29375,39
2022,E07000088,Gosport,26644,29813,35
2023,E07000088,Gosport,29115,31641,35
2024,E07000088,Gosport,31770,33332,34
2025,E07000088,Gosport,34256,36257,36
2015,E07000109,Gravesham,23018,26682,37
2016,E07000109,Gravesham,23409,26908,37
2017,E07000109,Gravesham,22467,27382,40
2018,E07000109,Gravesham,23423,28460,38
2019,E07000109,Gravesham,25639,31625,36
2020,E07000109,Gravesham,26446,35483,37
2021,E07000109,Gravesham,27368,30677,37
2022,E07000109,Gravesham,29641,33338,36
2023,E07000109,Gravesham,,36684,35
2024,E07000109,Gravesham,30996,35194,38
2025,E07000109,Gravesham,35065,40172,36
2015,E07000145,Great Yarmouth,17445,20988,33
2016,E07000145,Great Yarmouth,18502,22077,30
2017,E07000145,Great Yarmouth,17414,21527,28
2018,E07000145,Great Yarmouth,,21918,
2019,E07000145,Great Yarmouth,19882,23673,28
2020,E07000145,Great Yarmouth,21414,25621,32
2021,E07000145,Great Yarmouth,22283,25303,38
2022,E07000145,Great Yarmouth,26172,27481,31
2023,E07000145,Great Yarmouth,26867,29071,33
2024,E07000145,Great Yarmouth,28180,31242,30
2025,E07000145,Great Yarmouth,28808,31828,35
2015,E09000011,Greenwich,28000,37411,82
2016,E09000011,Greenwich,28860,38421,80
2017,E09000011,Greenwich,28078,37747,81
2018,E09000011,Greenwich,30923,41664,89
2019,E09000011,Greenwich,31117,41542,84
2020,E09000011,Greenwich,32186,43108,81
2021,E09000011,Greenwich,31116,39884,90
2022,E09000011,Greenwich,34562,41073,82
2023,E09000011,Greenwich,37133,45790,76
2024,E09000011,Greenwich,39790,47685,91
2025,E09000011,Greenwich,39984,,107
2015,E07000209,Guildford,28494,38104,50
2016,E07000209,Guildford,29110,34517,53
2017,E07000209,Guildford,31250,39750,54
2018,E07000209,Guildford,31319,39178,51
2019,E07000209,Guildford,34430,45014,51
2020,E07000209,Guildford,32832,43256,52
2021,E07000209,Guildford,32518,41792,57
2022,E07000209,Guildford,37942,48579,55
2023,E07000209,Guildford,,48061,47
2024,E07000209,Guildford,37848,,52
2025,E07000209,Guildford,39985,54626,57
2015,W06000002,Gwynedd / Gwynedd,17804,21258,39
2016,W06000002,Gwynedd / Gwynedd,17201,21373,37
2017,W06000002,Gwynedd / Gwynedd,18784,22086,36
2018,W06000002,Gwynedd / Gwynedd,19084,22021,38
2019,W06000002,Gwynedd / Gwynedd,20281,23468,34
2020,W06000002,Gwynedd / Gwynedd,21525,24192,32
2021,W06000002,Gwynedd / Gwynedd,19875,23116,40
2022,W06000002,Gwynedd / Gwynedd,22545,26376,35
2023,W06000002,Gwynedd / Gwynedd,24209,27336,38
2024,W06000002,Gwynedd / Gwynedd,24186,28172,36
2025,W06000002,Gwynedd / Gwynedd,25179,29318,43
2015,E09000012,Hackney,28739,32460,74
2016,E09000012,Hackney,28847,33134,72
2017,E09000012,Hackney,30016,37259,81
2018,E09000012,Hackney,29351,34129,77
2019,E09000012,Hackney,28790,36493,79
2020,E09000012,Hackney,31045,38984,82
2021,E09000012,Hackney,29775,39182,83
2022,E09000012,Hackney,,45631,77
2023,E09000012,Hackney,34589,47846,72
2024,E09000012,Hackney,39211,50557,87
2025,E09000012,Hackney,40237,51030,88
2016,E06000006,Halton,21537,25707,45
2017,E06000006,Halton,21426,25530,46
2018,E06000006,Halton,21958,26328,44
2019,E06000006,Halton,22695,26308,45
2015,E06000006,Halton UA,21350,25105,46
2020,E06000006,Halton UA,24019,29333,42
2021,E06000006,Halton UA,23583,27796,51
2022,E06000006,Halton UA,25870,29988,42
2023,E06000006,Halton UA,,30662,44
2024,E06000006,Halton UA,29989,33926,45
2025,E06000006,Halton UA,29819,34637,50
2015,E07000164,Hambleton,19342,24840,26
2016,E07000164,Hambleton,21531,26099,27
2017,E07000164,Hambleton,21881,28175,27
2018,E07000164,Hambleton,22529,27639,25
2019,E07000164,Hambleton,23790,30023,27
2020,E07000164,Hambleton,24110,27876,27
2021,E07000164,Hambleton,22875,27713,27
2015,E09000013,Hammersmith and Fulham,34438,45028,52
2016,E09000013,Hammersmith and Fulham,34685,48029,54
2017,E09000013,Hammersmith and Fulham,35995,54037,59
2018,E09000013,Hammersmith and Fulham,35983,52965,61
2019,E09000013,Hammersmith and Fulham,38799,51795,60
2020,E09000013,Hammersmith and Fulham,37296,53868,62
2021,E09000013,Hammersmith and Fulham,37618,,63
2022,E09000013,Hammersmith and Fulham,37925,53845,56
2023,E09000013,Hammersmith and Fulham,42118,57873,53
2024,E09000013,Hammersmith and Fulham,44025,58712,59
2025,E09000013,Hammersmith and Fulham,42811,68907,63
2015,E10000014,Hampshire,24894,30215,508
2016,E10000014,Hampshire,25684,31256,499
2017,E10000014,Hampshire,26230,33027,526
2018,E10000014,Hampshire,26521,33420,515
2019,E10000014,Hampshire,26717,33505,510
2020,E10000014,Hampshire,28268,33432,586
2021,E10000014,Hampshire,28607,33637,624
2022,E10000014,Hampshire,30223,35629,551
2023,E10000014,Hampshire,32289,37617,551
2024,E10000014,Hampshire,34405,42043,580
2025,E10000014,Hampshire,35693,45140,590
2015,E07000131,Harborough,,31542,33
2016,E07000131,Harborough,27604,37807,32
2017,E07000131,Harborough,27267,36046,28
2018,E07000131,Harborough,26362,33651,31
2019,E07000131,Harborough,,34743,34
2020,E07000131,Harborough,29800,34546,30
2021,E07000131,Harborough,28776,33315,38
2022,E07000131,Harborough,28055,38323,36
2023,E07000131,Harborough,29667,37962,36
2024,E07000131,Harborough,32446,42108,31
2025,E07000131,Harborough,34321,42732,42
2015,E09000014,Haringey,27082,33156,73
2016,E09000014,Haringey,26477,31413,75
2017,E09000014,Haringey,28698,34994,76
2018,E09000014,Haringey,28294,35201,81
2019,E09000014,Haringey,29165,36078,80
2020,E09000014,Haringey,30377,35455,79
2021,E09000014,Haringey,28742,34727,82
2022,E09000014,Haringey,34241,41400,65
2023,E09000014,Haringey,34278,42374,72
2024,E09000014,Haringey,38385,45567,75
2025,E09000014,Haringey,37563,44993,85
2015,E07000073,Harlow,,26050,27
2016,E07000073,Harlow,22886,27342,28
2017,E07000073,Harlow,24206,29364,27
2018,E07000073,Harlow,24229,28669,27
2019,E07000073,Harlow,23508,27359,27
2020,E07000073,Harlow,24012,28571,27
2021,E07000073,Harlow,24865,27823,33
2022,E07000073,Harlow,27606,29478,30
2023,E07000073,Harlow,27343,31339,28
2024,E07000073,Harlow,31317,34467,32
2025,E07000073,Harlow,30654,37267,30
2015,E07000165,Harrogate,21843,27161,49
2016,E07000165,Harrogate,22724,28437,52
2017,E07000165,Harrogate,23167,,52
2018,E07000165,Harrogate,24343,32191,51
2019,E07000165,Harrogate,27021,33970,56
2020,E07000165,Harrogate,26013,34329,55
2021,E07000165,Harrogate,27458,34653,66
2015,E09000015,Harrow,26753,31991,75
2016,E09000015,Harrow,27487,32930,76
2017,E09000015,Harrow,27969,34631,75
2018,E09000015,Harrow,27736,35683,79
2019,E09000015,Harrow,29599,36540,79
2020,E09000015,Harrow,32449,40786,82
2021,E09000015,Harrow,30979,37542,77
2022,E09000015,Harrow,32225,37397,70
2023,E09000015,Harrow,,39391,68
2024,E09000015,Harrow,33499,41333,76
2025,E09000015,Harrow,36000,51059,88
2015,E07000089,Hart,31405,40061,33
2016,E07000089,Hart,28214,35179,32
2017,E07000089,Hart,28601,38211,36
2018,E07000089,Hart,29749,41808,37
2019,E07000089,Hart,,40968,40
2020,E07000089,Hart,31309,38429,35
2021,E07000089,Hart,30943,40750,37
2022,E07000089,Hart,36253,44400,37
2023,E07000089,Hart,37744,44697,41
2024,E07000089,Hart,41472,46312,45
2025,E07000089,Hart,39341,49445,45
2016,E06000001,Hartlepool,22160,24872,31
2017,E06000001,Hartlepool,22971,25066,34
2018,E06000001,Hartlepool,22322,25985,34
2019,E06000001,Hartlepool,22890,25395,36
2015,E06000001,Hartlepool UA,21855,24777,30
2020,E06000001,Hartlepool UA,22965,25546,28
2021,E06000001,Hartlepool UA,24421,25368,32
2022,E06000001,Hartlepool UA,23888,25479,30
2023,E06000001,Hartlepool UA,25677,28851,30
2024,E06000001,Hartlepool UA,27504,30441,27
2025,E06000001,Hartlepool UA,28830,30428,30
2015,E07000062,Hastings,19946,21868,31
2016,E07000062,Hastings,19304,21294,30
2017,E07000062,Hastings,19904,23520,31
2018,E07000062,Hastings,20121,22645,29
2019,E07000062,Hastings,20787,22767,31
2020,E07000062,Hastings,22025,23927,30
2021,E07000062,Hastings,22988,25024,37
2022,E07000062,Hastings,24631,28245,33
2023,E07000062,Hastings,25859,26848,29
2024,E07000062,Hastings,27221,29151,33
2025,E07000062,Hastings,29323,30899,32
2015,E07000090,Havant,22851,25997,41
2016,E07000090,Havant,22949,27358,40
2017,E07000090,Havant,24137,29427,46
2018,E07000090,Havant,23892,27619,43
2019,E07000090,Havant,24514,27339,45
2020,E07000090,Havant,23494,27121,54
2021,E07000090,Havant,24526,28284,50
2022,E07000090,Havant,25570,29936,44
2023,E07000090,Havant,27634,32336,42
2024,E07000090,Havant,29788,34067,42
2025,E07000090,Havant,30819,35925,40
2015,E09000016,Havering,27028,32505,85
2016,E09000016,Havering,28106,34617,84
2017,E09000016,Havering,28826,32410,81
2018,E09000016,Havering,27633,32382,83
2019,E09000016,Havering,29154,35544,86
2020,E09000016,Havering,31013,36315,80
2021,E09000016,Havering,30587,36093,88
2022,E09000016,Havering,31469,36138,78
2023,E09000016,Havering,35406,40547,76
2024,E09000016,Havering,38905,42871,86
2025,E09000016,Havering,40726,45725,90
2016,E06000019,Herefordshire,19346,25348,65
2017,E06000019,Herefordshire,19582,22636,61
2018,E06000019,Herefordshire,20003,24950,61
2019,E06000019,Herefordshire,21677,25787,63
2015,E06000019,Herefordshire UA,18269,23411,64
2020,E06000019,Herefordshire UA,22632,26175,57
2021,E06000019,Herefordshire UA,22094,26043,67
2022,E06000019,Herefordshire UA,23705,27364,69
2023,E06000019,Herefordshire UA,26588,29549,66
2024,E06000019,Herefordshire UA,28553,31286,67
2025,E06000019,Herefordshire UA,29361,33451,72
2015,E10000015,Hertfordshire,27049,34903,438
2016,E10000015,Hertfordshire,27494,35322,420
2017,E10000015,Hertfordshire,28421,36553,416
2018,E10000015,Hertfordshire,29043,38789,438
2019,E10000015,Hertfordshire,29350,37567,419
2020,E10000015,Hertfordshire,31845,40112,387
2021,E10000015,Hertfordshire,28928,36560,464
2022,E10000015,Hertfordshire,32317,41472,400
2023,E10000015,Hertfordshire,34855,44378,405
2024,E10000015,Hertfordshire,36624,48063,418
2025,E10000015,Hertfordshire,39949,54231,439
2015,E07000098,Hertsmere,24031,35865,34
2016,E07000098,Hertsmere,25355,32741,31
2017,E07000098,Hertsmere,24287,32816,34
2018,E07000098,Hertsmere,29652,38523,35
2019,E07000098,Hertsmere,29730,38082,37
2020,E07000098,Hertsmere,31635,36214,33
2021,E07000098,Hertsmere,26391,31771,32
2022,E07000098,Hertsmere,27969,32225,33
2023,E07000098,Hertsmere,,40103,
2024,E07000098,Hertsmere,36947,48258,33
2025,E07000098,Hertsmere,36159,54508,35
2015,E07000037,High Peak,20376,23842,35
2016,E07000037,High Peak,22492,26339,30
2017,E07000037,High Peak,23678,29711,30
2018,E07000037,High Peak,22248,25908,36
2019,E07000037,High Peak,23044,24887,35
2020,E07000037,High Peak,23959,29160,30
2021,E07000037,High Peak,23623,27501,31
2022,E07000037,High Peak,25887,30584,32
2023,E07000037,High Peak,30429,35438,33
2024,E07000037,High Peak,29870,35387,35
2025,E07000037,High Peak,32258,38718,36
2015,E09000017,Hillingdon,26603,31873,90
2016,E09000017,Hillingdon,27456,31962,92
2017,E09000017,Hillingdon,27085,30186,92
2018,E09000017,Hillingdon,26433,30167,90
2019,E09000017,Hillingdon,28305,31801,87
2020,E09000017,Hillingdon,29525,33146,91
2021,E09000017,Hillingdon,30815,34732,104
2022,E09000017,Hillingdon,34128,37605,88
2023,E09000017,Hillingdon,37444,41731,90
2024,E09000017,Hillingdon,34972,40678,93
2025,E09000017,Hillingdon,36429,47268,107
2015,E07000132,Hinckley and Bosworth,22019,24997,45
2016,E07000132,Hinckley and Bosworth,22071,26081,45
2017,E07000132,Hinckley and Bosworth,22383,25913,43
2018,E07000132,Hinckley and Bosworth,22849,25750,44
2019,E07000132,Hinckley and Bosworth,23554,27561,
2020,E07000132,Hinckley and Bosworth,25888,29442,40
2021,E07000132,Hinckley and Bosworth,26220,28988,47
2022,E07000132,Hinckley and Bosworth,27320,29416,42
2023,E07000132,Hinckley and Bosworth,30454,33045,45
2024,E07000132,Hinckley and Bosworth,29861,32476,48
2025,E07000132,Hinckley and Bosworth,31591,34419,47
2015,E07000227,Horsham,,34459,51
2016,E07000227,Horsham,26415,32859,54
2017,E07000227,Horsham,23675,33491,54
2018,E07000227,Horsham,25662,35637,49
2019,E07000227,Horsham,26122,36619,49
2020,E07000227,Horsham,25846,34408,50
2021,E07000227,Horsham,25787,33426,55
2022,E07000227,Horsham,29189,36168,50
2023,E07000227,Horsham,31984,38164,49
2024,E07000227,Horsham,35195,41609,56
2025,E07000227,Horsham,36448,43523,59
2015,E09000018,Hounslow,25528,30506,81
2016,E09000018,Hounslow,26797,34086,87
2017,E09000018,Hounslow,26474,34847,86
2018,E09000018,Hounslow,27564,32699,86
2019,E09000018,Hounslow,29931,34684,82
2020,E09000018,Hounslow,29279,36351,83
2021,E09000018,Hounslow,26840,34119,89
2022,E09000018,Hounslow,31333,38015,85
2023,E09000018,Hounslow,32282,37796,88
2024,E09000018,Hounslow,33507,40253,85
2025,E09000018,Hounslow,35301,42735,97
2015,E07000011,Huntingdonshire,24556,28785,74
2016,E07000011,Huntingdonshire,25372,28825,78
2017,E07000011,Huntingdonshire,26819,30312,71
2018,E07000011,Huntingdonshire,27589,33158,71
2019,E07000011,Huntingdonshire,27771,32074,71
2020,E07000011,Huntingdonshire,28715,33873,75
2021,E07000011,Huntingdonshire,28246,30998,74
2022,E07000011,Huntingdonshire,29126,32613,74
2023,E07000011,Huntingdonshire,30842,34009,76
2024,E07000011,Huntingdonshire,33215,36788,79
2025,E07000011,Huntingdonshire,33375,39695,80
2015,E07000120,Hyndburn,19867,22424,26
2016,E07000120,Hyndburn,20259,22999,26
2017,E07000120,Hyndburn,19570,23355,25
2018,E07000120,Hyndburn,20522,25439,27
2019,E07000120,Hyndburn,22725,26414,27
2020,E07000120,Hyndburn,22472,25392,25
2021,E07000120,Hyndburn,23128,25955,27
2022,E07000120,Hyndburn,23806,29911,28
2023,E07000120,Hyndburn,27427,30734,26
2024,E07000120,Hyndburn,29525,31151,27
2025,E07000120,Hyndburn,29647,32347,27
2015,E07000202,Ipswich,20132,23359,58
2016,E07000202,Ipswich,20876,23891,59
2017,E07000202,Ipswich,20740,26225,56
2018,E07000202,Ipswich,,24883,51
2019,E07000202,Ipswich,22125,25774,56
2020,E07000202,Ipswich,22972,26024,55
2021,E07000202,Ipswich,23771,26361,61
2022,E07000202,Ipswich,24827,28537,58
2023,E07000202,Ipswich,28591,30763,59
2024,E07000202,Ipswich,30643,34146,61
2025,E07000202,Ipswich,30928,35909,65
2015,W06000001,Isle of Anglesey / Ynys Môn,21878,24059,24
2016,W06000001,Isle of Anglesey / Ynys Môn,22098,24902,22
2017,W06000001,Isle of Anglesey / Ynys Môn,23164,25513,23
2018,W06000001,Isle of Anglesey / Ynys Môn,22862,24531,21
2019,W06000001,Isle of Anglesey / Ynys Môn,22887,26149,20
2020,W06000001,Isle of Anglesey / Ynys Môn,24071,24548,23
2021,W06000001,Isle of Anglesey / Ynys Môn,26322,27212,24
2022,W06000001,Isle of Anglesey / Ynys Môn,26969,27452,19
2023,W06000001,Isle of Anglesey / Ynys Môn,28128,29747,21
2024,W06000001,Isle of Anglesey / Ynys Môn,32621,32082,20
2025,W06000001,Isle of Anglesey / Ynys Môn,29944,31656,27
2016,E06000046,Isle of Wight,20053,23544,41
2017,E06000046,Isle of Wight,20818,23557,41
2018,E06000046,Isle of Wight,21565,23418,39
2019,E06000046,Isle of Wight,21104,24215,40
2015,E06000046,Isle of Wight UA,20377,24305,39
2020,E06000046,Isle of Wight UA,24852,26534,38
2021,E06000046,Isle of Wight UA,21640,25857,44
2022,E06000046,Isle of Wight UA,23329,26268,46
2023,E06000046,Isle of Wight UA,24847,26706,42
2024,E06000046,Isle of Wight UA,27938,30212,49
2025,E06000046,Isle of Wight UA,26740,30870,42
2016,E06000053,Isles of Scilly,,,
2017,E06000053,Isles of Scilly,,41897,
2018,E06000053,Isles of Scilly,,32110,
2019,E06000053,Isles of Scilly,,,
2020,E06000053,Isles of Scilly,,30132,
2021,E06000053,Isles of Scilly,,,
2022,E06000053,Isles of Scilly,,,
2023,E06000053,Isles of Scilly,,,
2024,E06000053,Isles of Scilly,,,
2025,E06000053,Isles of Scilly,,30355,
2015,E06000053,Isles of Scilly UA,,,
2015,E09000019,Islington,33079,45115,68
2016,E09000019,Islington,31680,47732,66
2017,E09000019,Islington,33219,47577,71
2018,E09000019,Islington,37502,53343,75
2019,E09000019,Islington,37634,51351,83
2020,E09000019,Islington,38303,46146,70
2021,E09000019,Islington,34832,,71
2022,E09000019,Islington,38414,,66
2023,E09000019,Islington,41882,52404,67
2024,E09000019,Islington,43331,,76
2025,E09000019,Islington,47411,83641,77
2015,E09000020,Kensington and Chelsea,,78970,32
2016,E09000020,Kensington and Chelsea,,73777,33
2017,E09000020,Kensington and Chelsea,,,34
2018,E09000020,Kensington and Chelsea,37191,,33
2019,E09000020,Kensington and Chelsea,36277,92675,34
2020,E09000020,Kensington and Chelsea,,,37
2021,E09000020,Kensington and Chelsea,39011,73453,36
2022,E09000020,Kensington and Chelsea,38306,,31
2023,E09000020,Kensington and Chelsea,41874,,30
2024,E09000020,Kensington and Chelsea,44338,,32
2025,E09000020,Kensington and Chelsea,46690,114203,36
2015,E10000016,Kent,23873,30281,484
2016,E10000016,Kent,23657,29309,508
2017,E10000016,Kent,24313,30213,508
2018,E10000016,Kent,24890,30808,529
2019,E10000016,Kent,26862,33180,501
2020,E10000016,Kent,26484,33864,521
2021,E10000016,Kent,27150,34753,559
2022,E10000016,Kent,29420,34545,534
2023,E10000016,Kent,30284,36237,522
2024,E10000016,Kent,32488,38474,538
2025,E10000016,Kent,33734,41787,547
2015,E07000153,Kettering,21162,24511,36
2016,E07000153,Kettering,22568,26874,35
2017,E07000153,Kettering,22982,26894,35
2018,E07000153,Kettering,23130,27304,34
2019,E07000153,Kettering,25276,28003,32
2015,E07000146,King's Lynn and West Norfolk,19223,22323,50
2016,E07000146,King's Lynn and West Norfolk,20529,23523,48
2017,E07000146,King's Lynn and West Norfolk,19437,23597,47
2018,E07000146,King's Lynn and West Norfolk,20545,24498,47
2019,E07000146,King's Lynn and West Norfolk,21978,25017,51
2020,E07000146,King's Lynn and West Norfolk,22661,26048,51
2021,E07000146,King's Lynn and West Norfolk,22628,26744,59
2022,E07000146,King's Lynn and West Norfolk,24793,28686,54
2023,E07000146,King's Lynn and West Norfolk,26215,29931,56
2024,E07000146,King's Lynn and West Norfolk,30060,32279,54
2025,E07000146,King's Lynn and West Norfolk,30581,35557,53
2016,E06000010,Kingston upon Hull,18136,20389,85
2017,E06000010,Kingston upon Hull,18956,20805,90
2018,E06000010,Kingston upon Hull,19268,20562,90
2019,E06000010,Kingston upon Hull,20741,22767,92
2015,E06000010,Kingston upon Hull UA,17797,19868,85
2020,E06000010,Kingston upon Hull UA,20762,22382,92
2021,E06000010,Kingston upon Hull UA,22151,23323,99
2022,E06000010,Kingston upon Hull UA,23238,24330,95
2023,E06000010,Kingston upon Hull UA,24937,26595,90
2024,E06000010,Kingston upon Hull UA,27049,28892,89
2025,E06000010,Kingston upon Hull UA,27309,29153,91
2015,E09000021,Kingston upon Thames,30916,42015,54
2016,E09000021,Kingston upon Thames,31434,38320,56
2017,E09000021,Kingston upon Thames,31839,39552,55
2018,E09000021,Kingston upon Thames,32160,41573,52
2019,E09000021,Kingston upon Thames,34142,43816,56
2020,E09000021,Kingston upon Thames,36045,46835,61
2021,E09000021,Kingston upon Thames,35130,45581,62
2022,E09000021,Kingston upon Thames,37542,46649,53
2023,E09000021,Kingston upon Thames,35461,,56
2024,E09000021,Kingston upon Thames,38491,49686,53
2025,E09000021,Kingston upon Thames,41833,53447,58
2015,E08000034,Kirklees,20531,24627,136
2016,E08000034,Kirklees,21110,24197,145
2017,E08000034,Kirklees,21765,25147,150
2018,E08000034,Kirklees,21719,25982,155
2019,E08000034,Kirklees,22804,26946,145
2020,E08000034,Kirklees,24007,27340,146
2021,E08000034,Kirklees,23038,26235,160
2022,E08000034,Kirklees,26418,29314,133
2023,E08000034,Kirklees,27321,30061,139
2024,E08000034,Kirklees,29058,31893,165
2025,E08000034,Kirklees,30238,34811,174
2015,E08000011,Knowsley,20572,22768,44
2016,E08000011,Knowsley,21502,24060,46
2017,E08000011,Knowsley,21956,24388,46
2018,E08000011,Knowsley,22287,25101,44
2019,E08000011,Knowsley,22696,25864,48
2020,E08000011,Knowsley,23411,26950,40
2021,E08000011,Knowsley,24148,27333,53
2022,E08000011,Knowsley,26539,28967,48
2023,E08000011,Knowsley,27181,30005,55
2024,E08000011,Knowsley,30903,33096,52
2025,E08000011,Knowsley,32542,34070,55
2015,E09000022,Lambeth,28772,34720,102
2016,E09000022,Lambeth,29317,33268,104
2017,E09000022,Lambeth,31186,39171,110
2018,E09000022,Lambeth,33307,42092,105
2019,E09000022,Lambeth,33084,39986,106
2020,E09000022,Lambeth,36629,44315,99
2021,E09000022,Lambeth,35484,43600,112
2022,E09000022,Lambeth,37524,48345,99
2023,E09000022,Lambeth,40653,58110,108
2024,E09000022,Lambeth,42961,56624,107
2025,E09000022,Lambeth,43666,62733,115
2015,E10000017,Lancashire,20610,25321,392
2016,E10000017,Lancashire,21160,26063,396
2017,E10000017,Lancashire,21645,25979,383
2018,E10000017,Lancashire,22207,27078,402
2019,E10000017,Lancashire,23403,27977,416
2020,E10000017,Lancashire,23637,27664,383
2021,E10000017,Lancashire,23727,27538,420
2022,E10000017,Lancashire,25732,29573,410
2023,E10000017,Lancashire,28228,32615,375
2024,E10000017,Lancashire,30233,35161,399
2025,E10000017,Lancashire,31066,36366,443
2015,E07000121,Lancaster,19983,24873,48
2016,E07000121,Lancaster,20776,25871,44
2017,E07000121,Lancaster,22300,27431,44
2018,E07000121,Lancaster,21848,27394,44
2019,E07000121,Lancaster,22907,27641,47
2020,E07000121,Lancaster,,27184,46
2021,E07000121,Lancaster,25368,28195,49
2022,E07000121,Lancaster,26339,28493,45
2023,E07000121,Lancaster,27000,30606,43
2024,E07000121,Lancaster,29467,32244,42
2025,E07000121,Lancaster,29651,33842,46
2015,E08000035,Leeds,22054,25668,271
2016,E08000035,Leeds,23369,26759,272
2017,E08000035,Leeds,23644,27430,274
2018,E08000035,Leeds,23084,27571,276
2019,E08000035,Leeds,24193,27785,277
2020,E08000035,Leeds,26199,29764,275
2021,E08000035,Leeds,26292,30123,257
2022,E08000035,Leeds,28576,32496,255
2023,E08000035,Leeds,28853,32720,267
2024,E08000035,Leeds,31465,35862,286
2025,E08000035,Leeds,31679,36527,311
2016,E06000016,Leicester,18958,21536,99
2017,E06000016,Leicester,18849,21373,96
2018,E06000016,Leicester,18940,20734,91
2019,E06000016,Leicester,20755,23322,91
2015,E06000016,Leicester UA,17886,20588,101
2020,E06000016,Leicester UA,21043,24024,89
2021,E06000016,Leicester UA,21200,24092,111
2022,E06000016,Leicester UA,23092,25931,90
2023,E06000016,Leicester UA,24061,27167,90
2024,E06000016,Leicester UA,25853,28783,91
2025,E06000016,Leicester UA,27858,30887,117
2015,E10000018,Leicestershire,22322,25889,254
2016,E10000018,Leicestershire,22425,26975,249
2017,E10000018,Leicestershire,23167,27215,239
2018,E10000018,Leicestershire,23542,27574,240
2019,E10000018,Leicestershire,24742,28744,250
2020,E10000018,Leicestershire,26342,30410,236
2021,E10000018,Leicestershire,25209,28802,272
2022,E10000018,Leicestershire,27925,31861,251
2023,E10000018,Leicestershire,29116,33491,248
2024,E10000018,Leicestershire,30785,35047,251
2025,E10000018,Leicestershire,31921,36472,286
2015,E07000063,Lewes,22678,29713,33
2016,E07000063,Lewes,21156,25967,29
2017,E07000063,Lewes,22245,26967,31
2018,E07000063,Lewes,24050,27060,28
2019,E07000063,Lewes,25000,31623,27
2020,E07000063,Lewes,26250,33055,33
2021,E07000063,Lewes,27142,34327,37
2022,E07000063,Lewes,27606,38525,30
2023,E07000063,Lewes,26393,33584,27
2024,E07000063,Lewes,29267,34472,32
2025,E07000063,Lewes,33088,36401,34
2015,E09000023,Lewisham,27513,32487,88
2016,E09000023,Lewisham,29202,33253,96
2017,E09000023,Lewisham,28092,33561,96
2018,E09000023,Lewisham,29997,35379,100
2019,E09000023,Lewisham,28994,35674,101
2020,E09000023,Lewisham,31595,40260,93
2021,E09000023,Lewisham,29940,36626,103
2022,E09000023,Lewisham,32605,38414,90
2023,E09000023,Lewisham,34731,41205,97
2024,E09000023,Lewisham,37611,47029,106
2025,E09000023,Lewisham,39505,47643,115
2015,E07000194,Lichfield,24303,28870,38
2016,E07000194,Lichfield,,,36
2017,E07000194,Lichfield,25771,,34
2018,E07000194,Lichfield,26039,36357,37
2019,E07000194,Lichfield,27961,33282,34
2020,E07000194,Lichfield,29670,34938,36
2021,E07000194,Lichfield,28709,34298,40
2022,E07000194,Lichfield,29600,36288,41
2023,E07000194,Lichfield,,,
2024,E07000194,Lichfield,34517,,39
2025,E07000194,Lichfield,33763,41455,40
2015,E07000138,Lincoln,17992,21004,33
2016,E07000138,Lincoln,19248,22447,30
2017,E07000138,Lincoln,18585,22614,32
2018,E07000138,Lincoln,,22664,31
2019,E07000138,Lincoln,21206,24243,34
2020,E07000138,Lincoln,22578,25841,35
2021,E07000138,Lincoln,21513,24597,34
2022,E07000138,Lincoln,27197,28261,44
2023,E07000138,Lincoln,27177,29414,32
2024,E07000138,Lincoln,28826,30494,35
2025,E07000138,Lincoln,29824,32167,37
2015,E10000019,Lincolnshire,19961,23817,230
2016,E10000019,Lincolnshire,20517,24128,228
2017,E10000019,Lincolnshire,21093,24804,226
2018,E10000019,Lincolnshire,21377,25310,240
2019,E10000019,Lincolnshire,22097,26085,248
2020,E10000019,Lincolnshire,23885,26707,256
2021,E10000019,Lincolnshire,24023,27041,285
2022,E10000019,Lincolnshire,25626,29049,268
2023,E10000019,Lincolnshire,27622,31216,265
2024,E10000019,Lincolnshire,28745,32416,263
2025,E10000019,Lincolnshire,29651,33810,282
2015,E08000012,Liverpool,21100,24291,145
2016,E08000012,Liverpool,21754,24754,140
2017,E08000012,Liverpool,21792,25349,148
2018,E08000012,Liverpool,22324,25557,152
2019,E08000012,Liverpool,23312,26672,156
2020,E08000012,Liverpool,25000,28853,135
2021,E08000012,Liverpool,25019,28209,160
2022,E08000012,Liverpool,26308,29221,135
2023,E08000012,Liverpool,28421,32417,165
2024,E08000012,Liverpool,29664,34054,165
2025,E08000012,Liverpool,30947,34678,178
2016,E06000032,Luton,21072,24199,61
2017,E06000032,Luton,23332,26594,56
2018,E06000032,Luton,21629,24830,63
2019,E06000032,Luton,24522,28200,60
2015,E06000032,Luton UA,22000,24567,58
2020,E06000032,Luton UA,24678,28251,56
2021,E06000032,Luton UA,24367,26593,63
2022,E06000032,Luton UA,25819,28229,65
2023,E06000032,Luton UA,26771,29892,59
2024,E06000032,Luton UA,29107,32491,67
2025,E06000032,Luton UA,28741,31351,67
2015,E07000110,Maidstone,24296,31361,56
2016,E07000110,Maidstone,25011,30412,57
2017,E07000110,Maidstone,24285,30700,57
2018,E07000110,Maidstone,23973,30868,63
2019,E07000110,Maidstone,26649,30449,57
2020,E07000110,Maidstone,28293,31948,55
2021,E07000110,Maidstone,28068,32440,69
2022,E07000110,Maidstone,30108,34368,61
2023,E07000110,Maidstone,30059,35666,62
2024,E07000110,Maidstone,32367,37141,71
2025,E07000110,Maidstone,34151,40535,67
2015,E07000074,Maldon,26136,36059,23
2016,E07000074,Maldon,29071,40403,21
2017,E07000074,Maldon,27173,32123,23
2018,E07000074,Maldon,25049,34872,21
2019,E07000074,Maldon,,43225,22
2020,E07000074,Maldon,26247,40569,23
2021,E07000074,Maldon,27735,39359,23
2022,E07000074,Maldon,,,
2023,E07000074,Maldon,28911,41703,21
2024,E07000074,Maldon,31937,,24
2025,E07000074,Maldon,32599,50114,24
2015,E07000235,Malvern Hills,18461,23709,21
2016,E07000235,Malvern Hills,19498,24865,23
2017,E07000235,Malvern Hills,23500,28545,20
2018,E07000235,Malvern Hills,22758,26325,24
2019,E07000235,Malvern Hills,,26847,22
2020,E07000235,Malvern Hills,21617,25805,22
2021,E07000235,Malvern Hills,26028,30498,22
2022,E07000235,Malvern Hills,26864,31981,24
2023,E07000235,Malvern Hills,31271,35228,24
2024,E07000235,Malvern Hills,27129,35830,26
2025,E07000235,Malvern Hills,28167,33112,27
2015,E08000003,Manchester,20585,23547,141
2016,E08000003,Manchester,20163,23503,139
2017,E08000003,Manchester,20555,23575,149
2018,E08000003,Manchester,22188,25239,136
2019,E08000003,Manchester,22412,25724,150
2020,E08000003,Manchester,23141,26905,141
2021,E08000003,Manchester,23044,26580,143
2022,E08000003,Manchester,24216,28374,147
2023,E08000003,Manchester,27217,31247,170
2024,E08000003,Manchester,28386,33666,177
2025,E08000003,Manchester,30067,35180,190
2015,E07000174,Mansfield,18107,20993,37
2016,E07000174,Mansfield,17749,20152,39
2017,E07000174,Mansfield,18523,21618,40
2018,E07000174,Mansfield,,21600,36
2019,E07000174,Mansfield,19610,23147,35
2020,E07000174,Mansfield,22254,24599,32
2021,E07000174,Mansfield,21802,23930,39
2022,E07000174,Mansfield,24872,26794,38
2023,E07000174,Mansfield,24993,27375,39
2024,E07000174,Mansfield,27554,28939,40
2025,E07000174,Mansfield,28170,30845,38
2016,E06000035,Medway,24559,27863,92
2017,E06000035,Medway,24828,27967,108
2018,E06000035,Medway,25857,29819,106
2019,E06000035,Medway,26544,30495,105
2015,E06000035,Medway UA,24859,27537,95
2020,E06000035,Medway UA,28253,32490,106
2021,E06000035,Medway UA,26893,30228,108
2022,E06000035,Medway UA,27848,32205,100
2023,E06000035,Medway UA,29910,34546,97
2024,E06000035,Medway UA,32156,37167,104
2025,E06000035,Medway UA,33857,38918,107
2015,E07000133,Melton,,21765,
2016,E07000133,Melton,18843,21900,18
2017,E07000133,Melton,22241,24520,19
2018,E07000133,Melton,,24053,18
2019,E07000133,Melton,21519,24809,16
2020,E07000133,Melton,20552,24854,13
2021,E07000133,Melton,19023,22387,16
2022,E07000133,Melton,,28211,
2023,E07000133,Melton,24506,27036,14
2024,E07000133,Melton,27326,29990,17
2025,E07000133,Melton,26633,32292,16
2015,E07000187,Mendip,19558,24451,41
2016,E07000187,Mendip,21626,25332,40
2017,E07000187,Mendip,,23941,40
2018,E07000187,Mendip,21006,25863,39
2019,E07000187,Mendip,22918,27482,41
2020,E07000187,Mendip,22164,26045,41
2021,E07000187,Mendip,22723,27408,50
2015,W06000024,Merthyr Tydfil / Merthyr Tudful,19925,22858,24
2016,W06000024,Merthyr Tydfil / Merthyr Tudful,20348,23452,26
2017,W06000024,Merthyr Tydfil / Merthyr Tudful,21340,23707,23
2018,W06000024,Merthyr Tydfil / Merthyr Tudful,20782,23889,24
2019,W06000024,Merthyr Tydfil / Merthyr Tudful,23267,26496,25
2020,W06000024,Merthyr Tydfil / Merthyr Tudful,23410,26018,23
2021,W06000024,Merthyr Tydfil / Merthyr Tudful,24645,27502,28
2022,W06000024,Merthyr Tydfil / Merthyr Tudful,25010,28151,25
2023,W06000024,Merthyr Tydfil / Merthyr Tudful,26594,28895,24
2024,W06000024,Merthyr Tydfil / Merthyr Tudful,30088,33656,26
2025,W06000024,Merthyr Tydfil / Merthyr Tudful,31504,38536,26
2015,E09000024,Merton,28865,40456,69
2016,E09000024,Merton,30725,50042,70
2017,E09000024,Merton,30834,41902,74
2018,E09000024,Merton,32299,45195,76
2019,E09000024,Merton,32521,43975,73
2020,E09000024,Merton,32196,47998,73
2021,E09000024,Merton,29884,42511,73
2022,E09000024,Merton,30812,44451,67
2023,E09000024,Merton,35462,49959,72
2024,E09000024,Merton,37877,53204,75
2025,E09000024,Merton,43507,61843,78
2015,E07000042,Mid Devon,20696,24222,29
2016,E07000042,Mid Devon,21957,25294,30
2017,E07000042,Mid Devon,22007,25365,27
2018,E07000042,Mid Devon,22274,24840,30
2019,E07000042,Mid Devon,22001,25595,29
2020,E07000042,Mid Devon,21883,26009,30
2021,E07000042,Mid Devon,,,
2022,E07000042,Mid Devon,25087,28121,29
2023,E07000042,Mid Devon,,,
2024,E07000042,Mid Devon,29667,33134,30
2025,E07000042,Mid Devon,31908,33036,27
2015,E07000203,Mid Suffolk,22907,30966,36
2016,E07000203,Mid Suffolk,22456,29397,37
2017,E07000203,Mid Suffolk,22162,25898,38
2018,E07000203,Mid Suffolk,23208,27972,35
2019,E07000203,Mid Suffolk,24793,29316,38
2020,E07000203,Mid Suffolk,24254,27976,39
2021,E07000203,Mid Suffolk,25569,28373,44
2022,E07000203,Mid Suffolk,26188,30492,43
2023,E07000203,Mid Suffolk,28263,35375,45
2024,E07000203,Mid Suffolk,30013,37973,46
2025,E07000203,Mid Suffolk,31507,38259,44
2015,E07000228,Mid Sussex,27457,31772,54
2016,E07000228,Mid Sussex,24829,30448,55
2017,E07000228,Mid Sussex,28355,33632,60
2018,E07000228,Mid Sussex,30024,36282,58
2019,E07000228,Mid Sussex,28205,33965,56
2020,E07000228,Mid Sussex,27903,35959,62
2021,E07000228,Mid Sussex,27428,34991,72
2022,E07000228,Mid Sussex,30071,39708,59
2023,E07000228,Mid Sussex,,42127,56
2024,E07000228,Mid Sussex,34744,39020,70
2025,E07000228,Mid Sussex,37705,43857,70
2016,E06000002,Middlesbrough,18687,21283,43
2017,E06000002,Middlesbrough,18454,21824,44
2018,E06000002,Middlesbrough,19120,22878,43
2019,E06000002,Middlesbrough,21082,24556,44
2015,E06000002,Middlesbrough UA,18732,21330,46
2020,E06000002,Middlesbrough UA,22487,26005,39
2021,E06000002,Middlesbrough UA,21968,24238,42
2022,E06000002,Middlesbrough UA,,25909,39
2023,E06000002,Middlesbrough UA,24327,27481,40
2024,E06000002,Middlesbrough UA,27455,30691,37
2025,E06000002,Middlesbrough UA,30253,34997,38
2016,E06000042,Milton Keynes,25507,30129,102
2017,E06000042,Milton Keynes,26529,31195,107
2018,E06000042,Milton Keynes,26527,31343,103
2019,E06000042,Milton Keynes,28728,32701,100
2015,E06000042,Milton Keynes UA,24845,28866,102
2020,E06000042,Milton Keynes UA,28930,33876,104
2021,E06000042,Milton Keynes UA,29713,34326,110
2022,E06000042,Milton Keynes UA,31287,36819,96
2023,E06000042,Milton Keynes UA,31567,37614,99
2024,E06000042,Milton Keynes UA,34924,39921,113
2025,E06000042,Milton Keynes UA,36061,43295,112
2015,E07000210,Mole Valley,26329,37117,26
2016,E07000210,Mole Valley,,41928,
2017,E07000210,Mole Valley,,39583,
2018,E07000210,Mole Valley,24362,39720,31
2019,E07000210,Mole Valley,26363,36218,27
2020,E07000210,Mole Valley,25377,37502,30
2021,E07000210,Mole Valley,28039,40259,33
2022,E07000210,Mole Valley,29236,37985,26
2023,E07000210,Mole Valley,,,
2024,E07000210,Mole Valley,37374,,28
2025,E07000210,Mole Valley,35341,44039,30
2015,W06000021,Monmouthshire / Sir Fynwy,24447,29305,34
2016,W06000021,Monmouthshire / Sir Fynwy,26744,33072,34
2017,W06000021,Monmouthshire / Sir Fynwy,25663,32226,33
2018,W06000021,Monmouthshire / Sir Fynwy,26095,32558,33
2019,W06000021,Monmouthshire / Sir Fynwy,26071,33971,34
2020,W06000021,Monmouthshire / Sir Fynwy,26900,33464,34
2021,W06000021,Monmouthshire / Sir Fynwy,29914,33575,32
2022,W06000021,Monmouthshire / Sir Fynwy,28159,33172,30
2023,W06000021,Monmouthshire / Sir Fynwy,31379,35729,34
2024,W06000021,Monmouthshire / Sir Fynwy,33728,41091,35
2025,W06000021,Monmouthshire / Sir Fynwy,35020,42135,40
2015,W06000012,Neath Port Talbot / Castell-nedd Port Talbot,20417,23587,47
2016,W06000012,Neath Port Talbot / Castell-nedd Port Talbot,19909,23214,49
2017,W06000012,Neath Port Talbot / Castell-nedd Port Talbot,20645,23233,47
2018,W06000012,Neath Port Talbot / Castell-nedd Port Talbot,21916,24157,49
2019,W06000012,Neath Port Talbot / Castell-nedd Port Talbot,23384,25409,48
2020,W06000012,Neath Port Talbot / Castell-nedd Port Talbot,23836,26322,54
2021,W06000012,Neath Port Talbot / Castell-nedd Port Talbot,24935,27374,55
2022,W06000012,Neath Port Talbot / Castell-nedd Port Talbot,26160,28435,46
2023,W06000012,Neath Port Talbot / Castell-nedd Port Talbot,27922,30548,53
2024,W06000012,Neath Port Talbot / Castell-nedd Port Talbot,30770,31542,56
2025,W06000012,Neath Port Talbot / Castell-nedd Port Talbot,30709,33269,54
2015,E07000091,New Forest,21741,26272,60
2016,E07000091,New Forest,23081,27874,61
2017,E07000091,New Forest,23079,27554,63
2018,E07000091,New Forest,22486,27106,62
2019,E07000091,New Forest,24048,29324,64
2020,E07000091,New Forest,25713,30597,69
2021,E07000091,New Forest,23847,29122,75
2022,E07000091,New Forest,26052,31392,61
2023,E07000091,New Forest,30807,35004,60
2024,E07000091,New Forest,29236,33602,62
2025,E07000091,New Forest,31344,37271,67
2015,E07000175,Newark and Sherwood,,25912,39
2016,E07000175,Newark and Sherwood,19946,25985,38
2017,E07000175,Newark and Sherwood,19014,25387,38
2018,E07000175,Newark and Sherwood,21073,27586,41
2019,E07000175,Newark and Sherwood,22538,28594,40
2020,E07000175,Newark and Sherwood,23231,29133,41
2021,E07000175,Newark and Sherwood,23752,28851,40
2022,E07000175,Newark and Sherwood,25050,28754,41
2023,E07000175,Newark and Sherwood,26586,30995,41
2024,E07000175,Newark and Sherwood,29108,34706,44
2025,E07000175,Newark and Sherwood,29806,34695,43
2015,E08000021,Newcastle upon Tyne,21165,25229,81
2016,E08000021,Newcastle upon Tyne,22501,26822,77
2017,E08000021,Newcastle upon Tyne,21253,26785,83
2018,E08000021,Newcastle upon Tyne,21999,28350,80
2019,E08000021,Newcastle upon Tyne,23502,29212,82
2020,E08000021,Newcastle upon Tyne,23797,29779,72
2021,E08000021,Newcastle upon Tyne,24377,30374,85
2022,E08000021,Newcastle upon Tyne,27006,33090,83
2023,E08000021,Newcastle upon Tyne,27892,32625,92
2024,E08000021,Newcastle upon Tyne,29260,34629,88
2025,E08000021,Newcastle upon Tyne,30144,35480,86
2015,E07000195,Newcastle-under-Lyme,20140,21561,45
2016,E07000195,Newcastle-under-Lyme,21474,22716,45
2017,E07000195,Newcastle-under-Lyme,20984,22447,44
2018,E07000195,Newcastle-under-Lyme,22656,24887,43
2019,E07000195,Newcastle-under-Lyme,21962,24652,48
2020,E07000195,Newcastle-under-Lyme,23998,26805,46
2021,E07000195,Newcastle-under-Lyme,24284,26009,48
2022,E07000195,Newcastle-under-Lyme,25146,27008,45
2023,E07000195,Newcastle-under-Lyme,26834,30000,47
2024,E07000195,Newcastle-under-Lyme,29696,32937,47
2025,E07000195,Newcastle-under-Lyme,31205,34909,47
2015,E09000025,Newham,22041,25666,78
2016,E09000025,Newham,22501,26271,82
2017,E09000025,Newham,23429,26621,85
2018,E09000025,Newham,24805,28129,88
2019,E09000025,Newham,26107,30081,92
2020,E09000025,Newham,28600,31422,86
2021,E09000025,Newham,30473,34921,99
2022,E09000025,Newham,29115,33279,90
2023,E09000025,Newham,32900,37775,93
2024,E09000025,Newham,32551,39489,110
2025,E09000025,Newham,36080,43724,110
2015,W06000022,Newport / Casnewydd,20308,25001,45
2016,W06000022,Newport / Casnewydd,20644,24420,47
2017,W06000022,Newport / Casnewydd,21251,24269,50
2018,W06000022,Newport / Casnewydd,22165,24974,52
2019,W06000022,Newport / Casnewydd,23425,26005,55
2020,W06000022,Newport / Casnewydd,24797,27300,53
2021,W06000022,Newport / Casnewydd,24583,26933,58
2022,W06000022,Newport / Casnewydd,26509,28356,55
2023,W06000022,Newport / Casnewydd,27580,29743,58
2024,W06000022,Newport / Casnewydd,30944,33299,56
2025,W06000022,Newport / Casnewydd,31495,33189,58
2015,E10000020,Norfolk,19666,23306,297
2016,E10000020,Norfolk,20370,23802,286
2017,E10000020,Norfolk,20074,23359,286
2018,E10000020,Norfolk,21544,25010,274
2019,E10000020,Norfolk,22815,25427,295
2020,E10000020,Norfolk,23071,26415,295
2021,E10000020,Norfolk,24303,27451,339
2022,E10000020,Norfolk,25999,28937,280
2023,E10000020,Norfolk,27719,30486,315
2024,E10000020,Norfolk,29601,32812,322
2025,E10000020,Norfolk,30268,33929,354
2015,E07000043,North Devon,17073,20805,30
2016,E07000043,North Devon,17565,20666,28
2017,E07000043,North Devon,17672,22048,30
2018,E07000043,North Devon,18984,22084,30
2019,E07000043,North Devon,19968,22063,31
2020,E07000043,North Devon,19954,21944,31
2021,E07000043,North Devon,21335,23135,36
2022,E07000043,North Devon,24817,25130,36
2023,E07000043,North Devon,,,
2024,E07000043,North Devon,27065,27791,30
2025,E07000043,North Devon,28386,30317,33
2015,E07000050,North Dorset,18963,22561,25
2016,E07000050,North Dorset,19897,24155,24
2017,E07000050,North Dorset,,25243,25
2015,E07000038,North East Derbyshire,19269,25125,31
2016,E07000038,North East Derbyshire,20629,24340,31
2017,E07000038,North East Derbyshire,20010,24165,30
2018,E07000038,North East Derbyshire,23013,25327,32
2019,E07000038,North East Derbyshire,23448,26458,34
2020,E07000038,North East Derbyshire,24908,28333,33
2021,E07000038,North East Derbyshire,25660,29250,30
2022,E07000038,North East Derbyshire,26303,29938,31
2023,E07000038,North East Derbyshire,,31354,
2024,E07000038,North East Derbyshire,30877,35163,42
2025,E07000038,North East Derbyshire,30931,38994,42
2016,E06000012,North East Lincolnshire,19151,23273,48
2017,E06000012,North East Lincolnshire,18334,22840,48
2018,E06000012,North East Lincolnshire,19954,24119,49
2019,E06000012,North East Lincolnshire,21566,25315,47
2015,E06000012,North East Lincolnshire UA,18171,21676,50
2020,E06000012,North East Lincolnshire UA,22945,27129,48
2021,E06000012,North East Lincolnshire UA,22911,27377,49
2022,E06000012,North East Lincolnshire UA,24503,28578,46
2023,E06000012,North East Lincolnshire UA,27470,32523,51
2024,E06000012,North East Lincolnshire UA,30030,35115,47
2025,E06000012,North East Lincolnshire UA,28898,33778,54
2015,E07000099,North Hertfordshire,28459,34403,51
2016,E07000099,North Hertfordshire,27802,33868,51
2017,E07000099,North Hertfordshire,30627,35429,51
2018,E07000099,North Hertfordshire,,33290,53
2019,E07000099,North Hertfordshire,31323,35362,52
2020,E07000099,North Hertfordshire,33590,40140,46
2021,E07000099,North Hertfordshire,29444,34954,61
2022,E07000099,North Hertfordshire,35328,40779,53
2023,E07000099,North Hertfordshire,35963,42692,49
2024,E07000099,North Hertfordshire,38861,47693,50
2025,E07000099,North Hertfordshire,42703,51433,55
2015,E07000139,North Kesteven,21094,25103,32
2016,E07000139,North Kesteven,,26436,35
2017,E07000139,North Kesteven,22916,27336,32
2018,E07000139,North Kesteven,,28639,
2019,E07000139,North Kesteven,23982,29206,39
2020,E07000139,North Kesteven,25981,29877,43
2021,E07000139,North Kesteven,27034,29316,46
2022,E07000139,North Kesteven,25931,29214,41
2023,E07000139,North Kesteven,28430,31242,42
2024,E07000139,North Kesteven,30979,33465,44
2025,E07000139,North Kesteven,30585,34928,49
2016,E06000013,North Lincolnshire,22588,24606,51
2017,E06000013,North Lincolnshire,22397,27785,56
2018,E06000013,North Lincolnshire,21950,25417,60
2019,E06000013,North Lincolnshire,22011,26204,59
2015,E06000013,North Lincolnshire UA,22648,25338,56
2020,E06000013,North Lincolnshire UA,23072,26614,55
2021,E06000013,North Lincolnshire UA,23974,28523,57
2022,E06000013,North Lincolnshire UA,25254,29896,56
2023,E06000013,North Lincolnshire UA,27051,31882,57
2024,E06000013,North Lincolnshire UA,30677,33957,62
2025,E06000013,North Lincolnshire UA,30012,34931,63
2015,E07000147,North Norfolk,18862,21290,28
2016,E07000147,North Norfolk,17992,19966,27
2017,E07000147,North Norfolk,19434,20716,27
2018,E07000147,North Norfolk,19989,21427,25
2019,E07000147,North Norfolk,,22618,26
2020,E07000147,North Norfolk,22017,23706,27
2021,E07000147,North Norfolk,22763,25108,32
2022,E07000147,North Norfolk,24124,25523,25
2023,E07000147,North Norfolk,,,
2024,E07000147,North Norfolk,26048,28511,28
2025,E07000147,North Norfolk,28421,32100,30
2020,E06000061,North Northamptonshire UA,25818,30208,125
2021,E06000061,North Northamptonshire UA,26083,30922,139
2022,E06000061,North Northamptonshire UA,27914,31276,119
2023,E06000061,North Northamptonshire UA,28971,31552,125
2024,E06000061,North Northamptonshire UA,31402,36901,137
2025,E06000061,North Northamptonshire UA,32882,38911,141
2016,E06000024,North Somerset,23997,29140,77
2017,E06000024,North Somerset,22217,28599,76
2018,E06000024,North Somerset,24333,29897,75
2019,E06000024,North Somerset,24001,29547,75
2015,E06000024,North Somerset UA,23931,28392,76
2020,E06000024,North Somerset UA,27931,33831,79
2021,E06000024,North Somerset UA,24968,29201,81
2022,E06000024,North Somerset UA,29539,32700,74
2023,E06000024,North Somerset UA,31037,34896,85
2024,E06000024,North Somerset UA,32795,36646,82
2025,E06000024,North Somerset UA,32996,38742,91
2015,E08000022,North Tyneside,20635,23518,74
2016,E08000022,North Tyneside,21037,25395,71
2017,E08000022,North Tyneside,21973,26786,76
2018,E08000022,North Tyneside,23208,27296,74
2019,E08000022,North Tyneside,23572,27608,70
2020,E08000022,North Tyneside,24968,28828,71
2021,E08000022,North Tyneside,25179,28540,74
2022,E08000022,North Tyneside,27003,30519,77
2023,E08000022,North Tyneside,27964,32108,84
2024,E08000022,North Tyneside,30494,35750,75
2025,E08000022,North Tyneside,31106,37590,81
2015,E07000218,North Warwickshire,22467,24738,24
2016,E07000218,North Warwickshire,25003,26461,22
2017,E07000218,North Warwickshire,26289,27346,23
2018,E07000218,North Warwickshire,25654,28676,22
2019,E07000218,North Warwickshire,26349,31729,24
2020,E07000218,North Warwickshire,26918,30071,21
2021,E07000218,North Warwickshire,27246,32344,22
2022,E07000218,North Warwickshire,31067,33769,23
2023,E07000218,North Warwickshire,32000,37044,25
2024,E07000218,North Warwickshire,32667,37185,26
2025,E07000218,North Warwickshire,35067,40257,25
2015,E07000134,North West Leicestershire,20571,24434,40
2016,E07000134,North West Leicestershire,21831,25913,38
2017,E07000134,North West Leicestershire,21486,25973,39
2018,E07000134,North West Leicestershire,22452,28006,40
2019,E07000134,North West Leicestershire,24159,28951,41
2020,E07000134,North West Leicestershire,24725,30011,39
2021,E07000134,North West Leicestershire,25603,29079,42
2022,E07000134,North West Leicestershire,28960,33451,42
2023,E07000134,North West Leicestershire,27877,33745,40
2024,E07000134,North West Leicestershire,32498,36446,40
2025,E07000134,North West Leicestershire,32252,37507,44
2015,E10000023,North Yorkshire,20866,25282,191
2016,E10000023,North Yorkshire,21227,25669,196
2017,E10000023,North Yorkshire,21873,27731,195
2018,E10000023,North Yorkshire,22937,28673,185
2019,E10000023,North Yorkshire,23852,29249,197
2020,E10000023,North Yorkshire,23905,29391,210
2021,E10000023,North Yorkshire,24406,29824,226
2022,E06000065,North Yorkshire UA,25956,31070,220
2023,E06000065,North Yorkshire UA,27668,32756,215
2024,E06000065,North Yorkshire UA,29895,35582,196
2025,E06000065,North Yorkshire UA,30683,37837,217
2015,E07000154,Northampton,21402,25375,85
2016,E07000154,Northampton,23090,27577,85
2017,E07000154,Northampton,21617,26481,89
2018,E07000154,Northampton,22916,27777,82
2019,E07000154,Northampton,25226,29510,84
2015,E10000021,Northamptonshire,22038,27048,270
2016,E10000021,Northamptonshire,23201,28415,267
2017,E10000021,Northamptonshire,23382,27959,279
2018,E10000021,Northamptonshire,23908,28469,267
2019,E10000021,Northamptonshire,25472,29945,273
2016,E06000057,Northumberland,21391,25283,102
2017,E06000057,Northumberland,22353,26214,106
2018,E06000057,Northumberland,21382,25438,109
2019,E06000057,Northumberland,22046,26223,99
2015,E06000057,Northumberland UA,20721,28019,109
2020,E06000057,Northumberland UA,23195,28249,95
2021,E06000057,Northumberland UA,23265,26449,101
2022,E06000057,Northumberland UA,24641,29741,107
2023,E06000057,Northumberland UA,27530,32290,105
2024,E06000057,Northumberland UA,29915,35171,96
2025,E06000057,Northumberland UA,30456,36680,106
2015,E07000148,Norwich,20315,24183,49
2016,E07000148,Norwich,20286,24365,46
2017,E07000148,Norwich,,24432,48
2018,E07000148,Norwich,21485,25987,43
2019,E07000148,Norwich,23215,26096,48
2020,E07000148,Norwich,23418,27733,48
2021,E07000148,Norwich,25175,31348,54
2022,E07000148,Norwich,26093,30091,41
2023,E07000148,Norwich,27690,30829,50
2024,E07000148,Norwich,29362,32190,51
2025,E07000148,Norwich,30421,33723,58
2016,E06000018,Nottingham,18985,22543,84
2017,E06000018,Nottingham,18911,23370,79
2018,E06000018,Nottingham,19556,22898,81
2019,E06000018,Nottingham,20299,23803,85
2015,E06000018,Nottingham UA,18065,21959,83
2020,E06000018,Nottingham UA,21677,24710,80
2021,E06000018,Nottingham UA,21406,23438,75
2022,E06000018,Nottingham UA,22234,24510,70
2023,E06000018,Nottingham UA,23306,25308,78
2024,E06000018,Nottingham UA,25296,28188,78
2025,E06000018,Nottingham UA,26512,29857,87
2015,E10000024,Nottinghamshire,21336,25895,291
2016,E10000024,Nottinghamshire,21998,27317,287
2017,E10000024,Nottinghamshire,22342,27236,286
2018,E10000024,Nottinghamshire,22960,28408,292
2019,E10000024,Nottinghamshire,23491,29269,291
2020,E10000024,Nottinghamshire,24111,29334,298
2021,E10000024,Nottinghamshire,24331,28563,293
2022,E10000024,Nottinghamshire,25990,29805,284
2023,E10000024,Nottinghamshire,26930,31186,292
2024,E10000024,Nottinghamshire,29344,33580,302
2025,E10000024,Nottinghamshire,30032,35277,311
2015,E07000219,Nuneaton and Bedworth,22349,24686,47
2016,E07000219,Nuneaton and Bedworth,21888,24473,47
2017,E07000219,Nuneaton and Bedworth,23224,25492,49
2018,E07000219,Nuneaton and Bedworth,22725,25406,50
2019,E07000219,Nuneaton and Bedworth,22225,25067,50
2020,E07000219,Nuneaton and Bedworth,23790,27260,46
2021,E07000219,Nuneaton and Bedworth,25029,27191,53
2022,E07000219,Nuneaton and Bedworth,25992,28740,57
2023,E07000219,Nuneaton and Bedworth,27457,29875,51
2024,E07000219,Nuneaton and Bedworth,30649,32847,54
2025,E07000219,Nuneaton and Bedworth,32402,35392,59
2015,E07000135,Oadby and Wigston,18295,22082,20
2016,E07000135,Oadby and Wigston,17886,22636,20
2017,E07000135,Oadby and Wigston,20931,24526,19
2018,E07000135,Oadby and Wigston,,23642,18
2019,E07000135,Oadby and Wigston,23715,26080,19
2020,E07000135,Oadby and Wigston,26533,32552,20
2021,E07000135,Oadby and Wigston,22304,28064,22
2022,E07000135,Oadby and Wigston,25696,27949,19
2023,E07000135,Oadby and Wigston,27156,29186,19
2024,E07000135,Oadby and Wigston,29468,32115,19
2025,E07000135,Oadby and Wigston,28368,35834,26
2015,E08000004,Oldham,19304,22759,68
2016,E08000004,Oldham,20108,23070,69
2017,E08000004,Oldham,20423,23803,65
2018,E08000004,Oldham,20509,23601,74
2019,E08000004,Oldham,21342,23943,76
2020,E08000004,Oldham,22453,25593,69
2021,E08000004,Oldham,23662,27531,73
2022,E08000004,Oldham,24100,27087,71
2023,E08000004,Oldham,,29298,74
2024,E08000004,Oldham,29509,33104,75
2025,E08000004,Oldham,29124,31608,78
2015,E07000178,Oxford,26077,28211,59
2016,E07000178,Oxford,26834,30875,60
2017,E07000178,Oxford,28788,31759,54
2018,E07000178,Oxford,27060,30401,52
2019,E07000178,Oxford,25892,28955,57
2020,E07000178,Oxford,26261,31123,59
2021,E07000178,Oxford,29261,32963,64
2022,E07000178,Oxford,30607,33750,56
2023,E07000178,Oxford,30967,34452,55
2024,E07000178,Oxford,36441,41852,60
2025,E07000178,Oxford,36517,41516,57
2015,E10000025,Oxfordshire,25784,31808,252
2016,E10000025,Oxfordshire,27788,33301,249
2017,E10000025,Oxfordshire,27788,32136,254
2018,E10000025,Oxfordshire,28090,33502,247
2019,E10000025,Oxfordshire,28050,34076,262
2020,E10000025,Oxfordshire,29077,34825,284
2021,E10000025,Oxfordshire,29543,34488,316
2022,E10000025,Oxfordshire,32453,36502,274
2023,E10000025,Oxfordshire,33439,37615,280
2024,E10000025,Oxfordshire,37306,45614,295
2025,E10000025,Oxfordshire,38285,47307,295
2015,W06000009,Pembrokeshire / Sir Benfro,17395,22224,37
2016,W06000009,Pembrokeshire / Sir Benfro,18587,21972,36
2017,W06000009,Pembrokeshire / Sir Benfro,18741,23005,38
2018,W06000009,Pembrokeshire / Sir Benfro,19384,23793,37
2019,W06000009,Pembrokeshire / Sir Benfro,20583,24893,34
2020,W06000009,Pembrokeshire / Sir Benfro,22259,26551,40
2021,W06000009,Pembrokeshire / Sir Benfro,23757,27923,39
2022,W06000009,Pembrokeshire / Sir Benfro,25911,28608,36
2023,W06000009,Pembrokeshire / Sir Benfro,26446,28609,37
2024,W06000009,Pembrokeshire / Sir Benfro,28616,29347,42
2025,W06000009,Pembrokeshire / Sir Benfro,27243,29920,46
2015,E07000122,Pendle,20967,24512,29
2016,E07000122,Pendle,20913,24030,31
2017,E07000122,Pendle,,26386,
2018,E07000122,Pendle,21915,27708,32
2019,E07000122,Pendle,22207,27662,31
2020,E07000122,Pendle,,24023,26
2021,E07000122,Pendle,20034,22728,25
2022,E07000122,Pendle,22034,25399,28
2023,E07000122,Pendle,24379,30273,24
2024,E07000122,Pendle,27268,32149,26
2025,E07000122,Pendle,26742,31997,28
2016,E06000031,Peterborough,21044,25023,66
2017,E06000031,Peterborough,19999,25491,67
2018,E06000031,Peterborough,21548,26233,64
2019,E06000031,Peterborough,22846,26506,71
2015,E06000031,Peterborough UA,,25708,66
2020,E06000031,Peterborough UA,23442,26901,68
2021,E06000031,Peterborough UA,24572,28397,78
2022,E06000031,Peterborough UA,24578,29535,75
2023,E06000031,Peterborough UA,28080,33118,75
2024,E06000031,Peterborough UA,29508,34443,72
2025,E06000031,Peterborough UA,29828,33238,75
2016,E06000026,Plymouth,20403,22099,84
2017,E06000026,Plymouth,21703,23589,82
2018,E06000026,Plymouth,22465,25021,85
2019,E06000026,Plymouth,21612,24354,89
2015,E06000026,Plymouth UA,20013,22191,93
2020,E06000026,Plymouth UA,22963,24687,89
2021,E06000026,Plymouth UA,22064,23735,78
2022,E06000026,Plymouth UA,23223,25474,92
2023,E06000026,Plymouth UA,26846,29106,82
2024,E06000026,Plymouth UA,28309,31263,91
2025,E06000026,Plymouth UA,28992,32435,101
2016,E06000029,Poole,21521,25830,52
2017,E06000029,Poole,22017,26108,56
2015,E06000029,Poole UA,21330,26020,58
2016,E06000044,Portsmouth,21877,24211,66
2017,E06000044,Portsmouth,21924,24404,68
2018,E06000044,Portsmouth,22126,24884,70
2019,E06000044,Portsmouth,23237,25895,65
2015,E06000044,Portsmouth UA,21793,23809,63
2020,E06000044,Portsmouth UA,22900,27994,67
2021,E06000044,Portsmouth UA,24999,27355,76
2022,E06000044,Portsmouth UA,27505,30193,68
2023,E06000044,Portsmouth UA,28476,31081,70
2024,E06000044,Portsmouth UA,30661,33724,72
2025,E06000044,Portsmouth UA,30962,38637,71
2015,W06000023,Powys / Powys,19436,21738,35
2016,W06000023,Powys / Powys,19994,21606,35
2017,W06000023,Powys / Powys,20458,22359,36
2018,W06000023,Powys / Powys,20715,22421,36
2019,W06000023,Powys / Powys,22493,24166,36
2020,W06000023,Powys / Powys,22999,24488,36
2021,W06000023,Powys / Powys,22283,24663,36
2022,W06000023,Powys / Powys,25744,27925,36
2023,W06000023,Powys / Powys,,29686,41
2024,W06000023,Powys / Powys,29717,31758,39
2025,W06000023,Powys / Powys,30275,32061,39
2015,E07000123,Preston,17574,22862,45
2016,E07000123,Preston,19989,24641,47
2017,E07000123,Preston,20254,24368,44
2018,E07000123,Preston,21348,24298,44
2019,E07000123,Preston,21706,24517,46
2020,E07000123,Preston,23638,26717,46
2021,E07000123,Preston,22877,25440,50
2022,E07000123,Preston,,26191,50
2023,E07000123,Preston,27008,31273,45
2024,E07000123,Preston,28478,33574,52
2025,E07000123,Preston,30038,34698,56
2015,E07000051,Purbeck,,21654,18
2016,E07000051,Purbeck,21370,24206,15
2017,E07000051,Purbeck,,21547,16
2016,E06000038,Reading,25334,30164,63
2017,E06000038,Reading,25420,30819,64
2018,E06000038,Reading,27090,32470,66
2019,E06000038,Reading,28041,32879,65
2015,E06000038,Reading UA,25610,30406,63
2020,E06000038,Reading UA,28827,34317,63
2021,E06000038,Reading UA,31183,37104,71
2022,E06000038,Reading UA,30652,35798,66
2023,E06000038,Reading UA,29919,37936,70
2024,E06000038,Reading UA,32730,40804,70
2025,E06000038,Reading UA,35454,43720,71
2015,E09000026,Redbridge,29331,34914,73
2016,E09000026,Redbridge,28690,35305,80
2017,E09000026,Redbridge,28999,35321,73
2018,E09000026,Redbridge,29634,34970,73
2019,E09000026,Redbridge,29375,36888,79
2020,E09000026,Redbridge,30733,37207,77
2021,E09000026,Redbridge,31407,36905,81
2022,E09000026,Redbridge,31661,36759,72
2023,E09000026,Redbridge,34765,41042,75
2024,E09000026,Redbridge,37027,45728,89
2025,E09000026,Redbridge,37190,45882,87
2016,E06000003,Redcar and Cleveland,19881,23072,38
2017,E06000003,Redcar and Cleveland,20370,23462,41
2018,E06000003,Redcar and Cleveland,19859,23236,37
2019,E06000003,Redcar and Cleveland,20973,23184,40
2015,E06000003,Redcar and Cleveland UA,18949,22358,41
2020,E06000003,Redcar and Cleveland UA,22016,26020,35
2021,E06000003,Redcar and Cleveland UA,21661,24042,42
2022,E06000003,Redcar and Cleveland UA,22157,26282,37
2023,E06000003,Redcar and Cleveland UA,24085,27154,35
2024,E06000003,Redcar and Cleveland UA,26481,29514,38
2025,E06000003,Redcar and Cleveland UA,28630,31794,43
2015,E07000236,Redditch,17156,20713,33
2016,E07000236,Redditch,,22237,32
2017,E07000236,Redditch,20579,23165,32
2018,E07000236,Redditch,21161,23406,33
2019,E07000236,Redditch,21521,23501,31
2020,E07000236,Redditch,21907,25383,32
2021,E07000236,Redditch,24076,28187,36
2022,E07000236,Redditch,24302,30542,34
2023,E07000236,Redditch,27027,30704,31
2024,E07000236,Redditch,29339,35294,30
2025,E07000236,Redditch,29113,33951,32
2015,E07000211,Reigate and Banstead,27071,36271,49
2016,E07000211,Reigate and Banstead,27165,34722,49
2017,E07000211,Reigate and Banstead,29333,37331,47
2018,E07000211,Reigate and Banstead,32467,42621,52
2019,E07000211,Reigate and Banstead,32276,41748,48
2020,E07000211,Reigate and Banstead,32575,40384,46
2021,E07000211,Reigate and Banstead,32291,39522,50
2022,E07000211,Reigate and Banstead,35827,43347,45
2023,E07000211,Reigate and Banstead,38974,45911,53
2024,E07000211,Reigate and Banstead,40113,53787,57
2025,E07000211,Reigate and Banstead,40014,49833,58
2015,W06000016,Rhondda Cynon Taf / Rhondda Cynon Taf,20765,23081,77
2016,W06000016,Rhondda Cynon Taf / Rhondda Cynon Taf,21452,23895,74
2017,W06000016,Rhondda Cynon Taf / Rhondda Cynon Taf,21645,24144,77
2018,W06000016,Rhondda Cynon Taf / Rhondda Cynon Taf,21711,24457,74
2019,W06000016,Rhondda Cynon Taf / Rhondda Cynon Taf,22463,25145,81
2020,W06000016,Rhondda Cynon Taf / Rhondda Cynon Taf,23651,26354,80
2021,W06000016,Rhondda Cynon Taf / Rhondda Cynon Taf,23127,25795,86
2022,W06000016,Rhondda Cynon Taf / Rhondda Cynon Taf,24498,27331,83
2023,W06000016,Rhondda Cynon Taf / Rhondda Cynon Taf,27678,29682,81
2024,W06000016,Rhondda Cynon Taf / Rhondda Cynon Taf,28335,30677,92
2025,W06000016,Rhondda Cynon Taf / Rhondda Cynon Taf,29802,32316,95
2015,E07000124,Ribble Valley,24539,31502,23
2016,E07000124,Ribble Valley,23648,30492,23
2017,E07000124,Ribble Valley,22376,30869,23
2018,E07000124,Ribble Valley,26476,32436,24
2019,E07000124,Ribble Valley,,30857,25
2020,E07000124,Ribble Valley,27279,31688,23
2021,E07000124,Ribble Valley,26994,31518,24
2022,E07000124,Ribble Valley,28139,34753,23
2023,E07000124,Ribble Valley,28564,35189,19
2024,E07000124,Ribble Valley,32716,41352,23
2025,E07000124,Ribble Valley,34077,45947,25
2015,E09000027,Richmond upon Thames,35000,48879,57
2016,E09000027,Richmond upon Thames,37704,53010,59
2017,E09000027,Richmond upon Thames,36361,62858,55
2018,E09000027,Richmond upon Thames,36098,58327,54
2019,E09000027,Richmond upon Thames,37025,62852,65
2020,E09000027,Richmond upon Thames,37023,63827,67
2021,E09000027,Richmond upon Thames,36520,55034,61
2022,E09000027,Richmond upon Thames,38012,59815,56
2023,E09000027,Richmond upon Thames,,,56
2024,E09000027,Richmond upon Thames,47657,77873,59
2025,E09000027,Richmond upon Thames,46594,75590,61
2015,E07000166,Richmondshire,22329,24916,15
2016,E07000166,Richmondshire,,,
2017,E07000166,Richmondshire,21034,25818,14
2018,E07000166,Richmondshire,21703,24638,13
2019,E07000166,Richmondshire,23953,27649,12
2020,E07000166,Richmondshire,,24184,
2021,E07000166,Richmondshire,20407,26783,16
2015,E08000005,Rochdale,20158,24544,65
2016,E08000005,Rochdale,20602,23737,65
2017,E08000005,Rochdale,20348,23943,63
2018,E08000005,Rochdale,20874,24755,66
2019,E08000005,Rochdale,21878,25643,68
2020,E08000005,Rochdale,22487,25306,65
2021,E08000005,Rochdale,22506,26320,62
2022,E08000005,Rochdale,23836,27912,67
2023,E08000005,Rochdale,26366,29283,64
2024,E08000005,Rochdale,28946,35143,70
2025,E08000005,Rochdale,29535,36586,73
2015,E07000075,Rochford,,31227,31
2016,E07000075,Rochford,25814,31579,27
2017,E07000075,Rochford,24708,30717,26
2018,E07000075,Rochford,25850,32303,27
2019,E07000075,Rochford,24828,31604,28
2020,E07000075,Rochford,26499,32530,
2021,E07000075,Rochford,31803,39121,26
2022,E07000075,Rochford,32624,39137,25
2023,E07000075,Rochford,,,24
2024,E07000075,Rochford,37256,43762,27
2025,E07000075,Rochford,38107,43996,30
2015,E07000125,Rossendale,19583,25465,21
2016,E07000125,Rossendale,,25331,21
2017,E07000125,Rossendale,21259,26209,22
2018,E07000125,Rossendale,21436,26771,22
2019,E07000125,Rossendale,20841,27916,22
2020,E07000125,Rossendale,21681,27788,23
2021,E07000125,Rossendale,22857,27014,22
2022,E07000125,Rossendale,23892,28158,25
2023,E07000125,Rossendale,28538,29878,20
2024,E07000125,Rossendale,30420,33036,24
2025,E07000125,Rossendale,30487,35088,26
2015,E07000064,Rother,,,
2016,E07000064,Rother,19824,25915,23
2017,E07000064,Rother,,29018,
2018,E07000064,Rother,19868,28719,22
2019,E07000064,Rother,22363,30462,24
2020,E07000064,Rother,21797,28988,26
2021,E07000064,Rother,22401,30171,30
2022,E07000064,Rother,,30347,29
2023,E07000064,Rother,24527,33683,28
2024,E07000064,Rother,30192,35969,26
2025,E07000064,Rother,30790,41055,25
2015,E08000018,Rotherham,19816,22591,89
2016,E08000018,Rotherham,19208,23030,83
2017,E08000018,Rotherham,20049,23461,87
2018,E08000018,Rotherham,20578,24152,85
2019,E08000018,Rotherham,21525,25324,85
2020,E08000018,Rotherham,21619,26140,83
2021,E08000018,Rotherham,21804,25087,91
2022,E08000018,Rotherham,24018,27688,84
2023,E08000018,Rotherham,26059,30870,80
2024,E08000018,Rotherham,27965,32186,93
2025,E08000018,Rotherham,29664,33799,90
2015,E07000220,Rugby,25884,30351,43
2016,E07000220,Rugby,26106,32041,43
2017,E07000220,Rugby,27324,31274,40
2018,E07000220,Rugby,28086,31943,39
2019,E07000220,Rugby,25659,30280,43
2020,E07000220,Rugby,28278,31557,38
2021,E07000220,Rugby,28805,31562,46
2022,E07000220,Rugby,31626,34424,48
2023,E07000220,Rugby,32701,34853,43
2024,E07000220,Rugby,34281,37149,41
2025,E07000220,Rugby,41814,44543,42
2015,E07000212,Runnymede,,34678,27
2016,E07000212,Runnymede,26096,32197,29
2017,E07000212,Runnymede,27100,34536,28
2018,E07000212,Runnymede,27207,34344,26
2019,E07000212,Runnymede,,,
2020,E07000212,Runnymede,,34788,26
2021,E07000212,Runnymede,33500,37605,32
2022,E07000212,Runnymede,,,
2023,E07000212,Runnymede,36867,44885,22
2024,E07000212,Runnymede,39067,48740,32
2025,E07000212,Runnymede,42203,48025,33
2015,E07000176,Rushcliffe,25123,31655,46
2016,E07000176,Rushcliffe,27975,35774,46
2017,E07000176,Rushcliffe,27503,36223,45
2018,E07000176,Rushcliffe,27070,36684,44
2019,E07000176,Rushcliffe,28970,38361,44
2020,E07000176,Rushcliffe,28306,36078,46
2021,E07000176,Rushcliffe,28780,36049,45
2022,E07000176,Rushcliffe,29710,35892,40
2023,E07000176,Rushcliffe,31987,37039,42
2024,E07000176,Rushcliffe,32857,37800,45
2025,E07000176,Rushcliffe,36705,44322,48
2015,E07000092,Rushmoor,24486,27241,36
2016,E07000092,Rushmoor,25170,29873,40
2017,E07000092,Rushmoor,25188,31127,41
2018,E07000092,Rushmoor,27419,33288,41
2019,E07000092,Rushmoor,27444,33655,37
2020,E07000092,Rushmoor,31741,35184,40
2021,E07000092,Rushmoor,27446,33668,42
2022,E07000092,Rushmoor,30637,34993,40
2023,E07000092,Rushmoor,29928,34554,42
2024,E07000092,Rushmoor,33596,39152,44
2025,E07000092,Rushmoor,33734,38122,50
2016,E06000017,Rutland,24970,28798,11
2017,E06000017,Rutland,25081,29578,9
2018,E06000017,Rutland,23010,24740,11
2019,E06000017,Rutland,26304,32231,12
2015,E06000017,Rutland UA,24949,27810,12
2020,E06000017,Rutland UA,29058,29327,13
2021,E06000017,Rutland UA,29511,32212,14
2022,E06000017,Rutland UA,31154,36752,11
2023,E06000017,Rutland UA,33600,39186,13
2024,E06000017,Rutland UA,37914,43775,
2025,E06000017,Rutland UA,39559,49988,14
2015,E07000167,Ryedale,18894,22878,15
2016,E07000167,Ryedale,19560,25137,17
2017,E07000167,Ryedale,20058,,16
2018,E07000167,Ryedale,20244,27708,16
2019,E07000167,Ryedale,,25060,
2020,E07000167,Ryedale,23551,27573,17
2021,E07000167,Ryedale,22548,24202,17
2015,E08000006,Salford,20410,22897,83
2016,E08000006,Salford,21505,24278,82
2017,E08000006,Salford,21702,24619,83
2018,E08000006,Salford,21999,24908,84
2019,E08000006,Salford,22536,25819,91
2020,E08000006,Salford,24007,29428,88
2021,E08000006,Salford,23303,26508,88
2022,E08000006,Salford,27986,30078,85
2023,E08000006,Salford,27237,31533,97
2024,E08000006,Salford,30605,34698,91
2025,E08000006,Salford,30495,35495,107
2015,E08000028,Sandwell,20224,22291,97
2016,E08000028,Sandwell,20562,22675,95
2017,E08000028,Sandwell,20254,23088,98
2018,E08000028,Sandwell,21552,23451,96
2019,E08000028,Sandwell,21336,23780,97
2020,E08000028,Sandwell,22241,24501,94
2021,E08000028,Sandwell,22853,25171,91
2022,E08000028,Sandwell,23750,25675,106
2023,E08000028,Sandwell,26262,27708,107
2024,E08000028,Sandwell,27409,30433,94
2025,E08000028,Sandwell,27652,29914,105
2015,E07000168,Scarborough,19618,21796,35
2016,E07000168,Scarborough,18137,20252,33
2017,E07000168,Scarborough,20463,22304,33
2018,E07000168,Scarborough,20861,22600,30
2019,E07000168,Scarborough,20792,22871,35
2020,E07000168,Scarborough,21515,23894,39
2021,E07000168,Scarborough,22441,25115,41
2015,E07000188,Sedgemoor,19888,26116,44
2016,E07000188,Sedgemoor,19728,25612,45
2017,E07000188,Sedgemoor,19759,25602,48
2018,E07000188,Sedgemoor,20784,26472,41
2019,E07000188,Sedgemoor,21523,27478,41
2020,E07000188,Sedgemoor,21914,27246,40
2021,E07000188,Sedgemoor,21790,27859,44
2015,E08000014,Sefton,21071,23867,94
2016,E08000014,Sefton,21701,24072,92
2017,E08000014,Sefton,22149,25648,90
2018,E08000014,Sefton,22606,25897,96
2019,E08000014,Sefton,23637,27036,95
2020,E08000014,Sefton,23921,26763,87
2021,E08000014,Sefton,23755,26986,93
2022,E08000014,Sefton,24567,28206,88
2023,E08000014,Sefton,26878,30761,93
2024,E08000014,Sefton,27377,32629,94
2025,E08000014,Sefton,29335,34350,102
2015,E07000169,Selby,,27697,33
2016,E07000169,Selby,23952,27888,34
2017,E07000169,Selby,24829,28301,33
2018,E07000169,Selby,27200,32728,31
2019,E07000169,Selby,27050,31619,33
2020,E07000169,Selby,27427,31012,39
2021,E07000169,Selby,28812,32624,37
2015,E07000111,Sevenoaks,24081,42972,36
2016,E07000111,Sevenoaks,25523,37868,35
2017,E07000111,Sevenoaks,27247,39678,34
2018,E07000111,Sevenoaks,26384,40393,37
2019,E07000111,Sevenoaks,30163,48253,35
2020,E07000111,Sevenoaks,,36058,39
2021,E07000111,Sevenoaks,,41777,42
2022,E07000111,Sevenoaks,25555,36311,37
2023,E07000111,Sevenoaks,,41405,38
2024,E07000111,Sevenoaks,35408,45088,40
2025,E07000111,Sevenoaks,34969,50441,41
2015,E08000019,Sheffield,20173,23230,193
2016,E08000019,Sheffield,21437,23879,193
2017,E08000019,Sheffield,21944,25323,189
2018,E08000019,Sheffield,22320,25706,190
2019,E08000019,Sheffield,23296,26592,187
2020,E08000019,Sheffield,24264,27088,175
2021,E08000019,Sheffield,25001,28231,175
2022,E08000019,Sheffield,25890,30034,160
2023,E08000019,Sheffield,27811,31438,181
2024,E08000039,Sheffield,30186,33863,210
2025,E08000039,Sheffield,31816,36570,214
2015,E07000112,Shepway,22612,27105,31
2016,E07000112,Shepway,21605,24945,33
2016,E06000051,Shropshire,21363,26371,100
2017,E06000051,Shropshire,22461,26402,96
2018,E06000051,Shropshire,22534,26455,101
2019,E06000051,Shropshire,23707,28192,108
2015,E06000051,Shropshire UA,20317,25347,104
2020,E06000051,Shropshire UA,23045,28286,116
2021,E06000051,Shropshire UA,23750,28096,114
2022,E06000051,Shropshire UA,26199,31056,117
2023,E06000051,Shropshire UA,27487,32966,115
2024,E06000051,Shropshire UA,29576,34477,107
2025,E06000051,Shropshire UA,29603,34822,109
2016,E06000039,Slough,25124,27508,47
2017,E06000039,Slough,25939,27788,48
2018,E06000039,Slough,28078,29197,45
2019,E06000039,Slough,28086,,43
2015,E06000039,Slough UA,26274,28067,48
2020,E06000039,Slough UA,28009,30328,55
2021,E06000039,Slough UA,29758,33065,52
2022,E06000039,Slough UA,30409,34820,43
2023,E06000039,Slough UA,33385,36512,46
2024,E06000039,Slough UA,33517,38677,51
2025,E06000039,Slough UA,35521,39266,56
2015,E08000029,Solihull,24435,29608,71
2016,E08000029,Solihull,24882,30873,67
2017,E08000029,Solihull,24179,32090,72
2018,E08000029,Solihull,25599,33596,70
2019,E08000029,Solihull,27583,36595,68
2020,E08000029,Solihull,29170,,69
2021,E08000029,Solihull,30392,,69
2022,E08000029,Solihull,31655,37913,71
2023,E08000029,Solihull,33627,38546,70
2024,E08000029,Solihull,33826,40216,66
2025,E08000029,Solihull,36672,45884,74
2015,E10000027,Somerset,20000,24261,196
2016,E10000027,Somerset,20635,25319,191
2017,E10000027,Somerset,20785,24454,189
2018,E10000027,Somerset,20916,25016,179
2019,E10000027,Somerset,22072,26153,189
2020,E10000027,Somerset,23447,26908,200
2021,E10000027,Somerset,23128,26971,226
2022,E06000066,Somerset UA,25251,29276,187
2023,E06000066,Somerset UA,26418,30457,199
2024,E06000066,Somerset UA,28807,32853,212
2025,E06000066,Somerset UA,29908,34571,213
2018,E07000246,Somerset West and Taunton,20012,25131,44
2019,E07000246,Somerset West and Taunton,21564,25486,51
2020,E07000246,Somerset West and Taunton,23448,27262,54
2021,E07000246,Somerset West and Taunton,23604,26383,59
2015,E07000006,South Bucks,,,
2016,E07000006,South Bucks,30135,43554,23
2017,E07000006,South Bucks,,,
2018,E07000006,South Bucks,29467,46937,23
2015,E07000012,South Cambridgeshire,26726,34765,67
2016,E07000012,South Cambridgeshire,29374,38149,62
2017,E07000012,South Cambridgeshire,26584,35855,63
2018,E07000012,South Cambridgeshire,29794,38350,64
2019,E07000012,South Cambridgeshire,32852,39600,68
2020,E07000012,South Cambridgeshire,31561,39051,73
2021,E07000012,South Cambridgeshire,33715,40616,66
2022,E07000012,South Cambridgeshire,35643,40180,71
2023,E07000012,South Cambridgeshire,37309,44474,70
2024,E07000012,South Cambridgeshire,36945,54271,69
2025,E07000012,South Cambridgeshire,42690,58265,81
2015,E07000039,South Derbyshire,23993,27580,37
2016,E07000039,South Derbyshire,24588,30479,35
2017,E07000039,South Derbyshire,24689,29874,38
2018,E07000039,South Derbyshire,26709,32936,40
2019,E07000039,South Derbyshire,27450,32089,42
2020,E07000039,South Derbyshire,29138,34142,46
2021,E07000039,South Derbyshire,28712,32332,46
2022,E07000039,South Derbyshire,29385,31649,48
2023,E07000039,South Derbyshire,32055,34767,46
2024,E07000039,South Derbyshire,34080,36766,47
2025,E07000039,South Derbyshire,35452,40580,47
2016,E06000025,South Gloucestershire,23328,27377,108
2017,E06000025,South Gloucestershire,23205,27104,111
2018,E06000025,South Gloucestershire,23886,27813,108
2019,E06000025,South Gloucestershire,24777,27925,115
2015,E06000025,South Gloucestershire UA,23033,27452,108
2020,E06000025,South Gloucestershire UA,26576,30990,107
2021,E06000025,South Gloucestershire UA,26020,29293,116
2022,E06000025,South Gloucestershire UA,28895,31896,112
2023,E06000025,South Gloucestershire UA,31099,34652,126
2024,E06000025,South Gloucestershire UA,33798,37715,118
2025,E06000025,South Gloucestershire UA,35002,38727,133
2015,E07000044,South Hams,,22682,24
2016,E07000044,South Hams,,23273,23
2017,E07000044,South Hams,21666,25055,26
2018,E07000044,South Hams,20889,25262,23
2019,E07000044,South Hams,20110,23763,24
2020,E07000044,South Hams,21338,23866,25
2021,E07000044,South Hams,24066,29005,23
2022,E07000044,South Hams,26514,28290,26
2023,E07000044,South Hams,24077,29375,25
2024,E07000044,South Hams,29455,33227,26
2025,E07000044,South Hams,29721,33638,27
2015,E07000140,South Holland,21555,23729,31
2016,E07000140,South Holland,22195,24693,32
2017,E07000140,South Holland,21645,24135,31
2018,E07000140,South Holland,22446,25558,32
2019,E07000140,South Holland,23844,26867,33
2020,E07000140,South Holland,24858,28287,29
2021,E07000140,South Holland,24899,29565,37
2022,E07000140,South Holland,25987,29698,37
2023,E07000140,South Holland,,31571,36
2024,E07000140,South Holland,30712,33335,35
2025,E07000140,South Holland,30196,34626,38
2015,E07000141,South Kesteven,19813,26708,47
2016,E07000141,South Kesteven,19599,25251,44
2017,E07000141,South Kesteven,21422,26305,46
2018,E07000141,South Kesteven,21032,25972,48
2019,E07000141,South Kesteven,22470,28001,48
2020,E07000141,South Kesteven,22845,28099,50
2021,E07000141,South Kesteven,24341,28610,54
2022,E07000141,South Kesteven,25906,31159,48
2023,E07000141,South Kesteven,27142,34565,51
2024,E07000141,South Kesteven,29032,36130,52
2025,E07000141,South Kesteven,29071,37654,52
2015,E07000031,South Lakeland,20558,24743,41
2016,E07000031,South Lakeland,23569,27301,39
2017,E07000031,South Lakeland,,26212,40
2018,E07000031,South Lakeland,23559,27942,39
2019,E07000031,South Lakeland,24451,30506,39
2020,E07000031,South Lakeland,25576,28733,37
2021,E07000031,South Lakeland,25174,27537,39
2015,E07000149,South Norfolk,21950,27362,50
2016,E07000149,South Norfolk,22708,27494,49
2017,E07000149,South Norfolk,22169,25315,51
2018,E07000149,South Norfolk,24712,28675,48
2019,E07000149,South Norfolk,25178,28658,52
2020,E07000149,South Norfolk,24032,28433,49
2021,E07000149,South Norfolk,26577,29212,54
2022,E07000149,South Norfolk,27851,31273,43
2023,E07000149,South Norfolk,29422,32915,54
2024,E07000149,South Norfolk,33815,37183,58
2025,E07000149,South Norfolk,32934,35402,66
2015,E07000155,South Northamptonshire,24731,30630,31
2016,E07000155,South Northamptonshire,,32029,31
2017,E07000155,South Northamptonshire,28498,33224,35
2018,E07000155,South Northamptonshire,26078,33455,33
2019,E07000155,South Northamptonshire,,32768,36
2015,E07000179,South Oxfordshire,27146,43631,45
2016,E07000179,South Oxfordshire,29892,40778,45
2017,E07000179,South Oxfordshire,29826,35013,50
2018,E07000179,South Oxfordshire,30672,40886,51
2019,E07000179,South Oxfordshire,32811,41436,50
2020,E07000179,South Oxfordshire,33619,41418,57
2021,E07000179,South Oxfordshire,31031,39072,64
2022,E07000179,South Oxfordshire,34351,41739,51
2023,E07000179,South Oxfordshire,37030,43563,54
2024,E07000179,South Oxfordshire,38006,,58
2025,E07000179,South Oxfordshire,43026,62328,59
2015,E07000126,South Ribble,21831,28106,40
2016,E07000126,South Ribble,22269,29298,44
2017,E07000126,South Ribble,22944,25374,41
2018,E07000126,South Ribble,22721,26452,42
2019,E07000126,South Ribble,22953,28309,43
2020,E07000126,South Ribble,24077,27119,40
2021,E07000126,South Ribble,24148,26400,42
2022,E07000126,South Ribble,25986,29542,40
2023,E07000126,South Ribble,29341,34505,38
2024,E07000126,South Ribble,32123,38966,43
2025,E07000126,South Ribble,32740,36183,47
2015,E07000189,South Somerset,19421,21824,60
2016,E07000189,South Somerset,19812,22686,57
2017,E07000189,South Somerset,21469,23090,55
2018,E07000189,South Somerset,21342,23211,55
2019,E07000189,South Somerset,22931,24789,55
2020,E07000189,South Somerset,24028,26946,65
2021,E07000189,South Somerset,23956,26615,74
2015,E07000196,South Staffordshire,23424,27089,39
2016,E07000196,South Staffordshire,24025,27247,39
2017,E07000196,South Staffordshire,25063,29608,38
2018,E07000196,South Staffordshire,25913,30398,38
2019,E07000196,South Staffordshire,26210,30800,41
2020,E07000196,South Staffordshire,29869,32056,39
2021,E07000196,South Staffordshire,27787,29498,43
2022,E07000196,South Staffordshire,28458,31497,37
2023,E07000196,South Staffordshire,30694,33143,37
2024,E07000196,South Staffordshire,30833,35658,40
2025,E07000196,South Staffordshire,31766,35993,44
2015,E08000023,South Tyneside,20265,24028,50
2016,E08000023,South Tyneside,21039,25018,46
2017,E08000023,South Tyneside,20910,25085,47
2018,E08000023,South Tyneside,22040,25656,40
2019,E08000023,South Tyneside,20764,24785,45
2020,E08000023,South Tyneside,21965,27034,45
2021,E08000023,South Tyneside,22863,27219,40
2022,E08000023,South Tyneside,24971,27269,53
2023,E08000023,South Tyneside,25613,27349,49
2024,E08000023,South Tyneside,27564,30671,48
2025,E08000023,South Tyneside,28784,32336,46
2016,E06000045,Southampton,20908,23472,83
2017,E06000045,Southampton,22465,24362,82
2018,E06000045,Southampton,22039,23961,79
2019,E06000045,Southampton,24313,26092,87
2015,E06000045,Southampton UA,21156,23383,77
2020,E06000045,Southampton UA,25384,28797,98
2021,E06000045,Southampton UA,26970,29656,108
2022,E06000045,Southampton UA,29457,31319,94
2023,E06000045,Southampton UA,28078,30573,89
2024,E06000045,Southampton UA,29874,33389,97
2025,E06000045,Southampton UA,32907,34762,101
2016,E06000033,Southend-on-Sea,25124,30402,59
2017,E06000033,Southend-on-Sea,23855,28399,59
2018,E06000033,Southend-on-Sea,25597,31343,58
2019,E06000033,Southend-on-Sea,27022,32989,59
2015,E06000033,Southend-on-Sea UA,22901,28272,58
2020,E06000033,Southend-on-Sea UA,26814,33238,58
2021,E06000033,Southend-on-Sea UA,27557,33844,58
2022,E06000033,Southend-on-Sea UA,29051,35356,49
2023,E06000033,Southend-on-Sea UA,32004,37099,57
2024,E06000033,Southend-on-Sea UA,34885,40835,64
2025,E06000033,Southend-on-Sea UA,33594,43321,61
2015,E09000028,Southwark,29980,35941,93
2016,E09000028,Southwark,30000,35720,95
2017,E09000028,Southwark,30483,37773,100
2018,E09000028,Southwark,32290,37769,95
2019,E09000028,Southwark,35056,42639,103
2020,E09000028,Southwark,34278,44422,99
2021,E09000028,Southwark,34193,42628,105
2022,E09000028,Southwark,34663,47172,100
2023,E09000028,Southwark,38636,51264,100
2024,E09000028,Southwark,39396,51906,116
2025,E09000028,Southwark,43006,56656,118
2015,E07000213,Spelthorne,29799,32529,37
2016,E07000213,Spelthorne,30754,33782,38
2017,E07000213,Spelthorne,29218,34194,36
2018,E07000213,Spelthorne,28472,32146,35
2019,E07000213,Spelthorne,29145,33747,37
2020,E07000213,Spelthorne,29681,34246,40
2021,E07000213,Spelthorne,31440,,38
2022,E07000213,Spelthorne,,39225,34
2023,E07000213,Spelthorne,35835,40499,34
2024,E07000213,Spelthorne,36456,44229,36
2025,E07000213,Spelthorne,37918,45983,40
2015,E07000240,St Albans,32143,42832,55
2016,E07000240,St Albans,33456,46328,55
2017,E07000240,St Albans,32774,48561,52
2018,E07000240,St Albans,34837,52906,64
2019,E07000240,St Albans,34084,47466,56
2020,E07000240,St Albans,,52374,52
2021,E07000240,St Albans,37111,50071,60
2022,E07000240,St Albans,37093,57673,53
2023,E07000240,St Albans,39792,58367,54
2024,E07000240,St Albans,41926,66522,53
2025,E07000240,St Albans,45543,68368,53
2015,E07000204,St Edmundsbury,22468,26573,42
2016,E07000204,St Edmundsbury,23183,27658,42
2017,E07000204,St Edmundsbury,25163,29256,42
2015,E08000013,St. Helens,20975,23934,60
2016,E08000013,St. Helens,22850,24943,59
2017,E08000013,St. Helens,21644,24790,61
2018,E08000013,St. Helens,22859,25877,59
2019,E08000013,St. Helens,24650,27186,62
2020,E08000013,St. Helens,25541,27936,55
2021,E08000013,St. Helens,25745,29521,59
2022,E08000013,St. Helens,27558,32060,56
2023,E08000013,St. Helens,28098,32590,59
2024,E08000013,St. Helens,30215,34018,64
2025,E08000013,St. Helens,31443,36361,73
2015,E07000197,Stafford,21668,26634,43
2016,E07000197,Stafford,22521,27766,44
2017,E07000197,Stafford,22700,27019,43
2018,E07000197,Stafford,24168,28083,48
2019,E07000197,Stafford,26696,30500,45
2020,E07000197,Stafford,26035,30443,44
2021,E07000197,Stafford,26249,30195,52
2022,E07000197,Stafford,29753,34836,50
2023,E07000197,Stafford,32779,37612,51
2024,E07000197,Stafford,35363,41358,50
2025,E07000197,Stafford,33872,39033,51
2015,E10000028,Staffordshire,21275,24836,314
2016,E10000028,Staffordshire,22323,26560,296
2017,E10000028,Staffordshire,22770,27015,292
2018,E10000028,Staffordshire,23580,27980,301
2019,E10000028,Staffordshire,24585,28307,304
2020,E10000028,Staffordshire,25489,29392,300
2021,E10000028,Staffordshire,25845,28694,330
2022,E10000028,Staffordshire,27307,30980,320
2023,E10000028,Staffordshire,29307,33397,311
2024,E10000028,Staffordshire,31312,38741,318
2025,E10000028,Staffordshire,32091,36849,336
2015,E07000198,Staffordshire Moorlands,21224,23652,36
2016,E07000198,Staffordshire Moorlands,21738,24645,33
2017,E07000198,Staffordshire Moorlands,21833,25915,33
2018,E07000198,Staffordshire Moorlands,22139,26212,32
2019,E07000198,Staffordshire Moorlands,24709,28186,33
2020,E07000198,Staffordshire Moorlands,25443,29591,35
2021,E07000198,Staffordshire Moorlands,25906,28728,36
2022,E07000198,Staffordshire Moorlands,26978,30110,36
2023,E07000198,Staffordshire Moorlands,30565,35117,34
2024,E07000198,Staffordshire Moorlands,29976,34652,36
2025,E07000198,Staffordshire Moorlands,31065,37398,40
2015,E07000243,Stevenage,25183,28094,36
2016,E07000243,Stevenage,23402,26945,32
2017,E07000243,Stevenage,23490,27689,33
2018,E07000243,Stevenage,,29805,
2019,E07000243,Stevenage,25161,27267,30
2020,E07000243,Stevenage,26133,33536,25
2021,E07000243,Stevenage,23640,29135,34
2022,E07000243,Stevenage,28397,31206,29
2023,E07000243,Stevenage,28195,30655,30
2024,E07000243,Stevenage,31702,35835,34
2025,E07000243,Stevenage,35747,40194,34
2015,E08000007,Stockport,23058,27276,104
2016,E08000007,Stockport,23271,28024,102
2017,E08000007,Stockport,24260,28968,107
2018,E08000007,Stockport,25078,30372,102
2019,E08000007,Stockport,26005,31716,109
2020,E08000007,Stockport,26292,32249,105
2021,E08000007,Stockport,25422,32017,103
2022,E08000007,Stockport,28078,33513,92
2023,E08000007,Stockport,30327,35191,105
2024,E08000007,Stockport,31238,37226,104
2025,E08000007,Stockport,33565,38491,113
2016,E06000004,Stockton-on-Tees,21923,24916,65
2017,E06000004,Stockton-on-Tees,22428,25027,66
2018,E06000004,Stockton-on-Tees,21781,26622,70
2019,E06000004,Stockton-on-Tees,23237,27051,72
2015,E06000004,Stockton-on-Tees UA,21048,23967,68
2020,E06000004,Stockton-on-Tees UA,24347,27865,63
2021,E06000004,Stockton-on-Tees UA,24598,26586,64
2022,E06000004,Stockton-on-Tees UA,27024,28978,63
2023,E06000004,Stockton-on-Tees UA,27205,30463,68
2024,E06000004,Stockton-on-Tees UA,28467,31745,64
2025,E06000004,Stockton-on-Tees UA,29877,34725,69
2016,E06000021,Stoke-on-Trent,20020,22643,85
2017,E06000021,Stoke-on-Trent,21000,23139,83
2018,E06000021,Stoke-on-Trent,22027,24502,80
2019,E06000021,Stoke-on-Trent,22169,25215,85
2015,E06000021,Stoke-on-Trent UA,19090,21129,84
2020,E06000021,Stoke-on-Trent UA,23499,26541,87
2021,E06000021,Stoke-on-Trent UA,22769,25493,96
2022,E06000021,Stoke-on-Trent UA,24248,26261,93
2023,E06000021,Stoke-on-Trent UA,26122,27839,94
2024,E06000021,Stoke-on-Trent UA,26962,28929,92
2025,E06000021,Stoke-on-Trent UA,29041,31875,89
2015,E07000221,Stratford-on-Avon,23151,31609,39
2016,E07000221,Stratford-on-Avon,24144,32703,44
2017,E07000221,Stratford-on-Avon,25441,32882,46
2018,E07000221,Stratford-on-Avon,26453,34261,46
2019,E07000221,Stratford-on-Avon,25773,,45
2020,E07000221,Stratford-on-Avon,28081,34025,50
2021,E07000221,Stratford-on-Avon,27007,35352,50
2022,E07000221,Stratford-on-Avon,31554,36621,50
2023,E07000221,Stratford-on-Avon,,39560,47
2024,E07000221,Stratford-on-Avon,31576,40034,46
2025,E07000221,Stratford-on-Avon,34847,50938,54
2015,E07000082,Stroud,23195,29032,46
2016,E07000082,Stroud,23783,30003,44
2017,E07000082,Stroud,24321,28920,47
2018,E07000082,Stroud,24000,28761,46
2019,E07000082,Stroud,24401,28424,45
2020,E07000082,Stroud,,30058,39
2021,E07000082,Stroud,25159,30302,44
2022,E07000082,Stroud,27590,33186,42
2023,E07000082,Stroud,30501,34689,38
2024,E07000082,Stroud,30616,33303,44
2025,E07000082,Stroud,33495,36741,46
2015,E10000029,Suffolk,21133,26065,268
2016,E10000029,Suffolk,21901,27150,266
2017,E10000029,Suffolk,22440,27935,267
2018,E10000029,Suffolk,23184,28392,252
2019,E10000029,Suffolk,23645,29165,259
2020,E10000029,Suffolk,24464,29499,272
2021,E10000029,Suffolk,24770,29035,283
2022,E10000029,Suffolk,25826,30302,284
2023,E10000029,Suffolk,28726,32800,285
2024,E10000029,Suffolk,30055,35427,294
2025,E10000029,Suffolk,31304,37090,302
2015,E07000205,Suffolk Coastal,,28713,45
2016,E07000205,Suffolk Coastal,25369,30007,44
2017,E07000205,Suffolk Coastal,,30932,46
2015,E08000024,Sunderland,20367,23046,99
2016,E08000024,Sunderland,20916,23525,91
2017,E08000024,Sunderland,21178,23865,94
2018,E08000024,Sunderland,20776,23743,97
2019,E08000024,Sunderland,21655,24175,96
2020,E08000024,Sunderland,22723,25073,93
2021,E08000024,Sunderland,21944,23837,95
2022,E08000024,Sunderland,23526,25558,98
2023,E08000024,Sunderland,25268,27719,102
2024,E08000024,Sunderland,28271,30960,92
2025,E08000024,Sunderland,27989,30972,92
2015,E10000030,Surrey,28401,36791,401
2016,E10000030,Surrey,29046,37213,418
2017,E10000030,Surrey,30260,39448,411
2018,E10000030,Surrey,30387,40723,411
2019,E10000030,Surrey,31586,43311,409
2020,E10000030,Surrey,30617,43188,424
2021,E10000030,Surrey,31619,42296,450
2022,E10000030,Surrey,34684,46335,408
2023,E10000030,Surrey,36652,48965,395
2024,E10000030,Surrey,39276,54231,429
2025,E10000030,Surrey,39473,54131,456
2015,E07000214,Surrey Heath,28856,34747,30
2016,E07000214,Surrey Heath,31432,36377,30
2017,E07000214,Surrey Heath,34496,40560,30
2018,E07000214,Surrey Heath,34290,41945,30
2019,E07000214,Surrey Heath,33961,43333,29
2020,E07000214,Surrey Heath,35759,44755,33
2021,E07000214,Surrey Heath,36930,45475,35
2022,E07000214,Surrey Heath,,45546,
2023,E07000214,Surrey Heath,39997,49031,30
2024,E07000214,Surrey Heath,40950,,34
2025,E07000214,Surrey Heath,37793,,33
2015,E09000029,Sutton,26337,29692,66
2016,E09000029,Sutton,26679,30690,71
2017,E09000029,Sutton,27383,31462,70
2018,E09000029,Sutton,28617,33941,69
2019,E09000029,Sutton,29925,36002,67
2020,E09000029,Sutton,28387,34731,65
2021,E09000029,Sutton,29931,35259,75
2022,E09000029,Sutton,29864,35354,64
2023,E09000029,Sutton,32720,39259,60
2024,E09000029,Sutton,37049,42093,71
2025,E09000029,Sutton,38359,46228,75
2015,E07000113,Swale,23603,25671,43
2016,E07000113,Swale,23539,26094,49
2017,E07000113,Swale,25406,26872,47
2018,E07000113,Swale,26609,28864,50
2019,E07000113,Swale,25995,30233,47
2020,E07000113,Swale,25411,30056,55
2021,E07000113,Swale,26053,31762,60
2022,E07000113,Swale,29586,34697,53
2023,E07000113,Swale,30477,34391,50
2024,E07000113,Swale,31675,35981,47
2025,E07000113,Swale,33647,38181,53
2015,W06000011,Swansea / Abertawe,20035,23091,79
2016,W06000011,Swansea / Abertawe,20506,23846,79
2017,W06000011,Swansea / Abertawe,21150,24677,77
2018,W06000011,Swansea / Abertawe,22997,25743,76
2019,W06000011,Swansea / Abertawe,23026,25133,80
2020,W06000011,Swansea / Abertawe,23700,25460,77
2021,W06000011,Swansea / Abertawe,23485,26225,80
2022,W06000011,Swansea / Abertawe,25871,27905,77
2023,W06000011,Swansea / Abertawe,26965,29931,84
2024,W06000011,Swansea / Abertawe,29217,31485,86
2025,W06000011,Swansea / Abertawe,32091,35131,99
2016,E06000030,Swindon,24897,27141,87
2017,E06000030,Swindon,24677,27946,91
2018,E06000030,Swindon,25407,28230,90
2019,E06000030,Swindon,27234,30469,96
2015,E06000030,Swindon UA,23320,26099,91
2020,E06000030,Swindon UA,27212,31123,96
2021,E06000030,Swindon UA,27247,31977,98
2022,E06000030,Swindon UA,28202,34109,89
2023,E06000030,Swindon UA,31310,36621,95
2024,E06000030,Swindon UA,32921,37404,89
2025,E06000030,Swindon UA,33135,38087,98
2015,E08000008,Tameside,19746,22634,77
2016,E08000008,Tameside,20023,22102,76
2017,E08000008,Tameside,20492,23193,76
2018,E08000008,Tameside,21923,23571,75
2019,E08000008,Tameside,22724,24510,77
2020,E08000008,Tameside,22264,24923,70
2021,E08000008,Tameside,23278,25805,70
2022,E08000008,Tameside,24991,28742,70
2023,E08000008,Tameside,27118,29954,70
2024,E08000008,Tameside,29140,31436,79
2025,E08000008,Tameside,29877,32748,83
2015,E07000199,Tamworth,20494,23452,31
2016,E07000199,Tamworth,21882,25068,27
2017,E07000199,Tamworth,22561,27018,28
2018,E07000199,Tamworth,22545,25739,25
2019,E07000199,Tamworth,24472,26345,23
2020,E07000199,Tamworth,23619,26274,24
2021,E07000199,Tamworth,24125,26638,29
2022,E07000199,Tamworth,26867,28958,28
2023,E07000199,Tamworth,29322,31886,25
2024,E07000199,Tamworth,31386,32749,27
2025,E07000199,Tamworth,33167,35654,33
2015,E07000215,Tandridge,27536,33430,28
2016,E07000215,Tandridge,25930,34094,29
2017,E07000215,Tandridge,30351,36029,30
2018,E07000215,Tandridge,30944,40378,33
2019,E07000215,Tandridge,29014,36741,31
2020,E07000215,Tandridge,,35045,32
2021,E07000215,Tandridge,30006,41660,32
2022,E07000215,Tandridge,34699,47256,31
2023,E07000215,Tandridge,33632,39075,26
2024,E07000215,Tandridge,32846,38699,32
2025,E07000215,Tandridge,33316,42974,33
2015,E07000190,Taunton Deane,21450,25439,42
2016,E07000190,Taunton Deane,22750,27961,43
2017,E07000190,Taunton Deane,22073,25844,39
2015,E07000045,Teignbridge,19843,22541,41
2016,E07000045,Teignbridge,19408,22818,40
2017,E07000045,Teignbridge,19275,22841,41
2018,E07000045,Teignbridge,20279,23794,40
2019,E07000045,Teignbridge,21243,25150,46
2020,E07000045,Teignbridge,20707,24276,43
2021,E07000045,Teignbridge,21499,25092,42
2022,E07000045,Teignbridge,23370,27382,39
2023,E07000045,Teignbridge,25261,29482,49
2024,E07000045,Teignbridge,28150,32755,46
2025,E07000045,Teignbridge,28911,33150,46
2016,E06000020,Telford and Wrekin,20884,24338,62
2017,E06000020,Telford and Wrekin,20687,23607,64
2018,E06000020,Telford and Wrekin,20919,23856,66
2019,E06000020,Telford and Wrekin,22531,25821,66
2015,E06000020,Telford and Wrekin UA,19309,23526,62
2020,E06000020,Telford and Wrekin UA,23520,26390,71
2021,E06000020,Telford and Wrekin UA,23355,25296,74
2022,E06000020,Telford and Wrekin UA,26318,28562,69
2023,E06000020,Telford and Wrekin UA,28783,30464,74
2024,E06000020,Telford and Wrekin UA,29745,31840,74
2025,E06000020,Telford and Wrekin UA,31459,34296,71
2015,E07000076,Tendring,21366,22867,39
2016,E07000076,Tendring,20682,24623,41
2017,E07000076,Tendring,21391,26201,41
2018,E07000076,Tendring,21222,24841,41
2019,E07000076,Tendring,21626,25770,43
2020,E07000076,Tendring,,24948,43
2021,E07000076,Tendring,25262,28561,45
2022,E07000076,Tendring,,31963,41
2023,E07000076,Tendring,25014,30843,41
2024,E07000076,Tendring,29832,34302,45
2025,E07000076,Tendring,29545,36437,51
2015,E07000093,Test Valley,24625,30033,50
2016,E07000093,Test Valley,25451,31940,46
2017,E07000093,Test Valley,26535,33944,52
2018,E07000093,Test Valley,25588,32490,53
2019,E07000093,Test Valley,,31059,49
2020,E07000093,Test Valley,27974,31613,63
2021,E07000093,Test Valley,28520,32038,66
2022,E07000093,Test Valley,29948,33909,57
2023,E07000093,Test Valley,31767,36484,54
2024,E07000093,Test Valley,32384,38133,60
2025,E07000093,Test Valley,35314,41780,58
2015,E07000083,Tewkesbury,23468,29607,30
2016,E07000083,Tewkesbury,23321,27432,30
2017,E07000083,Tewkesbury,23186,27651,28
2018,E07000083,Tewkesbury,,,
2019,E07000083,Tewkesbury,24721,28551,30
2020,E07000083,Tewkesbury,26585,28933,29
2021,E07000083,Tewkesbury,28308,29495,32
2022,E07000083,Tewkesbury,,,31
2023,E07000083,Tewkesbury,28305,33615,36
2024,E07000083,Tewkesbury,30079,36316,39
2025,E07000083,Tewkesbury,31603,36653,38
2015,E07000114,Thanet,17518,21263,39
2016,E07000114,Thanet,18476,23111,43
2017,E07000114,Thanet,18111,22387,39
2018,E07000114,Thanet,18880,22388,42
2019,E07000114,Thanet,21064,24905,41
2020,E07000114,Thanet,22603,26615,41
2021,E07000114,Thanet,22730,26701,43
2022,E07000114,Thanet,24652,29652,44
2023,E07000114,Thanet,27235,30654,43
2024,E07000114,Thanet,28101,33492,41
2025,E07000114,Thanet,28323,35816,41
2015,E07000102,Three Rivers,26369,31629,33
2016,E07000102,Three Rivers,26383,38878,28
2017,E07000102,Three Rivers,27939,,28
2018,E07000102,Three Rivers,27997,44711,30
2019,E07000102,Three Rivers,27844,36254,28
2020,E07000102,Three Rivers,30489,43818,33
2021,E07000102,Three Rivers,29266,38721,35
2022,E07000102,Three Rivers,33062,43678,33
2023,E07000102,Three Rivers,34371,47664,29
2024,E07000102,Three Rivers,39371,48835,29
2025,E07000102,Three Rivers,39615,57263,34
2016,E06000034,Thurrock,24788,27233,54
2017,E06000034,Thurrock,25366,28943,55
2018,E06000034,Thurrock,24848,28130,56
2019,E06000034,Thurrock,26931,30713,58
2015,E06000034,Thurrock UA,24190,27433,51
2020,E06000034,Thurrock UA,28561,31512,58
2021,E06000034,Thurrock UA,29390,33358,57
2022,E06000034,Thurrock UA,30820,34338,55
2023,E06000034,Thurrock UA,31959,37533,55
2024,E06000034,Thurrock UA,35318,40230,59
2025,E06000034,Thurrock UA,36407,42547,59
2015,E07000115,Tonbridge and Malling,27124,36260,43
2016,E07000115,Tonbridge and Malling,27160,35438,43
2017,E07000115,Tonbridge and Malling,,36587,50
2018,E07000115,Tonbridge and Malling,27587,36707,48
2019,E07000115,Tonbridge and Malling,29633,40707,47
2020,E07000115,Tonbridge and Malling,29876,39933,48
2021,E07000115,Tonbridge and Malling,31218,38925,55
2022,E07000115,Tonbridge and Malling,32444,37867,52
2023,E07000115,Tonbridge and Malling,31558,39952,48
2024,E07000115,Tonbridge and Malling,32641,41291,50
2025,E07000115,Tonbridge and Malling,35106,47335,51
2016,E06000027,Torbay,18763,20461,40
2017,E06000027,Torbay,19574,21500,44
2018,E06000027,Torbay,19054,21710,40
2019,E06000027,Torbay,20602,23282,44
2015,E06000027,Torbay UA,18185,20088,45
2020,E06000027,Torbay UA,21336,23258,43
2021,E06000027,Torbay UA,23293,24889,50
2022,E06000027,Torbay UA,23212,25612,47
2023,E06000027,Torbay UA,25265,28249,44
2024,E06000027,Torbay UA,26577,29988,48
2025,E06000027,Torbay UA,28963,33069,47
2015,W06000020,Torfaen / Torfaen,21227,23203,34
2016,W06000020,Torfaen / Torfaen,21758,24460,36
2017,W06000020,Torfaen / Torfaen,22972,25155,34
2018,W06000020,Torfaen / Torfaen,23542,25755,31
2019,W06000020,Torfaen / Torfaen,23386,26391,33
2020,W06000020,Torfaen / Torfaen,25659,28761,32
2021,W06000020,Torfaen / Torfaen,23370,27788,31
2022,W06000020,Torfaen / Torfaen,26302,29239,31
2023,W06000020,Torfaen / Torfaen,26635,28505,31
2024,W06000020,Torfaen / Torfaen,29146,32193,32
2025,W06000020,Torfaen / Torfaen,33201,43147,40
2015,E07000046,Torridge,17204,21201,23
2016,E07000046,Torridge,19146,21343,22
2017,E07000046,Torridge,20740,23292,20
2018,E07000046,Torridge,20667,22622,21
2019,E07000046,Torridge,20942,,22
2020,E07000046,Torridge,22313,26838,23
2021,E07000046,Torridge,,23447,27
2022,E07000046,Torridge,22263,24587,25
2023,E07000046,Torridge,,,
2024,E07000046,Torridge,28028,27655,26
2025,E07000046,Torridge,28752,30037,24
2015,E09000030,Tower Hamlets,29552,39136,80
2016,E09000030,Tower Hamlets,30824,39222,84
2017,E09000030,Tower Hamlets,32554,44120,91
2018,E09000030,Tower Hamlets,32389,45798,90
2019,E09000030,Tower Hamlets,38000,50651,102
2020,E09000030,Tower Hamlets,35788,48181,88
2021,E09000030,Tower Hamlets,35949,45076,101
2022,E09000030,Tower Hamlets,36436,46840,92
2023,E09000030,Tower Hamlets,41493,53875,93
2024,E09000030,Tower Hamlets,40204,52598,103
2025,E09000030,Tower Hamlets,45183,60317,106
2015,E08000009,Trafford,24762,30943,86
2016,E08000009,Trafford,26635,33985,82
2017,E08000009,Trafford,26167,33193,77
2018,E08000009,Trafford,28566,36338,81
2019,E08000009,Trafford,28757,35967,77
2020,E08000009,Trafford,27069,35910,80
2021,E08000009,Trafford,27882,35187,81
2022,E08000009,Trafford,30428,35976,79
2023,E08000009,Trafford,31459,37701,87
2024,E08000009,Trafford,33783,41610,89
2025,E08000009,Trafford,35593,42461,100
2015,E07000116,Tunbridge Wells,,37802,37
2016,E07000116,Tunbridge Wells,,34410,43
2017,E07000116,Tunbridge Wells,27624,36265,41
2018,E07000116,Tunbridge Wells,29912,36271,41
2019,E07000116,Tunbridge Wells,30453,38908,38
2020,E07000116,Tunbridge Wells,30442,49394,41
2021,E07000116,Tunbridge Wells,32352,,40
2022,E07000116,Tunbridge Wells,30203,39727,40
2023,E07000116,Tunbridge Wells,32120,46450,37
2024,E07000116,Tunbridge Wells,37335,49007,39
2025,E07000116,Tunbridge Wells,35319,55601,39
2015,E07000077,Uttlesford,25213,34730,31
2016,E07000077,Uttlesford,28964,41848,28
2017,E07000077,Uttlesford,28339,42312,26
2018,E07000077,Uttlesford,30819,43669,27
2019,E07000077,Uttlesford,,40712,29
2020,E07000077,Uttlesford,28995,39512,35
2021,E07000077,Uttlesford,26736,35104,32
2022,E07000077,Uttlesford,,,
2023,E07000077,Uttlesford,,44753,26
2024,E07000077,Uttlesford,36210,48321,30
2025,E07000077,Uttlesford,41006,,34
2015,W06000014,Vale of Glamorgan / Bro Morgannwg,22629,28044,40
2016,W06000014,Vale of Glamorgan / Bro Morgannwg,24566,30340,38
2017,W06000014,Vale of Glamorgan / Bro Morgannwg,24537,30284,40
2018,W06000014,Vale of Glamorgan / Bro Morgannwg,22774,30443,42
2019,W06000014,Vale of Glamorgan / Bro Morgannwg,25174,31734,41
2020,W06000014,Vale of Glamorgan / Bro Morgannwg,24922,30471,43
2021,W06000014,Vale of Glamorgan / Bro Morgannwg,26121,29462,44
2022,W06000014,Vale of Glamorgan / Bro Morgannwg,26213,29599,41
2023,W06000014,Vale of Glamorgan / Bro Morgannwg,28344,33603,41
2024,W06000014,Vale of Glamorgan / Bro Morgannwg,32675,37600,43
2025,W06000014,Vale of Glamorgan / Bro Morgannwg,31410,40189,50
2015,E07000180,Vale of White Horse,,30395,52
2016,E07000180,Vale of White Horse,28877,34113,51
2017,E07000180,Vale of White Horse,29913,34511,51
2018,E07000180,Vale of White Horse,30398,35462,49
2019,E07000180,Vale of White Horse,30598,37262,52
2020,E07000180,Vale of White Horse,31502,37625,56
2021,E07000180,Vale of White Horse,32099,37016,64
2022,E07000180,Vale of White Horse,34607,39074,59
2023,E07000180,Vale of White Horse,35215,38824,59
2024,E07000180,Vale of White Horse,38244,42397,63
2025,E07000180,Vale of White Horse,38859,46710,65
2015,E08000036,Wakefield,19791,22875,119
2016,E08000036,Wakefield,20782,23011,119
2017,E08000036,Wakefield,21089,24118,116
2018,E08000036,Wakefield,21027,24190,123
2019,E08000036,Wakefield,22470,25556,117
2020,E08000036,Wakefield,22182,26523,116
2021,E08000036,Wakefield,23389,27471,123
2022,E08000036,Wakefield,24832,28928,119
2023,E08000036,Wakefield,26103,29388,120
2024,E08000036,Wakefield,29087,32347,124
2025,E08000036,Wakefield,29954,32083,138
2015,E08000030,Walsall,19401,21932,86
2016,E08000030,Walsall,19417,21812,82
2017,E08000030,Walsall,19941,22425,78
2018,E08000030,Walsall,20693,22988,84
2019,E08000030,Walsall,22021,23952,83
2020,E08000030,Walsall,23819,25835,78
2021,E08000030,Walsall,23009,26781,81
2022,E08000030,Walsall,23626,26203,82
2023,E08000030,Walsall,26326,,85
2024,E08000030,Walsall,28056,32067,80
2025,E08000030,Walsall,29112,32610,94
2015,E09000031,Waltham Forest,25620,28051,83
2016,E09000031,Waltham Forest,26043,29434,80
2017,E09000031,Waltham Forest,26343,31531,84
2018,E09000031,Waltham Forest,28630,32167,85
2019,E09000031,Waltham Forest,29300,34831,83
2020,E09000031,Waltham Forest,32397,37827,83
2021,E09000031,Waltham Forest,31996,36836,89
2022,E09000031,Waltham Forest,34833,39443,81
2023,E09000031,Waltham Forest,34407,41214,82
2024,E09000031,Waltham Forest,38093,43508,85
2025,E09000031,Waltham Forest,37971,45514,90
2015,E09000032,Wandsworth,35761,49132,111
2016,E09000032,Wandsworth,36538,52804,113
2017,E09000032,Wandsworth,36590,53639,118
2018,E09000032,Wandsworth,38216,57605,115
2019,E09000032,Wandsworth,39086,55523,106
2020,E09000032,Wandsworth,41895,57345,109
2021,E09000032,Wandsworth,37929,59152,119
2022,E09000032,Wandsworth,42707,65458,100
2023,E09000032,Wandsworth,45002,61970,97
2024,E09000032,Wandsworth,44854,62629,105
2025,E09000032,Wandsworth,49310,81801,107
2016,E06000007,Warrington,23932,28850,81
2017,E06000007,Warrington,24672,28672,78
2018,E06000007,Warrington,25373,29842,76
2019,E06000007,Warrington,25180,30672,84
2015,E06000007,Warrington UA,23068,27330,80
2020,E06000007,Warrington UA,24536,29259,76
2021,E06000007,Warrington UA,26020,30617,90
2022,E06000007,Warrington UA,27769,32836,75
2023,E06000007,Warrington UA,30191,35907,86
2024,E06000007,Warrington UA,32446,39684,82
2025,E06000007,Warrington UA,34144,41073,81
2015,E07000222,Warwick,25370,32370,61
2016,E07000222,Warwick,27820,34397,56
2017,E07000222,Warwick,28202,35318,57
2018,E07000222,Warwick,27725,36839,54
2019,E07000222,Warwick,27983,36155,56
2020,E07000222,Warwick,30454,36981,54
2021,E07000222,Warwick,30002,37946,63
2022,E07000222,Warwick,29942,38516,59
2023,E07000222,Warwick,34731,40716,55
2024,E07000222,Warwick,35986,44332,53
2025,E07000222,Warwick,39797,49679,60
2015,E10000031,Warwickshire,23878,29287,214
2016,E10000031,Warwickshire,24502,30561,212
2017,E10000031,Warwickshire,25805,30973,215
2018,E10000031,Warwickshire,25714,31807,212
2019,E10000031,Warwickshire,25439,33515,218
2020,E10000031,Warwickshire,27786,32444,208
2021,E10000031,Warwickshire,27458,33167,234
2022,E10000031,Warwickshire,29385,34486,237
2023,E10000031,Warwickshire,30876,36427,222
2024,E10000031,Warwickshire,32891,38428,219
2025,E10000031,Warwickshire,35621,44599,240
2015,E07000103,Watford,27999,32929,38
2016,E07000103,Watford,28243,33180,35
2017,E07000103,Watford,29884,35463,35
2018,E07000103,Watford,27452,32829,34
2019,E07000103,Watford,27975,32558,35
2020,E07000103,Watford,29711,36891,34
2021,E07000103,Watford,28835,32885,41
2022,E07000103,Watford,30013,37085,31
2023,E07000103,Watford,33976,42510,36
2024,E07000103,Watford,34931,46454,35
2025,E07000103,Watford,37172,50172,39
2015,E07000206,Waveney,18199,20867,38
2016,E07000206,Waveney,18183,20530,35
2017,E07000206,Waveney,18444,20900,36
2015,E07000216,Waverley,28712,39993,42
2016,E07000216,Waverley,30704,41851,46
2017,E07000216,Waverley,30231,44664,43
2018,E07000216,Waverley,30785,44350,44
2019,E07000216,Waverley,31962,43050,44
2020,E07000216,Waverley,30402,45377,49
2021,E07000216,Waverley,30305,40941,49
2022,E07000216,Waverley,34939,47561,45
2023,E07000216,Waverley,37382,52657,42
2024,E07000216,Waverley,43842,54984,42
2025,E07000216,Waverley,42326,63557,49
2015,E07000065,Wealden,23230,30873,48
2016,E07000065,Wealden,23081,31119,52
2017,E07000065,Wealden,23157,29378,46
2018,E07000065,Wealden,,28785,47
2019,E07000065,Wealden,23988,30868,48
2020,E07000065,Wealden,26103,32097,51
2021,E07000065,Wealden,24498,30119,59
2022,E07000065,Wealden,25605,32194,51
2023,E07000065,Wealden,26630,31997,51
2024,E07000065,Wealden,31002,37462,56
2025,E07000065,Wealden,33376,43375,57
2015,E07000156,Wellingborough,20810,28029,30
2016,E07000156,Wellingborough,21170,28901,27
2017,E07000156,Wellingborough,20413,25517,27
2018,E07000156,Wellingborough,21095,23647,27
2019,E07000156,Wellingborough,21722,26335,29
2015,E07000241,Welwyn Hatfield,24173,27813,40
2016,E07000241,Welwyn Hatfield,25479,31170,38
2017,E07000241,Welwyn Hatfield,28652,31697,38
2018,E07000241,Welwyn Hatfield,26610,31020,40
2019,E07000241,Welwyn Hatfield,27476,32127,38
2020,E07000241,Welwyn Hatfield,28420,34621,31
2021,E07000241,Welwyn Hatfield,28000,32189,41
2022,E07000241,Welwyn Hatfield,,33906,33
2023,E07000241,Welwyn Hatfield,34460,35387,38
2024,E07000241,Welwyn Hatfield,36249,40459,40
2025,E07000241,Welwyn Hatfield,37805,45438,42
2016,E06000037,West Berkshire,28347,35543,66
2017,E06000037,West Berkshire,27586,33972,62
2018,E06000037,West Berkshire,27628,35730,63
2019,E06000037,West Berkshire,29176,38350,65
2015,E06000037,West Berkshire UA,27001,32213,61
2020,E06000037,West Berkshire UA,28098,34961,70
2021,E06000037,West Berkshire UA,31009,39736,68
2022,E06000037,West Berkshire UA,,36123,65
2023,E06000037,West Berkshire UA,33930,40325,64
2024,E06000037,West Berkshire UA,36718,49792,60
2025,E06000037,West Berkshire UA,38513,46287,63
2015,E07000047,West Devon,19981,23128,18
2016,E07000047,West Devon,20230,23432,18
2017,E07000047,West Devon,20382,23196,17
2018,E07000047,West Devon,,23198,17
2019,E07000047,West Devon,19919,24985,18
2020,E07000047,West Devon,21015,27239,18
2021,E07000047,West Devon,19539,22841,18
2022,E07000047,West Devon,21123,22904,17
2023,E07000047,West Devon,22459,25340,16
2024,E07000047,West Devon,23933,26581,17
2025,E07000047,West Devon,26556,31371,16
2015,E07000052,West Dorset,22433,26234,34
2016,E07000052,West Dorset,22303,25181,33
2017,E07000052,West Dorset,23174,26163,33
2015,E07000127,West Lancashire,21220,25641,38
2016,E07000127,West Lancashire,21218,26706,36
2017,E07000127,West Lancashire,22150,27852,34
2018,E07000127,West Lancashire,22664,28809,37
2019,E07000127,West Lancashire,24151,28623,39
2020,E07000127,West Lancashire,24240,29285,31
2021,E07000127,West Lancashire,22884,27827,42
2022,E07000127,West Lancashire,27152,33749,36
2023,E07000127,West Lancashire,27776,32779,36
2024,E07000127,West Lancashire,31131,37382,39
2025,E07000127,West Lancashire,31884,38066,41
2015,E07000142,West Lindsey,20963,25281,29
2016,E07000142,West Lindsey,20628,24566,31
2017,E07000142,West Lindsey,23453,26390,30
2018,E07000142,West Lindsey,25097,27685,35
2019,E07000142,West Lindsey,24455,27203,34
2020,E07000142,West Lindsey,26205,27611,37
2021,E07000142,West Lindsey,26954,29501,39
2022,E07000142,West Lindsey,28269,30077,35
2023,E07000142,West Lindsey,,31969,
2024,E07000142,West Lindsey,29939,33708,39
2025,E07000142,West Lindsey,30741,34392,42
2020,E06000062,West Northamptonshire UA,26301,32302,144
2021,E06000062,West Northamptonshire UA,26644,32299,159
2022,E06000062,West Northamptonshire UA,28876,34761,143
2023,E06000062,West Northamptonshire UA,29036,35673,151
2024,E06000062,West Northamptonshire UA,31707,37713,157
2025,E06000062,West Northamptonshire UA,33059,40558,159
2015,E07000181,West Oxfordshire,25309,30417,40
2016,E07000181,West Oxfordshire,26542,30283,37
2017,E07000181,West Oxfordshire,23827,28284,41
2018,E07000181,West Oxfordshire,25488,28948,42
2019,E07000181,West Oxfordshire,26739,30601,45
2020,E07000181,West Oxfordshire,26365,29493,53
2021,E07000181,West Oxfordshire,27250,29716,57
2022,E07000181,West Oxfordshire,,32573,49
2023,E07000181,West Oxfordshire,,33754,45
2024,E07000181,West Oxfordshire,32441,37699,48
2025,E07000181,West Oxfordshire,35388,41932,50
2015,E07000191,West Somerset,,25159,8
2016,E07000191,West Somerset,,,7
2017,E07000191,West Somerset,,22384,7
2018,E07000245,West Suffolk,24585,30675,58
2019,E07000245,West Suffolk,24336,30759,55
2020,E07000245,West Suffolk,25440,32405,61
2021,E07000245,West Suffolk,25751,32411,56
2022,E07000245,West Suffolk,26994,32808,58
2023,E07000245,West Suffolk,30205,34190,62
2024,E07000245,West Suffolk,30720,38051,65
2025,E07000245,West Suffolk,33437,41126,68
2015,E10000032,West Sussex,22601,29206,294
2016,E10000032,West Sussex,23308,28882,296
2017,E10000032,West Sussex,23531,29332,317
2018,E10000032,West Sussex,24325,31057,298
2019,E10000032,West Sussex,24607,31194,300
2020,E10000032,West Sussex,26021,31956,306
2021,E10000032,West Sussex,25678,30744,339
2022,E10000032,West Sussex,27426,33277,309
2023,E10000032,West Sussex,29840,35185,290
2024,E10000032,West Sussex,32270,37444,332
2025,E10000032,West Sussex,32897,39587,335
2015,E09000033,Westminster,37930,61115,47
2016,E09000033,Westminster,35534,55196,52
2017,E09000033,Westminster,38089,78386,53
2018,E09000033,Westminster,41606,77504,57
2019,E09000033,Westminster,37450,68934,51
2020,E09000033,Westminster,40637,61484,51
2021,E09000033,Westminster,39635,59525,54
2022,E09000033,Westminster,40860,58341,49
2023,E09000033,Westminster,44950,63748,55
2024,E09000033,Westminster,45889,,54
2025,E09000033,Westminster,45172,83196,58
2022,E06000064,Westmorland and Furness UA,26407,29573,74
2023,E06000064,Westmorland and Furness UA,29067,32199,85
2024,E06000064,Westmorland and Furness UA,33536,37192,76
2025,E06000064,Westmorland and Furness UA,33988,37928,91
2015,E07000053,Weymouth and Portland,20529,21959,23
2016,E07000053,Weymouth and Portland,20998,22379,21
2017,E07000053,Weymouth and Portland,19680,21214,22
2015,E08000010,Wigan,21789,23829,115
2016,E08000010,Wigan,21672,24267,109
2017,E08000010,Wigan,22179,24574,108
2018,E08000010,Wigan,22243,25597,111
2019,E08000010,Wigan,22952,26028,113
2020,E08000010,Wigan,24524,27507,110
2021,E08000010,Wigan,25527,28737,116
2022,E08000010,Wigan,25261,28475,121
2023,E08000010,Wigan,27954,30386,119
2024,E08000010,Wigan,30393,33947,122
2025,E08000010,Wigan,31615,34930,130
2016,E06000054,Wiltshire,21881,26320,167
2017,E06000054,Wiltshire,23173,27630,174
2018,E06000054,Wiltshire,23656,29483,176
2019,E06000054,Wiltshire,23069,29632,172
2015,E06000054,Wiltshire UA,21426,26834,158
2020,E06000054,Wiltshire UA,24350,29823,185
2021,E06000054,Wiltshire UA,24855,30438,203
2022,E06000054,Wiltshire UA,28096,32097,177
2023,E06000054,Wiltshire UA,29918,34690,196
2024,E06000054,Wiltshire UA,29209,36418,191
2025,E06000054,Wiltshire UA,31873,38222,194
2015,E07000094,Winchester,,33737,45
2016,E07000094,Winchester,29740,36340,43
2017,E07000094,Winchester,30063,,48
2018,E07000094,Winchester,31590,,45
2019,E07000094,Winchester,28622,35698,43
2020,E07000094,Winchester,31001,36987,57
2021,E07000094,Winchester,31977,36468,54
2022,E07000094,Winchester,31589,41337,50
2023,E07000094,Winchester,,42072,53
2024,E07000094,Winchester,37054,,50
2025,E07000094,Winchester,38352,,56
2016,E06000040,Windsor and Maidenhead,32188,50382,51
2017,E06000040,Windsor and Maidenhead,33896,42495,51
2018,E06000040,Windsor and Maidenhead,33253,43963,50
2019,E06000040,Windsor and Maidenhead,,44020,46
2015,E06000040,Windsor and Maidenhead UA,30016,44990,51
2020,E06000040,Windsor and Maidenhead UA,34622,,54
2021,E06000040,Windsor and Maidenhead UA,32210,46719,65
2022,E06000040,Windsor and Maidenhead UA,,50444,52
2023,E06000040,Windsor and Maidenhead UA,,44030,56
2024,E06000040,Windsor and Maidenhead UA,37670,51305,54
2025,E06000040,Windsor and Maidenhead UA,37653,57666,57
2015,E08000015,Wirral,22279,25956,107
2016,E08000015,Wirral,22167,26316,104
2017,E08000015,Wirral,22350,27119,104
2018,E08000015,Wirral,22953,26766,102
2019,E08000015,Wirral,24136,28965,106
2020,E08000015,Wirral,24306,28490,110
2021,E08000015,Wirral,24630,28089,122
2022,E08000015,Wirral,27506,31157,107
2023,E08000015,Wirral,29781,33084,108
2024,E08000015,Wirral,31125,34467,112
2025,E08000015,Wirral,32959,37206,115
2015,E07000217,Woking,26847,36220,35
2016,E07000217,Woking,28605,35396,39
2017,E07000217,Woking,29966,38636,38
2018,E07000217,Woking,28303,35379,37
2019,E07000217,Woking,28751,37978,
2020,E07000217,Woking,31550,40503,38
2021,E07000217,Woking,30188,36523,43
2022,E07000217,Woking,33925,40510,35
2023,E07000217,Woking,35715,42789,35
2024,E07000217,Woking,38526,50295,41
2025,E07000217,Woking,38172,43753,42
2016,E06000041,Wokingham,,40040,59
2017,E06000041,Wokingham,30990,39319,64
2018,E06000041,Wokingham,33716,41939,64
2019,E06000041,Wokingham,29771,39564,67
2020,E06000041,Wokingham,30910,39873,80
2021,E06000041,Wokingham,33925,42308,76
2022,E06000041,Wokingham,38870,47699,63
2015,E06000041,Wokingham UA,30375,37913,62
2023,E06000041,Wokingham UA,,44669,70
2024,E06000041,Wokingham UA,40226,52064,72
2025,E06000041,Wokingham UA,43538,57185,75
2015,E08000031,Wolverhampton,20336,22948,78
2016,E08000031,Wolverhampton,20182,23120,74
2017,E08000031,Wolverhampton,21179,25264,79
2018,E08000031,Wolverhampton,21607,23714,77
2019,E08000031,Wolverhampton,22174,24788,79
2020,E08000031,Wolverhampton,22544,25713,72
2021,E08000031,Wolverhampton,24283,27211,72
2022,E08000031,Wolverhampton,26230,30976,76
2023,E08000031,Wolverhampton,26537,30207,81
2024,E08000031,Wolverhampton,28959,33211,78
2025,E08000031,Wolverhampton,31308,36172,87
2015,E07000237,Worcester,22272,26398,43
2016,E07000237,Worcester,22483,28189,40
2017,E07000237,Worcester,24325,29541,40
2018,E07000237,Worcester,23889,26961,41
2019,E07000237,Worcester,24542,27041,43
2020,E07000237,Worcester,23057,27892,45
2021,E07000237,Worcester,26283,30152,47
2022,E07000237,Worcester,27607,33057,43
2023,E07000237,Worcester,,34376,
2024,E07000237,Worcester,30444,34263,46
2025,E07000237,Worcester,32997,38202,51
2015,E10000034,Worcestershire,20466,25464,212
2016,E10000034,Worcestershire,21644,26370,211
2017,E10000034,Worcestershire,22324,27059,198
2018,E10000034,Worcestershire,22536,27347,210
2019,E10000034,Worcestershire,23638,28435,211
2020,E10000034,Worcestershire,23676,28275,211
2021,E10000034,Worcestershire,25008,29663,229
2022,E10000034,Worcestershire,26645,31552,220
2023,E10000034,Worcestershire,29210,33462,225
2024,E10000034,Worcestershire,30385,35215,225
2025,E10000034,Worcestershire,31010,36907,242
2015,E07000229,Worthing,22389,25831,38
2016,E07000229,Worthing,21057,26906,37
2017,E07000229,Worthing,23015,28350,41
2018,E07000229,Worthing,23300,30228,41
2019,E07000229,Worthing,24175,31430,42
2020,E07000229,Worthing,26036,29720,42
2021,E07000229,Worthing,26673,29879,47
2022,E07000229,Worthing,27080,30394,47
2023,E07000229,Worthing,29934,33102,42
2024,E07000229,Worthing,33742,36688,42
2025,E07000229,Worthing,32823,37267,40
2015,W06000006,Wrexham / Wrecsam,21808,24405,51
2016,W06000006,Wrexham / Wrecsam,20753,23829,53
2017,W06000006,Wrexham / Wrecsam,21764,24677,47
2018,W06000006,Wrexham / Wrecsam,22848,26537,53
2019,W06000006,Wrexham / Wrecsam,23960,26828,54
2020,W06000006,Wrexham / Wrecsam,25280,27939,55
2021,W06000006,Wrexham / Wrecsam,23572,25957,53
2022,W06000006,Wrexham / Wrecsam,27675,30251,47
2023,W06000006,Wrexham / Wrecsam,27699,30638,48
2024,W06000006,Wrexham / Wrecsam,29494,32154,50
2025,W06000006,Wrexham / Wrecsam,29752,32355,53
2015,E07000238,Wychavon,21346,27007,44
2016,E07000238,Wychavon,22520,26664,44
2017,E07000238,Wychavon,20561,25984,39
2018,E07000238,Wychavon,22254,28504,42
2019,E07000238,Wychavon,23868,30952,45
2020,E07000238,Wychavon,24383,28320,45
2021,E07000238,Wychavon,23139,27633,49
2022,E07000238,Wychavon,,28958,45
2023,E07000238,Wychavon,28437,31788,51
2024,E07000238,Wychavon,30273,34243,48
2025,E07000238,Wychavon,29661,35405,53
2015,E07000007,Wycombe,26861,35929,61
2016,E07000007,Wycombe,26633,37176,62
2017,E07000007,Wycombe,25206,34493,61
2018,E07000007,Wycombe,27459,37322,63
2015,E07000128,Wyre,20042,23942,32
2016,E07000128,Wyre,19930,24774,31
2017,E07000128,Wyre,,24355,31
2018,E07000128,Wyre,20476,24317,31
2019,E07000128,Wyre,22418,27779,33
2020,E07000128,Wyre,23217,27299,32
2021,E07000128,Wyre,23686,27976,38
2022,E07000128,Wyre,26757,30736,34
2023,E07000128,Wyre,28536,32405,33
2024,E07000128,Wyre,30629,34665,32
2025,E07000128,Wyre,29814,36536,37
2015,E07000239,Wyre Forest,18910,22365,33
2016,E07000239,Wyre Forest,19695,24452,36
2017,E07000239,Wyre Forest,20182,24725,33
2018,E07000239,Wyre Forest,20235,25626,34
2019,E07000239,Wyre Forest,21234,26872,35
2020,E07000239,Wyre Forest,24369,28559,34
2021,E07000239,Wyre Forest,24702,28134,38
2022,E07000239,Wyre Forest,26226,29657,36
2023,E07000239,Wyre Forest,26701,30774,35
2024,E07000239,Wyre Forest,30000,32026,38
2025,E07000239,Wyre Forest,29408,34517,39
2016,E06000014,York,22010,26663,75
2017,E06000014,York,21575,26452,73
2018,E06000014,York,21435,25786,70
2019,E06000014,York,23960,31160,75
2015,E06000014,York UA,21425,25219,77
2020,E06000014,York UA,24500,31698,68
2021,E06000014,York UA,24232,30779,80
2022,E06000014,York UA,27532,32334,73
2023,E06000014,York UA,28737,33350,78
2024,E06000014,York UA,31854,35599,73
2025,E06000014,York UA,32961,40376,74
