price_paid_district,year,normalized_name,la_code,match_type
ADUR,2015,ADUR,E07000223,normalized_exact_per_year
ADUR,2016,ADUR,E07000223,normalized_exact_per_year
ADUR,2017,ADUR,E07000223,normalized_exact_per_year
ADUR,2018,ADUR,E07000223,normalized_exact_per_year
ADUR,2019,ADUR,E07000223,normalized_exact_per_year
ADUR,2020,ADUR,E07000223,normalized_exact_per_year
ADUR,2021,ADUR,E07000223,normalized_exact_per_year
ADUR,2022,ADUR,E07000223,normalized_exact_per_year
ADUR,2023,ADUR,E07000223,normalized_exact_per_year
ADUR,2024,ADUR,E07000223,normalized_exact_per_year
ADUR,2025,ADUR,E07000223,normalized_exact_per_year
ALLERDALE,2015,ALLERDALE,E07000026,normalized_exact_per_year
ALLERDALE,2016,ALLERDALE,E07000026,normalized_exact_per_year
ALLERDALE,2017,ALLERDALE,E07000026,normalized_exact_per_year
ALLERDALE,2018,ALLERDALE,E07000026,normalized_exact_per_year
ALLERDALE,2019,ALLERDALE,E07000026,normalized_exact_per_year
ALLERDALE,2020,ALLERDALE,E07000026,normalized_exact_per_year
ALLERDALE,2021,ALLERDALE,E07000026,normalized_exact_per_year
AMBER VALLEY,2015,AMBER VALLEY,E07000032,normalized_exact_per_year
AMBER VALLEY,2016,AMBER VALLEY,E07000032,normalized_exact_per_year
AMBER VALLEY,2017,AMBER VALLEY,E07000032,normalized_exact_per_year
AMBER VALLEY,2018,AMBER VALLEY,E07000032,normalized_exact_per_year
AMBER VALLEY,2019,AMBER VALLEY,E07000032,normalized_exact_per_year
AMBER VALLEY,2020,AMBER VALLEY,E07000032,normalized_exact_per_year
AMBER VALLEY,2021,AMBER VALLEY,E07000032,normalized_exact_per_year
AMBER VALLEY,2022,AMBER VALLEY,E07000032,normalized_exact_per_year
AMBER VALLEY,2023,AMBER VALLEY,E07000032,normalized_exact_per_year
AMBER VALLEY,2024,AMBER VALLEY,E07000032,normalized_exact_per_year
AMBER VALLEY,2025,AMBER VALLEY,E07000032,normalized_exact_per_year
ARUN,2015,ARUN,E07000224,normalized_exact_per_year
ARUN,2016,ARUN,E07000224,normalized_exact_per_year
ARUN,2017,ARUN,E07000224,normalized_exact_per_year
ARUN,2018,ARUN,E07000224,normalized_exact_per_year
ARUN,2019,ARUN,E07000224,normalized_exact_per_year
ARUN,2020,ARUN,E07000224,normalized_exact_per_year
ARUN,2021,ARUN,E07000224,normalized_exact_per_year
ARUN,2022,ARUN,E07000224,normalized_exact_per_year
ARUN,2023,ARUN,E07000224,normalized_exact_per_year
ARUN,2024,ARUN,E07000224,normalized_exact_per_year
ARUN,2025,ARUN,E07000224,normalized_exact_per_year
ASHFIELD,2015,ASHFIELD,E07000170,normalized_exact_per_year
ASHFIELD,2016,ASHFIELD,E07000170,normalized_exact_per_year
ASHFIELD,2017,ASHFIELD,E07000170,normalized_exact_per_year
ASHFIELD,2018,ASHFIELD,E07000170,normalized_exact_per_year
ASHFIELD,2019,ASHFIELD,E07000170,normalized_exact_per_year
ASHFIELD,2020,ASHFIELD,E07000170,normalized_exact_per_year
ASHFIELD,2021,ASHFIELD,E07000170,normalized_exact_per_year
ASHFIELD,2022,ASHFIELD,E07000170,normalized_exact_per_year
ASHFIELD,2023,ASHFIELD,E07000170,normalized_exact_per_year
ASHFIELD,2024,ASHFIELD,E07000170,normalized_exact_per_year
ASHFIELD,2025,ASHFIELD,E07000170,normalized_exact_per_year
ASHFORD,2015,ASHFORD,E07000105,normalized_exact_per_year
ASHFORD,2016,ASHFORD,E07000105,normalized_exact_per_year
ASHFORD,2017,ASHFORD,E07000105,normalized_exact_per_year
ASHFORD,2018,ASHFORD,E07000105,normalized_exact_per_year
ASHFORD,2019,ASHFORD,E07000105,normalized_exact_per_year
ASHFORD,2020,ASHFORD,E07000105,normalized_exact_per_year
ASHFORD,2021,ASHFORD,E07000105,normalized_exact_per_year
ASHFORD,2022,ASHFORD,E07000105,normalized_exact_per_year
ASHFORD,2023,ASHFORD,E07000105,normalized_exact_per_year
ASHFORD,2024,ASHFORD,E07000105,normalized_exact_per_year
ASHFORD,2025,ASHFORD,E07000105,normalized_exact_per_year
AYLESBURY VALE,2015,AYLESBURY VALE,E07000004,normalized_exact_per_year
AYLESBURY VALE,2016,AYLESBURY VALE,E07000004,normalized_exact_per_year
AYLESBURY VALE,2017,AYLESBURY VALE,E07000004,normalized_exact_per_year
AYLESBURY VALE,2018,AYLESBURY VALE,E07000004,normalized_exact_per_year
BABERGH,2015,BABERGH,E07000200,normalized_exact_per_year
BABERGH,2016,BABERGH,E07000200,normalized_exact_per_year
BABERGH,2017,BABERGH,E07000200,normalized_exact_per_year
BABERGH,2018,BABERGH,E07000200,normalized_exact_per_year
BABERGH,2019,BABERGH,E07000200,normalized_exact_per_year
BABERGH,2020,BABERGH,E07000200,normalized_exact_per_year
BABERGH,2021,BABERGH,E07000200,normalized_exact_per_year
BABERGH,2022,BABERGH,E07000200,normalized_exact_per_year
BABERGH,2023,BABERGH,E07000200,normalized_exact_per_year
BABERGH,2024,BABERGH,E07000200,normalized_exact_per_year
BABERGH,2025,BABERGH,E07000200,normalized_exact_per_year
BARKING AND DAGENHAM,2015,BARKING AND DAGENHAM,E09000002,normalized_exact_per_year
BARKING AND DAGENHAM,2016,BARKING AND DAGENHAM,E09000002,normalized_exact_per_year
BARKING AND DAGENHAM,2017,BARKING AND DAGENHAM,E09000002,normalized_exact_per_year
BARKING AND DAGENHAM,2018,BARKING AND DAGENHAM,E09000002,normalized_exact_per_year
BARKING AND DAGENHAM,2019,BARKING AND DAGENHAM,E09000002,normalized_exact_per_year
BARKING AND DAGENHAM,2020,BARKING AND DAGENHAM,E09000002,normalized_exact_per_year
BARKING AND DAGENHAM,2021,BARKING AND DAGENHAM,E09000002,normalized_exact_per_year
BARKING AND DAGENHAM,2022,BARKING AND DAGENHAM,E09000002,normalized_exact_per_year
BARKING AND DAGENHAM,2023,BARKING AND DAGENHAM,E09000002,normalized_exact_per_year
BARKING AND DAGENHAM,2024,BARKING AND DAGENHAM,E09000002,normalized_exact_per_year
BARKING AND DAGENHAM,2025,BARKING AND DAGENHAM,E09000002,normalized_exact_per_year
BARNET,2015,BARNET,E09000003,normalized_exact_per_year
BARNET,2016,BARNET,E09000003,normalized_exact_per_year
BARNET,2017,BARNET,E09000003,normalized_exact_per_year
BARNET,2018,BARNET,E09000003,normalized_exact_per_year
BARNET,2019,BARNET,E09000003,normalized_exact_per_year
BARNET,2020,BARNET,E09000003,normalized_exact_per_year
BARNET,2021,BARNET,E09000003,normalized_exact_per_year
BARNET,2022,BARNET,E09000003,normalized_exact_per_year
BARNET,2023,BARNET,E09000003,normalized_exact_per_year
BARNET,2024,BARNET,E09000003,normalized_exact_per_year
BARNET,2025,BARNET,E09000003,normalized_exact_per_year
BARNSLEY,2015,BARNSLEY,E08000016,normalized_exact_per_year
BARNSLEY,2016,BARNSLEY,E08000016,normalized_exact_per_year
BARNSLEY,2017,BARNSLEY,E08000016,normalized_exact_per_year
BARNSLEY,2018,BARNSLEY,E08000016,normalized_exact_per_year
BARNSLEY,2019,BARNSLEY,E08000016,normalized_exact_per_year
BARNSLEY,2020,BARNSLEY,E08000016,normalized_exact_per_year
BARNSLEY,2021,BARNSLEY,E08000016,normalized_exact_per_year
BARNSLEY,2022,BARNSLEY,E08000016,normalized_exact_per_year
BARNSLEY,2023,BARNSLEY,E08000016,normalized_exact_per_year
BARNSLEY,2024,BARNSLEY,E08000038,normalized_exact_per_year
BARNSLEY,2025,BARNSLEY,E08000038,normalized_exact_per_year
BARROW-IN-FURNESS,2015,BARROWINFURNESS,E07000027,normalized_exact_per_year
BARROW-IN-FURNESS,2016,BARROWINFURNESS,E07000027,normalized_exact_per_year
BARROW-IN-FURNESS,2017,BARROWINFURNESS,E07000027,normalized_exact_per_year
BARROW-IN-FURNESS,2018,BARROWINFURNESS,E07000027,normalized_exact_per_year
BARROW-IN-FURNESS,2019,BARROWINFURNESS,E07000027,normalized_exact_per_year
BARROW-IN-FURNESS,2020,BARROWINFURNESS,E07000027,normalized_exact_per_year
BARROW-IN-FURNESS,2021,BARROWINFURNESS,E07000027,normalized_exact_per_year
BASILDON,2015,BASILDON,E07000066,normalized_exact_per_year
BASILDON,2016,BASILDON,E07000066,normalized_exact_per_year
BASILDON,2017,BASILDON,E07000066,normalized_exact_per_year
BASILDON,2018,BASILDON,E07000066,normalized_exact_per_year
BASILDON,2019,BASILDON,E07000066,normalized_exact_per_year
BASILDON,2020,BASILDON,E07000066,normalized_exact_per_year
BASILDON,2021,BASILDON,E07000066,normalized_exact_per_year
BASILDON,2022,BASILDON,E07000066,normalized_exact_per_year
BASILDON,2023,BASILDON,E07000066,normalized_exact_per_year
BASILDON,2024,BASILDON,E07000066,normalized_exact_per_year
BASILDON,2025,BASILDON,E07000066,normalized_exact_per_year
BASINGSTOKE AND DEANE,2015,BASINGSTOKE AND DEANE,E07000084,normalized_exact_per_year
BASINGSTOKE AND DEANE,2016,BASINGSTOKE AND DEANE,E07000084,normalized_exact_per_year
BASINGSTOKE AND DEANE,2017,BASINGSTOKE AND DEANE,E07000084,normalized_exact_per_year
BASINGSTOKE AND DEANE,2018,BASINGSTOKE AND DEANE,E07000084,normalized_exact_per_year
BASINGSTOKE AND DEANE,2019,BASINGSTOKE AND DEANE,E07000084,normalized_exact_per_year
BASINGSTOKE AND DEANE,2020,BASINGSTOKE AND DEANE,E07000084,normalized_exact_per_year
BASINGSTOKE AND DEANE,2021,BASINGSTOKE AND DEANE,E07000084,normalized_exact_per_year
BASINGSTOKE AND DEANE,2022,BASINGSTOKE AND DEANE,E07000084,normalized_exact_per_year
BASINGSTOKE AND DEANE,2023,BASINGSTOKE AND DEANE,E07000084,normalized_exact_per_year
BASINGSTOKE AND DEANE,2024,BASINGSTOKE AND DEANE,E07000084,normalized_exact_per_year
BASINGSTOKE AND DEANE,2025,BASINGSTOKE AND DEANE,E07000084,normalized_exact_per_year
BASSETLAW,2015,BASSETLAW,E07000171,normalized_exact_per_year
BASSETLAW,2016,BASSETLAW,E07000171,normalized_exact_per_year
BASSETLAW,2017,BASSETLAW,E07000171,normalized_exact_per_year
BASSETLAW,2018,BASSETLAW,E07000171,normalized_exact_per_year
BASSETLAW,2019,BASSETLAW,E07000171,normalized_exact_per_year
BASSETLAW,2020,BASSETLAW,E07000171,normalized_exact_per_year
BASSETLAW,2021,BASSETLAW,E07000171,normalized_exact_per_year
BASSETLAW,2022,BASSETLAW,E07000171,normalized_exact_per_year
BASSETLAW,2023,BASSETLAW,E07000171,normalized_exact_per_year
BASSETLAW,2024,BASSETLAW,E07000171,normalized_exact_per_year
BASSETLAW,2025,BASSETLAW,E07000171,normalized_exact_per_year
BATH AND NORTH EAST SOMERSET,2015,BATH AND NORTH EAST SOMERSET,E06000022,normalized_exact_per_year
BATH AND NORTH EAST SOMERSET,2016,BATH AND NORTH EAST SOMERSET,E06000022,normalized_exact_per_year
BATH AND NORTH EAST SOMERSET,2017,BATH AND NORTH EAST SOMERSET,E06000022,normalized_exact_per_year
BATH AND NORTH EAST SOMERSET,2018,BATH AND NORTH EAST SOMERSET,E06000022,normalized_exact_per_year
BATH AND NORTH EAST SOMERSET,2019,BATH AND NORTH EAST SOMERSET,E06000022,normalized_exact_per_year
BATH AND NORTH EAST SOMERSET,2020,BATH AND NORTH EAST SOMERSET,E06000022,normalized_exact_per_year
BATH AND NORTH EAST SOMERSET,2021,BATH AND NORTH EAST SOMERSET,E06000022,normalized_exact_per_year
BATH AND NORTH EAST SOMERSET,2022,BATH AND NORTH EAST SOMERSET,E06000022,normalized_exact_per_year
BATH AND NORTH EAST SOMERSET,2023,BATH AND NORTH EAST SOMERSET,E06000022,normalized_exact_per_year
BATH AND NORTH EAST SOMERSET,2024,BATH AND NORTH EAST SOMERSET,E06000022,normalized_exact_per_year
BATH AND NORTH EAST SOMERSET,2025,BATH AND NORTH EAST SOMERSET,E06000022,normalized_exact_per_year
BEDFORD,2015,BEDFORD,E06000055,normalized_exact_per_year
BEDFORD,2016,BEDFORD,E06000055,normalized_exact_per_year
BEDFORD,2017,BEDFORD,E06000055,normalized_exact_per_year
BEDFORD,2018,BEDFORD,E06000055,normalized_exact_per_year
BEDFORD,2019,BEDFORD,E06000055,normalized_exact_per_year
BEDFORD,2020,BEDFORD,E06000055,normalized_exact_per_year
BEDFORD,2021,BEDFORD,E06000055,normalized_exact_per_year
BEDFORD,2022,BEDFORD,E06000055,normalized_exact_per_year
BEDFORD,2023,BEDFORD,E06000055,normalized_exact_per_year
BEDFORD,2024,BEDFORD,E06000055,normalized_exact_per_year
BEDFORD,2025,BEDFORD,E06000055,normalized_exact_per_year
BEXLEY,2015,BEXLEY,E09000004,normalized_exact_per_year
BEXLEY,2016,BEXLEY,E09000004,normalized_exact_per_year
BEXLEY,2017,BEXLEY,E09000004,normalized_exact_per_year
BEXLEY,2018,BEXLEY,E09000004,normalized_exact_per_year
BEXLEY,2019,BEXLEY,E09000004,normalized_exact_per_year
BEXLEY,2020,BEXLEY,E09000004,normalized_exact_per_year
BEXLEY,2021,BEXLEY,E09000004,normalized_exact_per_year
BEXLEY,2022,BEXLEY,E09000004,normalized_exact_per_year
BEXLEY,2023,BEXLEY,E09000004,normalized_exact_per_year
BEXLEY,2024,BEXLEY,E09000004,normalized_exact_per_year
BEXLEY,2025,BEXLEY,E09000004,normalized_exact_per_year
BIRMINGHAM,2015,BIRMINGHAM,E08000025,normalized_exact_per_year
BIRMINGHAM,2016,BIRMINGHAM,E08000025,normalized_exact_per_year
BIRMINGHAM,2017,BIRMINGHAM,E08000025,normalized_exact_per_year
BIRMINGHAM,2018,BIRMINGHAM,E08000025,normalized_exact_per_year
BIRMINGHAM,2019,BIRMINGHAM,E08000025,normalized_exact_per_year
BIRMINGHAM,2020,BIRMINGHAM,E08000025,normalized_exact_per_year
BIRMINGHAM,2021,BIRMINGHAM,E08000025,normalized_exact_per_year
BIRMINGHAM,2022,BIRMINGHAM,E08000025,normalized_exact_per_year
BIRMINGHAM,2023,BIRMINGHAM,E08000025,normalized_exact_per_year
BIRMINGHAM,2024,BIRMINGHAM,E08000025,normalized_exact_per_year
BIRMINGHAM,2025,BIRMINGHAM,E08000025,normalized_exact_per_year
BLABY,2015,BLABY,E07000129,normalized_exact_per_year
BLABY,2016,BLABY,E07000129,normalized_exact_per_year
BLABY,2017,BLABY,E07000129,normalized_exact_per_year
BLABY,2018,BLABY,E07000129,normalized_exact_per_year
BLABY,2019,BLABY,E07000129,normalized_exact_per_year
BLABY,2020,BLABY,E07000129,normalized_exact_per_year
BLABY,2021,BLABY,E07000129,normalized_exact_per_year
BLABY,2022,BLABY,E07000129,normalized_exact_per_year
BLABY,2023,BLABY,E07000129,normalized_exact_per_year
BLABY,2024,BLABY,E07000129,normalized_exact_per_year
BLABY,2025,BLABY,E07000129,normalized_exact_per_year
BLACKBURN WITH DARWEN,2015,BLACKBURN WITH DARWEN,E06000008,normalized_exact_per_year
BLACKBURN WITH DARWEN,2016,BLACKBURN WITH DARWEN,E06000008,normalized_exact_per_year
BLACKBURN WITH DARWEN,2017,BLACKBURN WITH DARWEN,E06000008,normalized_exact_per_year
BLACKBURN WITH DARWEN,2018,BLACKBURN WITH DARWEN,E06000008,normalized_exact_per_year
BLACKBURN WITH DARWEN,2019,BLACKBURN WITH DARWEN,E06000008,normalized_exact_per_year
BLACKBURN WITH DARWEN,2020,BLACKBURN WITH DARWEN,E06000008,normalized_exact_per_year
BLACKBURN WITH DARWEN,2021,BLACKBURN WITH DARWEN,E06000008,normalized_exact_per_year
BLACKBURN WITH DARWEN,2022,BLACKBURN WITH DARWEN,E06000008,normalized_exact_per_year
BLACKBURN WITH DARWEN,2023,BLACKBURN WITH DARWEN,E06000008,normalized_exact_per_year
BLACKBURN WITH DARWEN,2024,BLACKBURN WITH DARWEN,E06000008,normalized_exact_per_year
BLACKBURN WITH DARWEN,2025,BLACKBURN WITH DARWEN,E06000008,normalized_exact_per_year
BLACKPOOL,2015,BLACKPOOL,E06000009,normalized_exact_per_year
BLACKPOOL,2016,BLACKPOOL,E06000009,normalized_exact_per_year
BLACKPOOL,2017,BLACKPOOL,E06000009,normalized_exact_per_year
BLACKPOOL,2018,BLACKPOOL,E06000009,normalized_exact_per_year
BLACKPOOL,2019,BLACKPOOL,E06000009,normalized_exact_per_year
BLACKPOOL,2020,BLACKPOOL,E06000009,normalized_exact_per_year
BLACKPOOL,2021,BLACKPOOL,E06000009,normalized_exact_per_year
BLACKPOOL,2022,BLACKPOOL,E06000009,normalized_exact_per_year
BLACKPOOL,2023,BLACKPOOL,E06000009,normalized_exact_per_year
BLACKPOOL,2024,BLACKPOOL,E06000009,normalized_exact_per_year
BLACKPOOL,2025,BLACKPOOL,E06000009,normalized_exact_per_year
BLAENAU GWENT,2015,BLAENAU GWENT,W06000019,normalized_exact_per_year
BLAENAU GWENT,2016,BLAENAU GWENT,W06000019,normalized_exact_per_year
BLAENAU GWENT,2017,BLAENAU GWENT,W06000019,normalized_exact_per_year
BLAENAU GWENT,2018,BLAENAU GWENT,W06000019,normalized_exact_per_year
BLAENAU GWENT,2019,BLAENAU GWENT,W06000019,normalized_exact_per_year
BLAENAU GWENT,2020,BLAENAU GWENT,W06000019,normalized_exact_per_year
BLAENAU GWENT,2021,BLAENAU GWENT,W06000019,normalized_exact_per_year
BLAENAU GWENT,2022,BLAENAU GWENT,W06000019,normalized_exact_per_year
BLAENAU GWENT,2023,BLAENAU GWENT,W06000019,normalized_exact_per_year
BLAENAU GWENT,2024,BLAENAU GWENT,W06000019,normalized_exact_per_year
BLAENAU GWENT,2025,BLAENAU GWENT,W06000019,normalized_exact_per_year
BOLSOVER,2015,BOLSOVER,E07000033,normalized_exact_per_year
BOLSOVER,2016,BOLSOVER,E07000033,normalized_exact_per_year
BOLSOVER,2017,BOLSOVER,E07000033,normalized_exact_per_year
BOLSOVER,2018,BOLSOVER,E07000033,normalized_exact_per_year
BOLSOVER,2019,BOLSOVER,E07000033,normalized_exact_per_year
BOLSOVER,2020,BOLSOVER,E07000033,normalized_exact_per_year
BOLSOVER,2021,BOLSOVER,E07000033,normalized_exact_per_year
BOLSOVER,2022,BOLSOVER,E07000033,normalized_exact_per_year
BOLSOVER,2023,BOLSOVER,E07000033,normalized_exact_per_year
BOLSOVER,2024,BOLSOVER,E07000033,normalized_exact_per_year
BOLSOVER,2025,BOLSOVER,E07000033,normalized_exact_per_year
BOLTON,2015,BOLTON,E08000001,normalized_exact_per_year
BOLTON,2016,BOLTON,E08000001,normalized_exact_per_year
BOLTON,2017,BOLTON,E08000001,normalized_exact_per_year
BOLTON,2018,BOLTON,E08000001,normalized_exact_per_year
BOLTON,2019,BOLTON,E08000001,normalized_exact_per_year
BOLTON,2020,BOLTON,E08000001,normalized_exact_per_year
BOLTON,2021,BOLTON,E08000001,normalized_exact_per_year
BOLTON,2022,BOLTON,E08000001,normalized_exact_per_year
BOLTON,2023,BOLTON,E08000001,normalized_exact_per_year
BOLTON,2024,BOLTON,E08000001,normalized_exact_per_year
BOLTON,2025,BOLTON,E08000001,normalized_exact_per_year
BOSTON,2015,BOSTON,E07000136,normalized_exact_per_year
BOSTON,2016,BOSTON,E07000136,normalized_exact_per_year
BOSTON,2017,BOSTON,E07000136,normalized_exact_per_year
BOSTON,2018,BOSTON,E07000136,normalized_exact_per_year
BOSTON,2019,BOSTON,E07000136,normalized_exact_per_year
BOSTON,2020,BOSTON,E07000136,normalized_exact_per_year
BOSTON,2021,BOSTON,E07000136,normalized_exact_per_year
BOSTON,2022,BOSTON,E07000136,normalized_exact_per_year
BOSTON,2023,BOSTON,E07000136,normalized_exact_per_year
BOSTON,2024,BOSTON,E07000136,normalized_exact_per_year
BOSTON,2025,BOSTON,E07000136,normalized_exact_per_year
BOURNEMOUTH,2015,BOURNEMOUTH,E06000028,normalized_exact_per_year
BOURNEMOUTH,2016,BOURNEMOUTH,E06000028,normalized_exact_per_year
BOURNEMOUTH,2017,BOURNEMOUTH,E06000028,normalized_exact_per_year
"BOURNEMOUTH, CHRISTCHURCH AND POOLE",2018,BOURNEMOUTH CHRISTCHURCH AND POOLE,E06000058,normalized_exact_per_year
"BOURNEMOUTH, CHRISTCHURCH AND POOLE",2019,BOURNEMOUTH CHRISTCHURCH AND POOLE,E06000058,normalized_exact_per_year
"BOURNEMOUTH, CHRISTCHURCH AND POOLE",2020,BOURNEMOUTH CHRISTCHURCH AND POOLE,E06000058,normalized_exact_per_year
"BOURNEMOUTH, CHRISTCHURCH AND POOLE",2021,BOURNEMOUTH CHRISTCHURCH AND POOLE,E06000058,normalized_exact_per_year
"BOURNEMOUTH, CHRISTCHURCH AND POOLE",2022,BOURNEMOUTH CHRISTCHURCH AND POOLE,E06000058,normalized_exact_per_year
"BOURNEMOUTH, CHRISTCHURCH AND POOLE",2023,BOURNEMOUTH CHRISTCHURCH AND POOLE,E06000058,normalized_exact_per_year
"BOURNEMOUTH, CHRISTCHURCH AND POOLE",2024,BOURNEMOUTH CHRISTCHURCH AND POOLE,E06000058,normalized_exact_per_year
"BOURNEMOUTH, CHRISTCHURCH AND POOLE",2025,BOURNEMOUTH CHRISTCHURCH AND POOLE,E06000058,normalized_exact_per_year
BRACKNELL FOREST,2015,BRACKNELL FOREST,E06000036,normalized_exact_per_year
BRACKNELL FOREST,2016,BRACKNELL FOREST,E06000036,normalized_exact_per_year
BRACKNELL FOREST,2017,BRACKNELL FOREST,E06000036,normalized_exact_per_year
BRACKNELL FOREST,2018,BRACKNELL FOREST,E06000036,normalized_exact_per_year
BRACKNELL FOREST,2019,BRACKNELL FOREST,E06000036,normalized_exact_per_year
BRACKNELL FOREST,2020,BRACKNELL FOREST,E06000036,normalized_exact_per_year
BRACKNELL FOREST,2021,BRACKNELL FOREST,E06000036,normalized_exact_per_year
BRACKNELL FOREST,2022,BRACKNELL FOREST,E06000036,normalized_exact_per_year
BRACKNELL FOREST,2023,BRACKNELL FOREST,E06000036,normalized_exact_per_year
BRACKNELL FOREST,2024,BRACKNELL FOREST,E06000036,normalized_exact_per_year
BRACKNELL FOREST,2025,BRACKNELL FOREST,E06000036,normalized_exact_per_year
BRADFORD,2015,BRADFORD,E08000032,normalized_exact_per_year
BRADFORD,2016,BRADFORD,E08000032,normalized_exact_per_year
BRADFORD,2017,BRADFORD,E08000032,normalized_exact_per_year
BRADFORD,2018,BRADFORD,E08000032,normalized_exact_per_year
BRADFORD,2019,BRADFORD,E08000032,normalized_exact_per_year
BRADFORD,2020,BRADFORD,E08000032,normalized_exact_per_year
BRADFORD,2021,BRADFORD,E08000032,normalized_exact_per_year
BRADFORD,2022,BRADFORD,E08000032,normalized_exact_per_year
BRADFORD,2023,BRADFORD,E08000032,normalized_exact_per_year
BRADFORD,2024,BRADFORD,E08000032,normalized_exact_per_year
BRADFORD,2025,BRADFORD,E08000032,normalized_exact_per_year
BRAINTREE,2015,BRAINTREE,E07000067,normalized_exact_per_year
BRAINTREE,2016,BRAINTREE,E07000067,normalized_exact_per_year
BRAINTREE,2017,BRAINTREE,E07000067,normalized_exact_per_year
BRAINTREE,2018,BRAINTREE,E07000067,normalized_exact_per_year
BRAINTREE,2019,BRAINTREE,E07000067,normalized_exact_per_year
BRAINTREE,2020,BRAINTREE,E07000067,normalized_exact_per_year
BRAINTREE,2021,BRAINTREE,E07000067,normalized_exact_per_year
BRAINTREE,2022,BRAINTREE,E07000067,normalized_exact_per_year
BRAINTREE,2023,BRAINTREE,E07000067,normalized_exact_per_year
BRAINTREE,2024,BRAINTREE,E07000067,normalized_exact_per_year
BRAINTREE,2025,BRAINTREE,E07000067,normalized_exact_per_year
BRECKLAND,2015,BRECKLAND,E07000143,normalized_exact_per_year
BRECKLAND,2016,BRECKLAND,E07000143,normalized_exact_per_year
BRECKLAND,2017,BRECKLAND,E07000143,normalized_exact_per_year
BRECKLAND,2018,BRECKLAND,E07000143,normalized_exact_per_year
BRECKLAND,2019,BRECKLAND,E07000143,normalized_exact_per_year
BRECKLAND,2020,BRECKLAND,E07000143,normalized_exact_per_year
BRECKLAND,2021,BRECKLAND,E07000143,normalized_exact_per_year
BRECKLAND,2022,BRECKLAND,E07000143,normalized_exact_per_year
BRECKLAND,2023,BRECKLAND,E07000143,normalized_exact_per_year
BRECKLAND,2024,BRECKLAND,E07000143,normalized_exact_per_year
BRECKLAND,2025,BRECKLAND,E07000143,normalized_exact_per_year
BRENT,2015,BRENT,E09000005,normalized_exact_per_year
BRENT,2016,BRENT,E09000005,normalized_exact_per_year
BRENT,2017,BRENT,E09000005,normalized_exact_per_year
BRENT,2018,BRENT,E09000005,normalized_exact_per_year
BRENT,2019,BRENT,E09000005,normalized_exact_per_year
BRENT,2020,BRENT,E09000005,normalized_exact_per_year
BRENT,2021,BRENT,E09000005,normalized_exact_per_year
BRENT,2022,BRENT,E09000005,normalized_exact_per_year
BRENT,2023,BRENT,E09000005,normalized_exact_per_year
BRENT,2024,BRENT,E09000005,normalized_exact_per_year
BRENT,2025,BRENT,E09000005,normalized_exact_per_year
BRENTWOOD,2015,BRENTWOOD,E07000068,normalized_exact_per_year
BRENTWOOD,2016,BRENTWOOD,E07000068,normalized_exact_per_year
BRENTWOOD,2017,BRENTWOOD,E07000068,normalized_exact_per_year
BRENTWOOD,2018,BRENTWOOD,E07000068,normalized_exact_per_year
BRENTWOOD,2019,BRENTWOOD,E07000068,normalized_exact_per_year
BRENTWOOD,2020,BRENTWOOD,E07000068,normalized_exact_per_year
BRENTWOOD,2021,BRENTWOOD,E07000068,normalized_exact_per_year
BRENTWOOD,2022,BRENTWOOD,E07000068,normalized_exact_per_year
BRENTWOOD,2023,BRENTWOOD,E07000068,normalized_exact_per_year
BRENTWOOD,2024,BRENTWOOD,E07000068,normalized_exact_per_year
BRENTWOOD,2025,BRENTWOOD,E07000068,normalized_exact_per_year
BRIDGEND,2015,BRIDGEND,W06000013,normalized_exact_per_year
BRIDGEND,2016,BRIDGEND,W06000013,normalized_exact_per_year
BRIDGEND,2017,BRIDGEND,W06000013,normalized_exact_per_year
BRIDGEND,2018,BRIDGEND,W06000013,normalized_exact_per_year
BRIDGEND,2019,BRIDGEND,W06000013,normalized_exact_per_year
BRIDGEND,2020,BRIDGEND,W06000013,normalized_exact_per_year
BRIDGEND,2021,BRIDGEND,W06000013,normalized_exact_per_year
BRIDGEND,2022,BRIDGEND,W06000013,normalized_exact_per_year
BRIDGEND,2023,BRIDGEND,W06000013,normalized_exact_per_year
BRIDGEND,2024,BRIDGEND,W06000013,normalized_exact_per_year
BRIDGEND,2025,BRIDGEND,W06000013,normalized_exact_per_year
BRIGHTON AND HOVE,2015,BRIGHTON AND HOVE,E06000043,normalized_exact_per_year
BRIGHTON AND HOVE,2016,BRIGHTON AND HOVE,E06000043,normalized_exact_per_year
BRIGHTON AND HOVE,2017,BRIGHTON AND HOVE,E06000043,normalized_exact_per_year
BRIGHTON AND HOVE,2018,BRIGHTON AND HOVE,E06000043,normalized_exact_per_year
BRIGHTON AND HOVE,2019,BRIGHTON AND HOVE,E06000043,normalized_exact_per_year
BRIGHTON AND HOVE,2020,BRIGHTON AND HOVE,E06000043,normalized_exact_per_year
BRIGHTON AND HOVE,2021,BRIGHTON AND HOVE,E06000043,normalized_exact_per_year
BRIGHTON AND HOVE,2022,BRIGHTON AND HOVE,E06000043,normalized_exact_per_year
BRIGHTON AND HOVE,2023,BRIGHTON AND HOVE,E06000043,normalized_exact_per_year
BRIGHTON AND HOVE,2024,BRIGHTON AND HOVE,E06000043,normalized_exact_per_year
BRIGHTON AND HOVE,2025,BRIGHTON AND HOVE,E06000043,normalized_exact_per_year
BROADLAND,2015,BROADLAND,E07000144,normalized_exact_per_year
BROADLAND,2016,BROADLAND,E07000144,normalized_exact_per_year
BROADLAND,2017,BROADLAND,E07000144,normalized_exact_per_year
BROADLAND,2018,BROADLAND,E07000144,normalized_exact_per_year
BROADLAND,2019,BROADLAND,E07000144,normalized_exact_per_year
BROADLAND,2020,BROADLAND,E07000144,normalized_exact_per_year
BROADLAND,2021,BROADLAND,E07000144,normalized_exact_per_year
BROADLAND,2022,BROADLAND,E07000144,normalized_exact_per_year
BROADLAND,2023,BROADLAND,E07000144,normalized_exact_per_year
BROADLAND,2024,BROADLAND,E07000144,normalized_exact_per_year
BROADLAND,2025,BROADLAND,E07000144,normalized_exact_per_year
BROMLEY,2015,BROMLEY,E09000006,normalized_exact_per_year
BROMLEY,2016,BROMLEY,E09000006,normalized_exact_per_year
BROMLEY,2017,BROMLEY,E09000006,normalized_exact_per_year
BROMLEY,2018,BROMLEY,E09000006,normalized_exact_per_year
BROMLEY,2019,BROMLEY,E09000006,normalized_exact_per_year
BROMLEY,2020,BROMLEY,E09000006,normalized_exact_per_year
BROMLEY,2021,BROMLEY,E09000006,normalized_exact_per_year
BROMLEY,2022,BROMLEY,E09000006,normalized_exact_per_year
BROMLEY,2023,BROMLEY,E09000006,normalized_exact_per_year
BROMLEY,2024,BROMLEY,E09000006,normalized_exact_per_year
BROMLEY,2025,BROMLEY,E09000006,normalized_exact_per_year
BROMSGROVE,2015,BROMSGROVE,E07000234,normalized_exact_per_year
BROMSGROVE,2016,BROMSGROVE,E07000234,normalized_exact_per_year
BROMSGROVE,2017,BROMSGROVE,E07000234,normalized_exact_per_year
BROMSGROVE,2018,BROMSGROVE,E07000234,normalized_exact_per_year
BROMSGROVE,2019,BROMSGROVE,E07000234,normalized_exact_per_year
BROMSGROVE,2020,BROMSGROVE,E07000234,normalized_exact_per_year
BROMSGROVE,2021,BROMSGROVE,E07000234,normalized_exact_per_year
BROMSGROVE,2022,BROMSGROVE,E07000234,normalized_exact_per_year
BROMSGROVE,2023,BROMSGROVE,E07000234,normalized_exact_per_year
BROMSGROVE,2024,BROMSGROVE,E07000234,normalized_exact_per_year
BROMSGROVE,2025,BROMSGROVE,E07000234,normalized_exact_per_year
BROXBOURNE,2015,BROXBOURNE,E07000095,normalized_exact_per_year
BROXBOURNE,2016,BROXBOURNE,E07000095,normalized_exact_per_year
BROXBOURNE,2017,BROXBOURNE,E07000095,normalized_exact_per_year
BROXBOURNE,2018,BROXBOURNE,E07000095,normalized_exact_per_year
BROXBOURNE,2019,BROXBOURNE,E07000095,normalized_exact_per_year
BROXBOURNE,2020,BROXBOURNE,E07000095,normalized_exact_per_year
BROXBOURNE,2021,BROXBOURNE,E07000095,normalized_exact_per_year
BROXBOURNE,2022,BROXBOURNE,E07000095,normalized_exact_per_year
BROXBOURNE,2023,BROXBOURNE,E07000095,normalized_exact_per_year
BROXBOURNE,2024,BROXBOURNE,E07000095,normalized_exact_per_year
BROXBOURNE,2025,BROXBOURNE,E07000095,normalized_exact_per_year
BROXTOWE,2015,BROXTOWE,E07000172,normalized_exact_per_year
BROXTOWE,2016,BROXTOWE,E07000172,normalized_exact_per_year
BROXTOWE,2017,BROXTOWE,E07000172,normalized_exact_per_year
BROXTOWE,2018,BROXTOWE,E07000172,normalized_exact_per_year
BROXTOWE,2019,BROXTOWE,E07000172,normalized_exact_per_year
BROXTOWE,2020,BROXTOWE,E07000172,normalized_exact_per_year
BROXTOWE,2021,BROXTOWE,E07000172,normalized_exact_per_year
BROXTOWE,2022,BROXTOWE,E07000172,normalized_exact_per_year
BROXTOWE,2023,BROXTOWE,E07000172,normalized_exact_per_year
BROXTOWE,2024,BROXTOWE,E07000172,normalized_exact_per_year
BROXTOWE,2025,BROXTOWE,E07000172,normalized_exact_per_year
BUCKINGHAMSHIRE,2015,BUCKINGHAMSHIRE,E10000002,normalized_exact_per_year
BUCKINGHAMSHIRE,2016,BUCKINGHAMSHIRE,E10000002,normalized_exact_per_year
BUCKINGHAMSHIRE,2017,BUCKINGHAMSHIRE,E10000002,normalized_exact_per_year
BUCKINGHAMSHIRE,2018,BUCKINGHAMSHIRE,E10000002,normalized_exact_per_year
BUCKINGHAMSHIRE,2019,BUCKINGHAMSHIRE,E06000060,normalized_exact_per_year
BUCKINGHAMSHIRE,2020,BUCKINGHAMSHIRE,E06000060,normalized_exact_per_year
BUCKINGHAMSHIRE,2021,BUCKINGHAMSHIRE,E06000060,normalized_exact_per_year
BUCKINGHAMSHIRE,2022,BUCKINGHAMSHIRE,E06000060,normalized_exact_per_year
BUCKINGHAMSHIRE,2023,BUCKINGHAMSHIRE,E06000060,normalized_exact_per_year
BUCKINGHAMSHIRE,2024,BUCKINGHAMSHIRE,E06000060,normalized_exact_per_year
BUCKINGHAMSHIRE,2025,BUCKINGHAMSHIRE,E06000060,normalized_exact_per_year
BURNLEY,2015,BURNLEY,E07000117,normalized_exact_per_year
BURNLEY,2016,BURNLEY,E07000117,normalized_exact_per_year
BURNLEY,2017,BURNLEY,E07000117,normalized_exact_per_year
BURNLEY,2018,BURNLEY,E07000117,normalized_exact_per_year
BURNLEY,2019,BURNLEY,E07000117,normalized_exact_per_year
BURNLEY,2020,BURNLEY,E07000117,normalized_exact_per_year
BURNLEY,2021,BURNLEY,E07000117,normalized_exact_per_year
BURNLEY,2022,BURNLEY,E07000117,normalized_exact_per_year
BURNLEY,2023,BURNLEY,E07000117,normalized_exact_per_year
BURNLEY,2024,BURNLEY,E07000117,normalized_exact_per_year
BURNLEY,2025,BURNLEY,E07000117,normalized_exact_per_year
BURY,2015,BURY,E08000002,normalized_exact_per_year
BURY,2016,BURY,E08000002,normalized_exact_per_year
BURY,2017,BURY,E08000002,normalized_exact_per_year
BURY,2018,BURY,E08000002,normalized_exact_per_year
BURY,2019,BURY,E08000002,normalized_exact_per_year
BURY,2020,BURY,E08000002,normalized_exact_per_year
BURY,2021,BURY,E08000002,normalized_exact_per_year
BURY,2022,BURY,E08000002,normalized_exact_per_year
BURY,2023,BURY,E08000002,normalized_exact_per_year
BURY,2024,BURY,E08000002,normalized_exact_per_year
BURY,2025,BURY,E08000002,normalized_exact_per_year
CAERPHILLY,2015,CAERPHILLY,W06000018,normalized_exact_per_year
CAERPHILLY,2016,CAERPHILLY,W06000018,normalized_exact_per_year
CAERPHILLY,2017,CAERPHILLY,W06000018,normalized_exact_per_year
CAERPHILLY,2018,CAERPHILLY,W06000018,normalized_exact_per_year
CAERPHILLY,2019,CAERPHILLY,W06000018,normalized_exact_per_year
CAERPHILLY,2020,CAERPHILLY,W06000018,normalized_exact_per_year
CAERPHILLY,2021,CAERPHILLY,W06000018,normalized_exact_per_year
CAERPHILLY,2022,CAERPHILLY,W06000018,normalized_exact_per_year
CAERPHILLY,2023,CAERPHILLY,W06000018,normalized_exact_per_year
CAERPHILLY,2024,CAERPHILLY,W06000018,normalized_exact_per_year
CAERPHILLY,2025,CAERPHILLY,W06000018,normalized_exact_per_year
CALDERDALE,2015,CALDERDALE,E08000033,normalized_exact_per_year
CALDERDALE,2016,CALDERDALE,E08000033,normalized_exact_per_year
CALDERDALE,2017,CALDERDALE,E08000033,normalized_exact_per_year
CALDERDALE,2018,CALDERDALE,E08000033,normalized_exact_per_year
CALDERDALE,2019,CALDERDALE,E08000033,normalized_exact_per_year
CALDERDALE,2020,CALDERDALE,E08000033,normalized_exact_per_year
CALDERDALE,2021,CALDERDALE,E08000033,normalized_exact_per_year
CALDERDALE,2022,CALDERDALE,E08000033,normalized_exact_per_year
CALDERDALE,2023,CALDERDALE,E08000033,normalized_exact_per_year
CALDERDALE,2024,CALDERDALE,E08000033,normalized_exact_per_year
CALDERDALE,2025,CALDERDALE,E08000033,normalized_exact_per_year
CAMBRIDGE,2015,CAMBRIDGE,E07000008,normalized_exact_per_year
CAMBRIDGE,2016,CAMBRIDGE,E07000008,normalized_exact_per_year
CAMBRIDGE,2017,CAMBRIDGE,E07000008,normalized_exact_per_year
CAMBRIDGE,2018,CAMBRIDGE,E07000008,normalized_exact_per_year
CAMBRIDGE,2019,CAMBRIDGE,E07000008,normalized_exact_per_year
CAMBRIDGE,2020,CAMBRIDGE,E07000008,normalized_exact_per_year
CAMBRIDGE,2021,CAMBRIDGE,E07000008,normalized_exact_per_year
CAMBRIDGE,2022,CAMBRIDGE,E07000008,normalized_exact_per_year
CAMBRIDGE,2023,CAMBRIDGE,E07000008,normalized_exact_per_year
CAMBRIDGE,2024,CAMBRIDGE,E07000008,normalized_exact_per_year
CAMBRIDGE,2025,CAMBRIDGE,E07000008,normalized_exact_per_year
CAMDEN,2015,CAMDEN,E09000007,normalized_exact_per_year
CAMDEN,2016,CAMDEN,E09000007,normalized_exact_per_year
CAMDEN,2017,CAMDEN,E09000007,normalized_exact_per_year
CAMDEN,2018,CAMDEN,E09000007,normalized_exact_per_year
CAMDEN,2019,CAMDEN,E09000007,normalized_exact_per_year
CAMDEN,2020,CAMDEN,E09000007,normalized_exact_per_year
CAMDEN,2021,CAMDEN,E09000007,normalized_exact_per_year
CAMDEN,2022,CAMDEN,E09000007,normalized_exact_per_year
CAMDEN,2023,CAMDEN,E09000007,normalized_exact_per_year
CAMDEN,2024,CAMDEN,E09000007,normalized_exact_per_year
CAMDEN,2025,CAMDEN,E09000007,normalized_exact_per_year
CANNOCK CHASE,2015,CANNOCK CHASE,E07000192,normalized_exact_per_year
CANNOCK CHASE,2016,CANNOCK CHASE,E07000192,normalized_exact_per_year
CANNOCK CHASE,2017,CANNOCK CHASE,E07000192,normalized_exact_per_year
CANNOCK CHASE,2018,CANNOCK CHASE,E07000192,normalized_exact_per_year
CANNOCK CHASE,2019,CANNOCK CHASE,E07000192,normalized_exact_per_year
CANNOCK CHASE,2020,CANNOCK CHASE,E07000192,normalized_exact_per_year
CANNOCK CHASE,2021,CANNOCK CHASE,E07000192,normalized_exact_per_year
CANNOCK CHASE,2022,CANNOCK CHASE,E07000192,normalized_exact_per_year
CANNOCK CHASE,2023,CANNOCK CHASE,E07000192,normalized_exact_per_year
CANNOCK CHASE,2024,CANNOCK CHASE,E07000192,normalized_exact_per_year
CANNOCK CHASE,2025,CANNOCK CHASE,E07000192,normalized_exact_per_year
CANTERBURY,2015,CANTERBURY,E07000106,normalized_exact_per_year
CANTERBURY,2016,CANTERBURY,E07000106,normalized_exact_per_year
CANTERBURY,2017,CANTERBURY,E07000106,normalized_exact_per_year
CANTERBURY,2018,CANTERBURY,E07000106,normalized_exact_per_year
CANTERBURY,2019,CANTERBURY,E07000106,normalized_exact_per_year
CANTERBURY,2020,CANTERBURY,E07000106,normalized_exact_per_year
CANTERBURY,2021,CANTERBURY,E07000106,normalized_exact_per_year
CANTERBURY,2022,CANTERBURY,E07000106,normalized_exact_per_year
CANTERBURY,2023,CANTERBURY,E07000106,normalized_exact_per_year
CANTERBURY,2024,CANTERBURY,E07000106,normalized_exact_per_year
CANTERBURY,2025,CANTERBURY,E07000106,normalized_exact_per_year
CARDIFF,2015,CARDIFF,W06000015,normalized_exact_per_year
CARDIFF,2016,CARDIFF,W06000015,normalized_exact_per_year
CARDIFF,2017,CARDIFF,W06000015,normalized_exact_per_year
CARDIFF,2018,CARDIFF,W06000015,normalized_exact_per_year
CARDIFF,2019,CARDIFF,W06000015,normalized_exact_per_year
CARDIFF,2020,CARDIFF,W06000015,normalized_exact_per_year
CARDIFF,2021,CARDIFF,W06000015,normalized_exact_per_year
CARDIFF,2022,CARDIFF,W06000015,normalized_exact_per_year
CARDIFF,2023,CARDIFF,W06000015,normalized_exact_per_year
CARDIFF,2024,CARDIFF,W06000015,normalized_exact_per_year
CARDIFF,2025,CARDIFF,W06000015,normalized_exact_per_year
CARLISLE,2015,CARLISLE,E07000028,normalized_exact_per_year
CARLISLE,2016,CARLISLE,E07000028,normalized_exact_per_year
CARLISLE,2017,CARLISLE,E07000028,normalized_exact_per_year
CARLISLE,2018,CARLISLE,E07000028,normalized_exact_per_year
CARLISLE,2019,CARLISLE,E07000028,normalized_exact_per_year
CARLISLE,2020,CARLISLE,E07000028,normalized_exact_per_year
CARLISLE,2021,CARLISLE,E07000028,normalized_exact_per_year
CARMARTHENSHIRE,2015,CARMARTHENSHIRE,W06000010,normalized_exact_per_year
CARMARTHENSHIRE,2016,CARMARTHENSHIRE,W06000010,normalized_exact_per_year
CARMARTHENSHIRE,2017,CARMARTHENSHIRE,W06000010,normalized_exact_per_year
CARMARTHENSHIRE,2018,CARMARTHENSHIRE,W06000010,normalized_exact_per_year
CARMARTHENSHIRE,2019,CARMARTHENSHIRE,W06000010,normalized_exact_per_year
CARMARTHENSHIRE,2020,CARMARTHENSHIRE,W06000010,normalized_exact_per_year
CARMARTHENSHIRE,2021,CARMARTHENSHIRE,W06000010,normalized_exact_per_year
CARMARTHENSHIRE,2022,CARMARTHENSHIRE,W06000010,normalized_exact_per_year
CARMARTHENSHIRE,2023,CARMARTHENSHIRE,W06000010,normalized_exact_per_year
CARMARTHENSHIRE,2024,CARMARTHENSHIRE,W06000010,normalized_exact_per_year
CARMARTHENSHIRE,2025,CARMARTHENSHIRE,W06000010,normalized_exact_per_year
CASTLE POINT,2015,CASTLE POINT,E07000069,normalized_exact_per_year
CASTLE POINT,2016,CASTLE POINT,E07000069,normalized_exact_per_year
CASTLE POINT,2017,CASTLE POINT,E07000069,normalized_exact_per_year
CASTLE POINT,2018,CASTLE POINT,E07000069,normalized_exact_per_year
CASTLE POINT,2019,CASTLE POINT,E07000069,normalized_exact_per_year
CASTLE POINT,2020,CASTLE POINT,E07000069,normalized_exact_per_year
CASTLE POINT,2021,CASTLE POINT,E07000069,normalized_exact_per_year
CASTLE POINT,2022,CASTLE POINT,E07000069,normalized_exact_per_year
CASTLE POINT,2023,CASTLE POINT,E07000069,normalized_exact_per_year
CASTLE POINT,2024,CASTLE POINT,E07000069,normalized_exact_per_year
CASTLE POINT,2025,CASTLE POINT,E07000069,normalized_exact_per_year
CENTRAL BEDFORDSHIRE,2015,CENTRAL BEDFORDSHIRE,E06000056,normalized_exact_per_year
CENTRAL BEDFORDSHIRE,2016,CENTRAL BEDFORDSHIRE,E06000056,normalized_exact_per_year
CENTRAL BEDFORDSHIRE,2017,CENTRAL BEDFORDSHIRE,E06000056,normalized_exact_per_year
CENTRAL BEDFORDSHIRE,2018,CENTRAL BEDFORDSHIRE,E06000056,normalized_exact_per_year
CENTRAL BEDFORDSHIRE,2019,CENTRAL BEDFORDSHIRE,E06000056,normalized_exact_per_year
CENTRAL BEDFORDSHIRE,2020,CENTRAL BEDFORDSHIRE,E06000056,normalized_exact_per_year
CENTRAL BEDFORDSHIRE,2021,CENTRAL BEDFORDSHIRE,E06000056,normalized_exact_per_year
CENTRAL BEDFORDSHIRE,2022,CENTRAL BEDFORDSHIRE,E06000056,normalized_exact_per_year
CENTRAL BEDFORDSHIRE,2023,CENTRAL BEDFORDSHIRE,E06000056,normalized_exact_per_year
CENTRAL BEDFORDSHIRE,2024,CENTRAL BEDFORDSHIRE,E06000056,normalized_exact_per_year
CENTRAL BEDFORDSHIRE,2025,CENTRAL BEDFORDSHIRE,E06000056,normalized_exact_per_year
CEREDIGION,2015,CEREDIGION,W06000008,normalized_exact_per_year
CEREDIGION,2016,CEREDIGION,W06000008,normalized_exact_per_year
CEREDIGION,2017,CEREDIGION,W06000008,normalized_exact_per_year
CEREDIGION,2018,CEREDIGION,W06000008,normalized_exact_per_year
CEREDIGION,2019,CEREDIGION,W06000008,normalized_exact_per_year
CEREDIGION,2020,CEREDIGION,W06000008,normalized_exact_per_year
CEREDIGION,2021,CEREDIGION,W06000008,normalized_exact_per_year
CEREDIGION,2022,CEREDIGION,W06000008,normalized_exact_per_year
CEREDIGION,2023,CEREDIGION,W06000008,normalized_exact_per_year
CEREDIGION,2024,CEREDIGION,W06000008,normalized_exact_per_year
CEREDIGION,2025,CEREDIGION,W06000008,normalized_exact_per_year
CHARNWOOD,2015,CHARNWOOD,E07000130,normalized_exact_per_year
CHARNWOOD,2016,CHARNWOOD,E07000130,normalized_exact_per_year
CHARNWOOD,2017,CHARNWOOD,E07000130,normalized_exact_per_year
CHARNWOOD,2018,CHARNWOOD,E07000130,normalized_exact_per_year
CHARNWOOD,2019,CHARNWOOD,E07000130,normalized_exact_per_year
CHARNWOOD,2020,CHARNWOOD,E07000130,normalized_exact_per_year
CHARNWOOD,2021,CHARNWOOD,E07000130,normalized_exact_per_year
CHARNWOOD,2022,CHARNWOOD,E07000130,normalized_exact_per_year
CHARNWOOD,2023,CHARNWOOD,E07000130,normalized_exact_per_year
CHARNWOOD,2024,CHARNWOOD,E07000130,normalized_exact_per_year
CHARNWOOD,2025,CHARNWOOD,E07000130,normalized_exact_per_year
CHELMSFORD,2015,CHELMSFORD,E07000070,normalized_exact_per_year
CHELMSFORD,2016,CHELMSFORD,E07000070,normalized_exact_per_year
CHELMSFORD,2017,CHELMSFORD,E07000070,normalized_exact_per_year
CHELMSFORD,2018,CHELMSFORD,E07000070,normalized_exact_per_year
CHELMSFORD,2019,CHELMSFORD,E07000070,normalized_exact_per_year
CHELMSFORD,2020,CHELMSFORD,E07000070,normalized_exact_per_year
CHELMSFORD,2021,CHELMSFORD,E07000070,normalized_exact_per_year
CHELMSFORD,2022,CHELMSFORD,E07000070,normalized_exact_per_year
CHELMSFORD,2023,CHELMSFORD,E07000070,normalized_exact_per_year
CHELMSFORD,2024,CHELMSFORD,E07000070,normalized_exact_per_year
CHELMSFORD,2025,CHELMSFORD,E07000070,normalized_exact_per_year
CHELTENHAM,2015,CHELTENHAM,E07000078,normalized_exact_per_year
CHELTENHAM,2016,CHELTENHAM,E07000078,normalized_exact_per_year
CHELTENHAM,2017,CHELTENHAM,E07000078,normalized_exact_per_year
CHELTENHAM,2018,CHELTENHAM,E07000078,normalized_exact_per_year
CHELTENHAM,2019,CHELTENHAM,E07000078,normalized_exact_per_year
CHELTENHAM,2020,CHELTENHAM,E07000078,normalized_exact_per_year
CHELTENHAM,2021,CHELTENHAM,E07000078,normalized_exact_per_year
CHELTENHAM,2022,CHELTENHAM,E07000078,normalized_exact_per_year
CHELTENHAM,2023,CHELTENHAM,E07000078,normalized_exact_per_year
CHELTENHAM,2024,CHELTENHAM,E07000078,normalized_exact_per_year
CHELTENHAM,2025,CHELTENHAM,E07000078,normalized_exact_per_year
CHERWELL,2015,CHERWELL,E07000177,normalized_exact_per_year
CHERWELL,2016,CHERWELL,E07000177,normalized_exact_per_year
CHERWELL,2017,CHERWELL,E07000177,normalized_exact_per_year
CHERWELL,2018,CHERWELL,E07000177,normalized_exact_per_year
CHERWELL,2019,CHERWELL,E07000177,normalized_exact_per_year
CHERWELL,2020,CHERWELL,E07000177,normalized_exact_per_year
CHERWELL,2021,CHERWELL,E07000177,normalized_exact_per_year
CHERWELL,2022,CHERWELL,E07000177,normalized_exact_per_year
CHERWELL,2023,CHERWELL,E07000177,normalized_exact_per_year
CHERWELL,2024,CHERWELL,E07000177,normalized_exact_per_year
CHERWELL,2025,CHERWELL,E07000177,normalized_exact_per_year
CHESHIRE EAST,2015,CHESHIRE EAST,E06000049,normalized_exact_per_year
CHESHIRE EAST,2016,CHESHIRE EAST,E06000049,normalized_exact_per_year
CHESHIRE EAST,2017,CHESHIRE EAST,E06000049,normalized_exact_per_year
CHESHIRE EAST,2018,CHESHIRE EAST,E06000049,normalized_exact_per_year
CHESHIRE EAST,2019,CHESHIRE EAST,E06000049,normalized_exact_per_year
CHESHIRE EAST,2020,CHESHIRE EAST,E06000049,normalized_exact_per_year
CHESHIRE EAST,2021,CHESHIRE EAST,E06000049,normalized_exact_per_year
CHESHIRE EAST,2022,CHESHIRE EAST,E06000049,normalized_exact_per_year
CHESHIRE EAST,2023,CHESHIRE EAST,E06000049,normalized_exact_per_year
CHESHIRE EAST,2024,CHESHIRE EAST,E06000049,normalized_exact_per_year
CHESHIRE EAST,2025,CHESHIRE EAST,E06000049,normalized_exact_per_year
CHESHIRE WEST AND CHESTER,2015,CHESHIRE WEST AND CHESTER,E06000050,normalized_exact_per_year
CHESHIRE WEST AND CHESTER,2016,CHESHIRE WEST AND CHESTER,E06000050,normalized_exact_per_year
CHESHIRE WEST AND CHESTER,2017,CHESHIRE WEST AND CHESTER,E06000050,normalized_exact_per_year
CHESHIRE WEST AND CHESTER,2018,CHESHIRE WEST AND CHESTER,E06000050,normalized_exact_per_year
CHESHIRE WEST AND CHESTER,2019,CHESHIRE WEST AND CHESTER,E06000050,normalized_exact_per_year
CHESHIRE WEST AND CHESTER,2020,CHESHIRE WEST AND CHESTER,E06000050,normalized_exact_per_year
CHESHIRE WEST AND CHESTER,2021,CHESHIRE WEST AND CHESTER,E06000050,normalized_exact_per_year
CHESHIRE WEST AND CHESTER,2022,CHESHIRE WEST AND CHESTER,E06000050,normalized_exact_per_year
CHESHIRE WEST AND CHESTER,2023,CHESHIRE WEST AND CHESTER,E06000050,normalized_exact_per_year
CHESHIRE WEST AND CHESTER,2024,CHESHIRE WEST AND CHESTER,E06000050,normalized_exact_per_year
CHESHIRE WEST AND CHESTER,2025,CHESHIRE WEST AND CHESTER,E06000050,normalized_exact_per_year
CHESTERFIELD,2015,CHESTERFIELD,E07000034,normalized_exact_per_year
CHESTERFIELD,2016,CHESTERFIELD,E07000034,normalized_exact_per_year
CHESTERFIELD,2017,CHESTERFIELD,E07000034,normalized_exact_per_year
CHESTERFIELD,2018,CHESTERFIELD,E07000034,normalized_exact_per_year
CHESTERFIELD,2019,CHESTERFIELD,E07000034,normalized_exact_per_year
CHESTERFIELD,2020,CHESTERFIELD,E07000034,normalized_exact_per_year
CHESTERFIELD,2021,CHESTERFIELD,E07000034,normalized_exact_per_year
CHESTERFIELD,2022,CHESTERFIELD,E07000034,normalized_exact_per_year
CHESTERFIELD,2023,CHESTERFIELD,E07000034,normalized_exact_per_year
CHESTERFIELD,2024,CHESTERFIELD,E07000034,normalized_exact_per_year
CHESTERFIELD,2025,CHESTERFIELD,E07000034,normalized_exact_per_year
CHICHESTER,2015,CHICHESTER,E07000225,normalized_exact_per_year
CHICHESTER,2016,CHICHESTER,E07000225,normalized_exact_per_year
CHICHESTER,2017,CHICHESTER,E07000225,normalized_exact_per_year
CHICHESTER,2018,CHICHESTER,E07000225,normalized_exact_per_year
CHICHESTER,2019,CHICHESTER,E07000225,normalized_exact_per_year
CHICHESTER,2020,CHICHESTER,E07000225,normalized_exact_per_year
CHICHESTER,2021,CHICHESTER,E07000225,normalized_exact_per_year
CHICHESTER,2022,CHICHESTER,E07000225,normalized_exact_per_year
CHICHESTER,2023,CHICHESTER,E07000225,normalized_exact_per_year
CHICHESTER,2024,CHICHESTER,E07000225,normalized_exact_per_year
CHICHESTER,2025,CHICHESTER,E07000225,normalized_exact_per_year
CHILTERN,2015,CHILTERN,E07000005,normalized_exact_per_year
CHILTERN,2016,CHILTERN,E07000005,normalized_exact_per_year
CHILTERN,2017,CHILTERN,E07000005,normalized_exact_per_year
CHILTERN,2018,CHILTERN,E07000005,normalized_exact_per_year
CHORLEY,2015,CHORLEY,E07000118,normalized_exact_per_year
CHORLEY,2016,CHORLEY,E07000118,normalized_exact_per_year
CHORLEY,2017,CHORLEY,E07000118,normalized_exact_per_year
CHORLEY,2018,CHORLEY,E07000118,normalized_exact_per_year
CHORLEY,2019,CHORLEY,E07000118,normalized_exact_per_year
CHORLEY,2020,CHORLEY,E07000118,normalized_exact_per_year
CHORLEY,2021,CHORLEY,E07000118,normalized_exact_per_year
CHORLEY,2022,CHORLEY,E07000118,normalized_exact_per_year
CHORLEY,2023,CHORLEY,E07000118,normalized_exact_per_year
CHORLEY,2024,CHORLEY,E07000118,normalized_exact_per_year
CHORLEY,2025,CHORLEY,E07000118,normalized_exact_per_year
CHRISTCHURCH,2015,CHRISTCHURCH,E07000048,normalized_exact_per_year
CHRISTCHURCH,2016,CHRISTCHURCH,E07000048,normalized_exact_per_year
CHRISTCHURCH,2017,CHRISTCHURCH,E07000048,normalized_exact_per_year
CITY OF BRISTOL,2015,BRISTOL,E06000023,normalized_exact_per_year
CITY OF BRISTOL,2016,BRISTOL,E06000023,normalized_exact_per_year
CITY OF BRISTOL,2017,BRISTOL,E06000023,normalized_exact_per_year
CITY OF BRISTOL,2018,BRISTOL,E06000023,normalized_exact_per_year
CITY OF BRISTOL,2019,BRISTOL,E06000023,normalized_exact_per_year
CITY OF BRISTOL,2020,BRISTOL,E06000023,normalized_exact_per_year
CITY OF BRISTOL,2021,BRISTOL,E06000023,normalized_exact_per_year
CITY OF BRISTOL,2022,BRISTOL,E06000023,normalized_exact_per_year
CITY OF BRISTOL,2023,BRISTOL,E06000023,normalized_exact_per_year
CITY OF BRISTOL,2024,BRISTOL,E06000023,normalized_exact_per_year
CITY OF BRISTOL,2025,BRISTOL,E06000023,normalized_exact_per_year
CITY OF DERBY,2015,DERBY,E06000015,normalized_exact_per_year
CITY OF DERBY,2016,DERBY,E06000015,normalized_exact_per_year
CITY OF DERBY,2017,DERBY,E06000015,normalized_exact_per_year
CITY OF DERBY,2018,DERBY,E06000015,normalized_exact_per_year
CITY OF DERBY,2019,DERBY,E06000015,normalized_exact_per_year
CITY OF DERBY,2020,DERBY,E06000015,normalized_exact_per_year
CITY OF DERBY,2021,DERBY,E06000015,normalized_exact_per_year
CITY OF DERBY,2022,DERBY,E06000015,normalized_exact_per_year
CITY OF DERBY,2023,DERBY,E06000015,normalized_exact_per_year
CITY OF DERBY,2024,DERBY,E06000015,normalized_exact_per_year
CITY OF DERBY,2025,DERBY,E06000015,normalized_exact_per_year
CITY OF KINGSTON UPON HULL,2015,KINGSTON UPON HULL,E06000010,normalized_exact_per_year
CITY OF KINGSTON UPON HULL,2016,KINGSTON UPON HULL,E06000010,normalized_exact_per_year
CITY OF KINGSTON UPON HULL,2017,KINGSTON UPON HULL,E06000010,normalized_exact_per_year
CITY OF KINGSTON UPON HULL,2018,KINGSTON UPON HULL,E06000010,normalized_exact_per_year
CITY OF KINGSTON UPON HULL,2019,KINGSTON UPON HULL,E06000010,normalized_exact_per_year
CITY OF KINGSTON UPON HULL,2020,KINGSTON UPON HULL,E06000010,normalized_exact_per_year
CITY OF KINGSTON UPON HULL,2021,KINGSTON UPON HULL,E06000010,normalized_exact_per_year
CITY OF KINGSTON UPON HULL,2022,KINGSTON UPON HULL,E06000010,normalized_exact_per_year
CITY OF KINGSTON UPON HULL,2023,KINGSTON UPON HULL,E06000010,normalized_exact_per_year
CITY OF KINGSTON UPON HULL,2024,KINGSTON UPON HULL,E06000010,normalized_exact_per_year
CITY OF KINGSTON UPON HULL,2025,KINGSTON UPON HULL,E06000010,normalized_exact_per_year
CITY OF LONDON,2015,,E09000001,normalized_exact_per_year
CITY OF LONDON,2016,,E09000001,normalized_exact_per_year
CITY OF LONDON,2017,,E09000001,normalized_exact_per_year
CITY OF LONDON,2018,,E09000001,normalized_exact_per_year
CITY OF LONDON,2019,,E09000001,normalized_exact_per_year
CITY OF LONDON,2020,,E09000001,normalized_exact_per_year
CITY OF LONDON,2021,,E09000001,normalized_exact_per_year
CITY OF LONDON,2022,,E09000001,normalized_exact_per_year
CITY OF LONDON,2023,,E09000001,normalized_exact_per_year
CITY OF LONDON,2024,,E09000001,normalized_exact_per_year
CITY OF LONDON,2025,,E09000001,normalized_exact_per_year
CITY OF NOTTINGHAM,2015,NOTTINGHAM,E06000018,normalized_exact_per_year
CITY OF NOTTINGHAM,2016,NOTTINGHAM,E06000018,normalized_exact_per_year
CITY OF NOTTINGHAM,2017,NOTTINGHAM,E06000018,normalized_exact_per_year
CITY OF NOTTINGHAM,2018,NOTTINGHAM,E06000018,normalized_exact_per_year
CITY OF NOTTINGHAM,2019,NOTTINGHAM,E06000018,normalized_exact_per_year
CITY OF NOTTINGHAM,2020,NOTTINGHAM,E06000018,normalized_exact_per_year
CITY OF NOTTINGHAM,2021,NOTTINGHAM,E06000018,normalized_exact_per_year
CITY OF NOTTINGHAM,2022,NOTTINGHAM,E06000018,normalized_exact_per_year
CITY OF NOTTINGHAM,2023,NOTTINGHAM,E06000018,normalized_exact_per_year
CITY OF NOTTINGHAM,2024,NOTTINGHAM,E06000018,normalized_exact_per_year
CITY OF NOTTINGHAM,2025,NOTTINGHAM,E06000018,normalized_exact_per_year
CITY OF PETERBOROUGH,2015,PETERBOROUGH,E06000031,normalized_exact_per_year
CITY OF PETERBOROUGH,2016,PETERBOROUGH,E06000031,normalized_exact_per_year
CITY OF PETERBOROUGH,2017,PETERBOROUGH,E06000031,normalized_exact_per_year
CITY OF PETERBOROUGH,2018,PETERBOROUGH,E06000031,normalized_exact_per_year
CITY OF PETERBOROUGH,2019,PETERBOROUGH,E06000031,normalized_exact_per_year
CITY OF PETERBOROUGH,2020,PETERBOROUGH,E06000031,normalized_exact_per_year
CITY OF PETERBOROUGH,2021,PETERBOROUGH,E06000031,normalized_exact_per_year
CITY OF PETERBOROUGH,2022,PETERBOROUGH,E06000031,normalized_exact_per_year
CITY OF PETERBOROUGH,2023,PETERBOROUGH,E06000031,normalized_exact_per_year
CITY OF PETERBOROUGH,2024,PETERBOROUGH,E06000031,normalized_exact_per_year
CITY OF PETERBOROUGH,2025,PETERBOROUGH,E06000031,normalized_exact_per_year
CITY OF PLYMOUTH,2015,PLYMOUTH,E06000026,normalized_exact_per_year
CITY OF PLYMOUTH,2016,PLYMOUTH,E06000026,normalized_exact_per_year
CITY OF PLYMOUTH,2017,PLYMOUTH,E06000026,normalized_exact_per_year
CITY OF PLYMOUTH,2018,PLYMOUTH,E06000026,normalized_exact_per_year
CITY OF PLYMOUTH,2019,PLYMOUTH,E06000026,normalized_exact_per_year
CITY OF PLYMOUTH,2020,PLYMOUTH,E06000026,normalized_exact_per_year
CITY OF PLYMOUTH,2021,PLYMOUTH,E06000026,normalized_exact_per_year
CITY OF PLYMOUTH,2022,PLYMOUTH,E06000026,normalized_exact_per_year
CITY OF PLYMOUTH,2023,PLYMOUTH,E06000026,normalized_exact_per_year
CITY OF PLYMOUTH,2024,PLYMOUTH,E06000026,normalized_exact_per_year
CITY OF PLYMOUTH,2025,PLYMOUTH,E06000026,normalized_exact_per_year
CITY OF WESTMINSTER,2015,WESTMINSTER,E09000033,normalized_exact_per_year
CITY OF WESTMINSTER,2016,WESTMINSTER,E09000033,normalized_exact_per_year
CITY OF WESTMINSTER,2017,WESTMINSTER,E09000033,normalized_exact_per_year
CITY OF WESTMINSTER,2018,WESTMINSTER,E09000033,normalized_exact_per_year
CITY OF WESTMINSTER,2019,WESTMINSTER,E09000033,normalized_exact_per_year
CITY OF WESTMINSTER,2020,WESTMINSTER,E09000033,normalized_exact_per_year
CITY OF WESTMINSTER,2021,WESTMINSTER,E09000033,normalized_exact_per_year
CITY OF WESTMINSTER,2022,WESTMINSTER,E09000033,normalized_exact_per_year
CITY OF WESTMINSTER,2023,WESTMINSTER,E09000033,normalized_exact_per_year
CITY OF WESTMINSTER,2024,WESTMINSTER,E09000033,normalized_exact_per_year
CITY OF WESTMINSTER,2025,WESTMINSTER,E09000033,normalized_exact_per_year
COLCHESTER,2015,COLCHESTER,E07000071,normalized_exact_per_year
COLCHESTER,2016,COLCHESTER,E07000071,normalized_exact_per_year
COLCHESTER,2017,COLCHESTER,E07000071,normalized_exact_per_year
COLCHESTER,2018,COLCHESTER,E07000071,normalized_exact_per_year
COLCHESTER,2019,COLCHESTER,E07000071,normalized_exact_per_year
COLCHESTER,2020,COLCHESTER,E07000071,normalized_exact_per_year
COLCHESTER,2021,COLCHESTER,E07000071,normalized_exact_per_year
COLCHESTER,2022,COLCHESTER,E07000071,normalized_exact_per_year
COLCHESTER,2023,COLCHESTER,E07000071,normalized_exact_per_year
COLCHESTER,2024,COLCHESTER,E07000071,normalized_exact_per_year
COLCHESTER,2025,COLCHESTER,E07000071,normalized_exact_per_year
CONWY,2015,CONWY,W06000003,normalized_exact_per_year
CONWY,2016,CONWY,W06000003,normalized_exact_per_year
CONWY,2017,CONWY,W06000003,normalized_exact_per_year
CONWY,2018,CONWY,W06000003,normalized_exact_per_year
CONWY,2019,CONWY,W06000003,normalized_exact_per_year
CONWY,2020,CONWY,W06000003,normalized_exact_per_year
CONWY,2021,CONWY,W06000003,normalized_exact_per_year
CONWY,2022,CONWY,W06000003,normalized_exact_per_year
CONWY,2023,CONWY,W06000003,normalized_exact_per_year
CONWY,2024,CONWY,W06000003,normalized_exact_per_year
CONWY,2025,CONWY,W06000003,normalized_exact_per_year
COPELAND,2015,COPELAND,E07000029,normalized_exact_per_year
COPELAND,2016,COPELAND,E07000029,normalized_exact_per_year
COPELAND,2017,COPELAND,E07000029,normalized_exact_per_year
COPELAND,2018,COPELAND,E07000029,normalized_exact_per_year
COPELAND,2019,COPELAND,E07000029,normalized_exact_per_year
COPELAND,2020,COPELAND,E07000029,normalized_exact_per_year
COPELAND,2021,COPELAND,E07000029,normalized_exact_per_year
CORBY,2015,CORBY,E07000150,normalized_exact_per_year
CORBY,2016,CORBY,E07000150,normalized_exact_per_year
CORBY,2017,CORBY,E07000150,normalized_exact_per_year
CORBY,2018,CORBY,E07000150,normalized_exact_per_year
CORBY,2019,CORBY,E07000150,normalized_exact_per_year
CORNWALL,2015,CORNWALL,E06000052,normalized_exact_per_year
CORNWALL,2016,CORNWALL,E06000052,normalized_exact_per_year
CORNWALL,2017,CORNWALL,E06000052,normalized_exact_per_year
CORNWALL,2018,CORNWALL,E06000052,normalized_exact_per_year
CORNWALL,2019,CORNWALL,E06000052,normalized_exact_per_year
CORNWALL,2020,CORNWALL,E06000052,normalized_exact_per_year
CORNWALL,2021,CORNWALL,E06000052,normalized_exact_per_year
CORNWALL,2022,CORNWALL,E06000052,normalized_exact_per_year
CORNWALL,2023,CORNWALL,E06000052,normalized_exact_per_year
CORNWALL,2024,CORNWALL,E06000052,normalized_exact_per_year
CORNWALL,2025,CORNWALL,E06000052,normalized_exact_per_year
COTSWOLD,2015,COTSWOLD,E07000079,normalized_exact_per_year
COTSWOLD,2016,COTSWOLD,E07000079,normalized_exact_per_year
COTSWOLD,2017,COTSWOLD,E07000079,normalized_exact_per_year
COTSWOLD,2018,COTSWOLD,E07000079,normalized_exact_per_year
COTSWOLD,2019,COTSWOLD,E07000079,normalized_exact_per_year
COTSWOLD,2020,COTSWOLD,E07000079,normalized_exact_per_year
COTSWOLD,2021,COTSWOLD,E07000079,normalized_exact_per_year
COTSWOLD,2022,COTSWOLD,E07000079,normalized_exact_per_year
COTSWOLD,2023,COTSWOLD,E07000079,normalized_exact_per_year
COTSWOLD,2024,COTSWOLD,E07000079,normalized_exact_per_year
COTSWOLD,2025,COTSWOLD,E07000079,normalized_exact_per_year
COUNTY DURHAM,2015,DURHAM,E06000047,normalized_exact_per_year
COUNTY DURHAM,2016,DURHAM,E06000047,normalized_exact_per_year
COUNTY DURHAM,2017,DURHAM,E06000047,normalized_exact_per_year
COUNTY DURHAM,2018,DURHAM,E06000047,normalized_exact_per_year
COUNTY DURHAM,2019,DURHAM,E06000047,normalized_exact_per_year
COUNTY DURHAM,2020,DURHAM,E06000047,normalized_exact_per_year
COUNTY DURHAM,2021,DURHAM,E06000047,normalized_exact_per_year
COUNTY DURHAM,2022,DURHAM,E06000047,normalized_exact_per_year
COUNTY DURHAM,2023,DURHAM,E06000047,normalized_exact_per_year
COUNTY DURHAM,2024,DURHAM,E06000047,normalized_exact_per_year
COUNTY DURHAM,2025,DURHAM,E06000047,normalized_exact_per_year
COVENTRY,2015,COVENTRY,E08000026,normalized_exact_per_year
COVENTRY,2016,COVENTRY,E08000026,normalized_exact_per_year
COVENTRY,2017,COVENTRY,E08000026,normalized_exact_per_year
COVENTRY,2018,COVENTRY,E08000026,normalized_exact_per_year
COVENTRY,2019,COVENTRY,E08000026,normalized_exact_per_year
COVENTRY,2020,COVENTRY,E08000026,normalized_exact_per_year
COVENTRY,2021,COVENTRY,E08000026,normalized_exact_per_year
COVENTRY,2022,COVENTRY,E08000026,normalized_exact_per_year
COVENTRY,2023,COVENTRY,E08000026,normalized_exact_per_year
COVENTRY,2024,COVENTRY,E08000026,normalized_exact_per_year
COVENTRY,2025,COVENTRY,E08000026,normalized_exact_per_year
CRAVEN,2015,CRAVEN,E07000163,normalized_exact_per_year
CRAVEN,2016,CRAVEN,E07000163,normalized_exact_per_year
CRAVEN,2017,CRAVEN,E07000163,normalized_exact_per_year
CRAVEN,2018,CRAVEN,E07000163,normalized_exact_per_year
CRAVEN,2019,CRAVEN,E07000163,normalized_exact_per_year
CRAVEN,2020,CRAVEN,E07000163,normalized_exact_per_year
CRAVEN,2021,CRAVEN,E07000163,normalized_exact_per_year
CRAWLEY,2015,CRAWLEY,E07000226,normalized_exact_per_year
CRAWLEY,2016,CRAWLEY,E07000226,normalized_exact_per_year
CRAWLEY,2017,CRAWLEY,E07000226,normalized_exact_per_year
CRAWLEY,2018,CRAWLEY,E07000226,normalized_exact_per_year
CRAWLEY,2019,CRAWLEY,E07000226,normalized_exact_per_year
CRAWLEY,2020,CRAWLEY,E07000226,normalized_exact_per_year
CRAWLEY,2021,CRAWLEY,E07000226,normalized_exact_per_year
CRAWLEY,2022,CRAWLEY,E07000226,normalized_exact_per_year
CRAWLEY,2023,CRAWLEY,E07000226,normalized_exact_per_year
CRAWLEY,2024,CRAWLEY,E07000226,normalized_exact_per_year
CRAWLEY,2025,CRAWLEY,E07000226,normalized_exact_per_year
CROYDON,2015,CROYDON,E09000008,normalized_exact_per_year
CROYDON,2016,CROYDON,E09000008,normalized_exact_per_year
CROYDON,2017,CROYDON,E09000008,normalized_exact_per_year
CROYDON,2018,CROYDON,E09000008,normalized_exact_per_year
CROYDON,2019,CROYDON,E09000008,normalized_exact_per_year
CROYDON,2020,CROYDON,E09000008,normalized_exact_per_year
CROYDON,2021,CROYDON,E09000008,normalized_exact_per_year
CROYDON,2022,CROYDON,E09000008,normalized_exact_per_year
CROYDON,2023,CROYDON,E09000008,normalized_exact_per_year
CROYDON,2024,CROYDON,E09000008,normalized_exact_per_year
CROYDON,2025,CROYDON,E09000008,normalized_exact_per_year
CUMBERLAND,2022,CUMBERLAND,E06000063,normalized_exact_per_year
CUMBERLAND,2023,CUMBERLAND,E06000063,normalized_exact_per_year
CUMBERLAND,2024,CUMBERLAND,E06000063,normalized_exact_per_year
CUMBERLAND,2025,CUMBERLAND,E06000063,normalized_exact_per_year
DACORUM,2015,DACORUM,E07000096,normalized_exact_per_year
DACORUM,2016,DACORUM,E07000096,normalized_exact_per_year
DACORUM,2017,DACORUM,E07000096,normalized_exact_per_year
DACORUM,2018,DACORUM,E07000096,normalized_exact_per_year
DACORUM,2019,DACORUM,E07000096,normalized_exact_per_year
DACORUM,2020,DACORUM,E07000096,normalized_exact_per_year
DACORUM,2021,DACORUM,E07000096,normalized_exact_per_year
DACORUM,2022,DACORUM,E07000096,normalized_exact_per_year
DACORUM,2023,DACORUM,E07000096,normalized_exact_per_year
DACORUM,2024,DACORUM,E07000096,normalized_exact_per_year
DACORUM,2025,DACORUM,E07000096,normalized_exact_per_year
DARLINGTON,2015,DARLINGTON,E06000005,normalized_exact_per_year
DARLINGTON,2016,DARLINGTON,E06000005,normalized_exact_per_year
DARLINGTON,2017,DARLINGTON,E06000005,normalized_exact_per_year
DARLINGTON,2018,DARLINGTON,E06000005,normalized_exact_per_year
DARLINGTON,2019,DARLINGTON,E06000005,normalized_exact_per_year
DARLINGTON,2020,DARLINGTON,E06000005,normalized_exact_per_year
DARLINGTON,2021,DARLINGTON,E06000005,normalized_exact_per_year
DARLINGTON,2022,DARLINGTON,E06000005,normalized_exact_per_year
DARLINGTON,2023,DARLINGTON,E06000005,normalized_exact_per_year
DARLINGTON,2024,DARLINGTON,E06000005,normalized_exact_per_year
DARLINGTON,2025,DARLINGTON,E06000005,normalized_exact_per_year
DARTFORD,2015,DARTFORD,E07000107,normalized_exact_per_year
DARTFORD,2016,DARTFORD,E07000107,normalized_exact_per_year
DARTFORD,2017,DARTFORD,E07000107,normalized_exact_per_year
DARTFORD,2018,DARTFORD,E07000107,normalized_exact_per_year
DARTFORD,2019,DARTFORD,E07000107,normalized_exact_per_year
DARTFORD,2020,DARTFORD,E07000107,normalized_exact_per_year
DARTFORD,2021,DARTFORD,E07000107,normalized_exact_per_year
DARTFORD,2022,DARTFORD,E07000107,normalized_exact_per_year
DARTFORD,2023,DARTFORD,E07000107,normalized_exact_per_year
DARTFORD,2024,DARTFORD,E07000107,normalized_exact_per_year
DARTFORD,2025,DARTFORD,E07000107,normalized_exact_per_year
DAVENTRY,2015,DAVENTRY,E07000151,normalized_exact_per_year
DAVENTRY,2016,DAVENTRY,E07000151,normalized_exact_per_year
DAVENTRY,2017,DAVENTRY,E07000151,normalized_exact_per_year
DAVENTRY,2018,DAVENTRY,E07000151,normalized_exact_per_year
DAVENTRY,2019,DAVENTRY,E07000151,normalized_exact_per_year
DENBIGHSHIRE,2015,DENBIGHSHIRE,W06000004,normalized_exact_per_year
DENBIGHSHIRE,2016,DENBIGHSHIRE,W06000004,normalized_exact_per_year
DENBIGHSHIRE,2017,DENBIGHSHIRE,W06000004,normalized_exact_per_year
DENBIGHSHIRE,2018,DENBIGHSHIRE,W06000004,normalized_exact_per_year
DENBIGHSHIRE,2019,DENBIGHSHIRE,W06000004,normalized_exact_per_year
DENBIGHSHIRE,2020,DENBIGHSHIRE,W06000004,normalized_exact_per_year
DENBIGHSHIRE,2021,DENBIGHSHIRE,W06000004,normalized_exact_per_year
DENBIGHSHIRE,2022,DENBIGHSHIRE,W06000004,normalized_exact_per_year
DENBIGHSHIRE,2023,DENBIGHSHIRE,W06000004,normalized_exact_per_year
DENBIGHSHIRE,2024,DENBIGHSHIRE,W06000004,normalized_exact_per_year
DENBIGHSHIRE,2025,DENBIGHSHIRE,W06000004,normalized_exact_per_year
DERBYSHIRE DALES,2015,DERBYSHIRE DALES,E07000035,normalized_exact_per_year
DERBYSHIRE DALES,2016,DERBYSHIRE DALES,E07000035,normalized_exact_per_year
DERBYSHIRE DALES,2017,DERBYSHIRE DALES,E07000035,normalized_exact_per_year
DERBYSHIRE DALES,2018,DERBYSHIRE DALES,E07000035,normalized_exact_per_year
DERBYSHIRE DALES,2019,DERBYSHIRE DALES,E07000035,normalized_exact_per_year
DERBYSHIRE DALES,2020,DERBYSHIRE DALES,E07000035,normalized_exact_per_year
DERBYSHIRE DALES,2021,DERBYSHIRE DALES,E07000035,normalized_exact_per_year
DERBYSHIRE DALES,2022,DERBYSHIRE DALES,E07000035,normalized_exact_per_year
DERBYSHIRE DALES,2023,DERBYSHIRE DALES,E07000035,normalized_exact_per_year
DERBYSHIRE DALES,2024,DERBYSHIRE DALES,E07000035,normalized_exact_per_year
DERBYSHIRE DALES,2025,DERBYSHIRE DALES,E07000035,normalized_exact_per_year
DONCASTER,2015,DONCASTER,E08000017,normalized_exact_per_year
DONCASTER,2016,DONCASTER,E08000017,normalized_exact_per_year
DONCASTER,2017,DONCASTER,E08000017,normalized_exact_per_year
DONCASTER,2018,DONCASTER,E08000017,normalized_exact_per_year
DONCASTER,2019,DONCASTER,E08000017,normalized_exact_per_year
DONCASTER,2020,DONCASTER,E08000017,normalized_exact_per_year
DONCASTER,2021,DONCASTER,E08000017,normalized_exact_per_year
DONCASTER,2022,DONCASTER,E08000017,normalized_exact_per_year
DONCASTER,2023,DONCASTER,E08000017,normalized_exact_per_year
DONCASTER,2024,DONCASTER,E08000017,normalized_exact_per_year
DONCASTER,2025,DONCASTER,E08000017,normalized_exact_per_year
DORSET,2015,DORSET,E10000009,normalized_exact_per_year
DORSET,2016,DORSET,E10000009,normalized_exact_per_year
DORSET,2017,DORSET,E10000009,normalized_exact_per_year
DORSET,2018,DORSET,E06000059,normalized_exact_per_year
DORSET,2019,DORSET,E06000059,normalized_exact_per_year
DORSET,2020,DORSET,E06000059,normalized_exact_per_year
DORSET,2021,DORSET,E06000059,normalized_exact_per_year
DORSET,2022,DORSET,E06000059,normalized_exact_per_year
DORSET,2023,DORSET,E06000059,normalized_exact_per_year
DORSET,2024,DORSET,E06000059,normalized_exact_per_year
DORSET,2025,DORSET,E06000059,normalized_exact_per_year
DOVER,2015,DOVER,E07000108,normalized_exact_per_year
DOVER,2016,DOVER,E07000108,normalized_exact_per_year
DOVER,2017,DOVER,E07000108,normalized_exact_per_year
DOVER,2018,DOVER,E07000108,normalized_exact_per_year
DOVER,2019,DOVER,E07000108,normalized_exact_per_year
DOVER,2020,DOVER,E07000108,normalized_exact_per_year
DOVER,2021,DOVER,E07000108,normalized_exact_per_year
DOVER,2022,DOVER,E07000108,normalized_exact_per_year
DOVER,2023,DOVER,E07000108,normalized_exact_per_year
DOVER,2024,DOVER,E07000108,normalized_exact_per_year
DOVER,2025,DOVER,E07000108,normalized_exact_per_year
DUDLEY,2015,DUDLEY,E08000027,normalized_exact_per_year
DUDLEY,2016,DUDLEY,E08000027,normalized_exact_per_year
DUDLEY,2017,DUDLEY,E08000027,normalized_exact_per_year
DUDLEY,2018,DUDLEY,E08000027,normalized_exact_per_year
DUDLEY,2019,DUDLEY,E08000027,normalized_exact_per_year
DUDLEY,2020,DUDLEY,E08000027,normalized_exact_per_year
DUDLEY,2021,DUDLEY,E08000027,normalized_exact_per_year
DUDLEY,2022,DUDLEY,E08000027,normalized_exact_per_year
DUDLEY,2023,DUDLEY,E08000027,normalized_exact_per_year
DUDLEY,2024,DUDLEY,E08000027,normalized_exact_per_year
DUDLEY,2025,DUDLEY,E08000027,normalized_exact_per_year
EALING,2015,EALING,E09000009,normalized_exact_per_year
EALING,2016,EALING,E09000009,normalized_exact_per_year
EALING,2017,EALING,E09000009,normalized_exact_per_year
EALING,2018,EALING,E09000009,normalized_exact_per_year
EALING,2019,EALING,E09000009,normalized_exact_per_year
EALING,2020,EALING,E09000009,normalized_exact_per_year
EALING,2021,EALING,E09000009,normalized_exact_per_year
EALING,2022,EALING,E09000009,normalized_exact_per_year
EALING,2023,EALING,E09000009,normalized_exact_per_year
EALING,2024,EALING,E09000009,normalized_exact_per_year
EALING,2025,EALING,E09000009,normalized_exact_per_year
EAST CAMBRIDGESHIRE,2015,EAST CAMBRIDGESHIRE,E07000009,normalized_exact_per_year
EAST CAMBRIDGESHIRE,2016,EAST CAMBRIDGESHIRE,E07000009,normalized_exact_per_year
EAST CAMBRIDGESHIRE,2017,EAST CAMBRIDGESHIRE,E07000009,normalized_exact_per_year
EAST CAMBRIDGESHIRE,2018,EAST CAMBRIDGESHIRE,E07000009,normalized_exact_per_year
EAST CAMBRIDGESHIRE,2019,EAST CAMBRIDGESHIRE,E07000009,normalized_exact_per_year
EAST CAMBRIDGESHIRE,2020,EAST CAMBRIDGESHIRE,E07000009,normalized_exact_per_year
EAST CAMBRIDGESHIRE,2021,EAST CAMBRIDGESHIRE,E07000009,normalized_exact_per_year
EAST CAMBRIDGESHIRE,2022,EAST CAMBRIDGESHIRE,E07000009,normalized_exact_per_year
EAST CAMBRIDGESHIRE,2023,EAST CAMBRIDGESHIRE,E07000009,normalized_exact_per_year
EAST CAMBRIDGESHIRE,2024,EAST CAMBRIDGESHIRE,E07000009,normalized_exact_per_year
EAST CAMBRIDGESHIRE,2025,EAST CAMBRIDGESHIRE,E07000009,normalized_exact_per_year
EAST DEVON,2015,EAST DEVON,E07000040,normalized_exact_per_year
EAST DEVON,2016,EAST DEVON,E07000040,normalized_exact_per_year
EAST DEVON,2017,EAST DEVON,E07000040,normalized_exact_per_year
EAST DEVON,2018,EAST DEVON,E07000040,normalized_exact_per_year
EAST DEVON,2019,EAST DEVON,E07000040,normalized_exact_per_year
EAST DEVON,2020,EAST DEVON,E07000040,normalized_exact_per_year
EAST DEVON,2021,EAST DEVON,E07000040,normalized_exact_per_year
EAST DEVON,2022,EAST DEVON,E07000040,normalized_exact_per_year
EAST DEVON,2023,EAST DEVON,E07000040,normalized_exact_per_year
EAST DEVON,2024,EAST DEVON,E07000040,normalized_exact_per_year
EAST DEVON,2025,EAST DEVON,E07000040,normalized_exact_per_year
EAST DORSET,2015,EAST DORSET,E07000049,normalized_exact_per_year
EAST DORSET,2016,EAST DORSET,E07000049,normalized_exact_per_year
EAST DORSET,2017,EAST DORSET,E07000049,normalized_exact_per_year
EAST HAMPSHIRE,2015,EAST HAMPSHIRE,E07000085,normalized_exact_per_year
EAST HAMPSHIRE,2016,EAST HAMPSHIRE,E07000085,normalized_exact_per_year
EAST HAMPSHIRE,2017,EAST HAMPSHIRE,E07000085,normalized_exact_per_year
EAST HAMPSHIRE,2018,EAST HAMPSHIRE,E07000085,normalized_exact_per_year
EAST HAMPSHIRE,2019,EAST HAMPSHIRE,E07000085,normalized_exact_per_year
EAST HAMPSHIRE,2020,EAST HAMPSHIRE,E07000085,normalized_exact_per_year
EAST HAMPSHIRE,2021,EAST HAMPSHIRE,E07000085,normalized_exact_per_year
EAST HAMPSHIRE,2022,EAST HAMPSHIRE,E07000085,normalized_exact_per_year
EAST HAMPSHIRE,2023,EAST HAMPSHIRE,E07000085,normalized_exact_per_year
EAST HAMPSHIRE,2024,EAST HAMPSHIRE,E07000085,normalized_exact_per_year
EAST HAMPSHIRE,2025,EAST HAMPSHIRE,E07000085,normalized_exact_per_year
EAST HERTFORDSHIRE,2015,EAST HERTFORDSHIRE,E07000242,normalized_exact_per_year
EAST HERTFORDSHIRE,2016,EAST HERTFORDSHIRE,E07000242,normalized_exact_per_year
EAST HERTFORDSHIRE,2017,EAST HERTFORDSHIRE,E07000242,normalized_exact_per_year
EAST HERTFORDSHIRE,2018,EAST HERTFORDSHIRE,E07000242,normalized_exact_per_year
EAST HERTFORDSHIRE,2019,EAST HERTFORDSHIRE,E07000242,normalized_exact_per_year
EAST HERTFORDSHIRE,2020,EAST HERTFORDSHIRE,E07000242,normalized_exact_per_year
EAST HERTFORDSHIRE,2021,EAST HERTFORDSHIRE,E07000242,normalized_exact_per_year
EAST HERTFORDSHIRE,2022,EAST HERTFORDSHIRE,E07000242,normalized_exact_per_year
EAST HERTFORDSHIRE,2023,EAST HERTFORDSHIRE,E07000242,normalized_exact_per_year
EAST HERTFORDSHIRE,2024,EAST HERTFORDSHIRE,E07000242,normalized_exact_per_year
EAST HERTFORDSHIRE,2025,EAST HERTFORDSHIRE,E07000242,normalized_exact_per_year
EAST LINDSEY,2015,EAST LINDSEY,E07000137,normalized_exact_per_year
EAST LINDSEY,2016,EAST LINDSEY,E07000137,normalized_exact_per_year
EAST LINDSEY,2017,EAST LINDSEY,E07000137,normalized_exact_per_year
EAST LINDSEY,2018,EAST LINDSEY,E07000137,normalized_exact_per_year
EAST LINDSEY,2019,EAST LINDSEY,E07000137,normalized_exact_per_year
EAST LINDSEY,2020,EAST LINDSEY,E07000137,normalized_exact_per_year
EAST LINDSEY,2021,EAST LINDSEY,E07000137,normalized_exact_per_year
EAST LINDSEY,2022,EAST LINDSEY,E07000137,normalized_exact_per_year
EAST LINDSEY,2023,EAST LINDSEY,E07000137,normalized_exact_per_year
EAST LINDSEY,2024,EAST LINDSEY,E07000137,normalized_exact_per_year
EAST LINDSEY,2025,EAST LINDSEY,E07000137,normalized_exact_per_year
EAST NORTHAMPTONSHIRE,2015,EAST NORTHAMPTONSHIRE,E07000152,normalized_exact_per_year
EAST NORTHAMPTONSHIRE,2016,EAST NORTHAMPTONSHIRE,E07000152,normalized_exact_per_year
EAST NORTHAMPTONSHIRE,2017,EAST NORTHAMPTONSHIRE,E07000152,normalized_exact_per_year
EAST NORTHAMPTONSHIRE,2018,EAST NORTHAMPTONSHIRE,E07000152,normalized_exact_per_year
EAST NORTHAMPTONSHIRE,2019,EAST NORTHAMPTONSHIRE,E07000152,normalized_exact_per_year
EAST RIDING OF YORKSHIRE,2015,EAST RIDING OF YORKSHIRE,E06000011,normalized_exact_per_year
EAST RIDING OF YORKSHIRE,2016,EAST RIDING OF YORKSHIRE,E06000011,normalized_exact_per_year
EAST RIDING OF YORKSHIRE,2017,EAST RIDING OF YORKSHIRE,E06000011,normalized_exact_per_year
EAST RIDING OF YORKSHIRE,2018,EAST RIDING OF YORKSHIRE,E06000011,normalized_exact_per_year
EAST RIDING OF YORKSHIRE,2019,EAST RIDING OF YORKSHIRE,E06000011,normalized_exact_per_year
EAST RIDING OF YORKSHIRE,2020,EAST RIDING OF YORKSHIRE,E06000011,normalized_exact_per_year
EAST RIDING OF YORKSHIRE,2021,EAST RIDING OF YORKSHIRE,E06000011,normalized_exact_per_year
EAST RIDING OF YORKSHIRE,2022,EAST RIDING OF YORKSHIRE,E06000011,normalized_exact_per_year
EAST RIDING OF YORKSHIRE,2023,EAST RIDING OF YORKSHIRE,E06000011,normalized_exact_per_year
EAST RIDING OF YORKSHIRE,2024,EAST RIDING OF YORKSHIRE,E06000011,normalized_exact_per_year
EAST RIDING OF YORKSHIRE,2025,EAST RIDING OF YORKSHIRE,E06000011,normalized_exact_per_year
EAST STAFFORDSHIRE,2015,EAST STAFFORDSHIRE,E07000193,normalized_exact_per_year
EAST STAFFORDSHIRE,2016,EAST STAFFORDSHIRE,E07000193,normalized_exact_per_year
EAST STAFFORDSHIRE,2017,EAST STAFFORDSHIRE,E07000193,normalized_exact_per_year
EAST STAFFORDSHIRE,2018,EAST STAFFORDSHIRE,E07000193,normalized_exact_per_year
EAST STAFFORDSHIRE,2019,EAST STAFFORDSHIRE,E07000193,normalized_exact_per_year
EAST STAFFORDSHIRE,2020,EAST STAFFORDSHIRE,E07000193,normalized_exact_per_year
EAST STAFFORDSHIRE,2021,EAST STAFFORDSHIRE,E07000193,normalized_exact_per_year
EAST STAFFORDSHIRE,2022,EAST STAFFORDSHIRE,E07000193,normalized_exact_per_year
EAST STAFFORDSHIRE,2023,EAST STAFFORDSHIRE,E07000193,normalized_exact_per_year
EAST STAFFORDSHIRE,2024,EAST STAFFORDSHIRE,E07000193,normalized_exact_per_year
EAST STAFFORDSHIRE,2025,EAST STAFFORDSHIRE,E07000193,normalized_exact_per_year
EAST SUFFOLK,2018,EAST SUFFOLK,E07000244,normalized_exact_per_year
EAST SUFFOLK,2019,EAST SUFFOLK,E07000244,normalized_exact_per_year
EAST SUFFOLK,2020,EAST SUFFOLK,E07000244,normalized_exact_per_year
EAST SUFFOLK,2021,EAST SUFFOLK,E07000244,normalized_exact_per_year
EAST SUFFOLK,2022,EAST SUFFOLK,E07000244,normalized_exact_per_year
EAST SUFFOLK,2023,EAST SUFFOLK,E07000244,normalized_exact_per_year
EAST SUFFOLK,2024,EAST SUFFOLK,E07000244,normalized_exact_per_year
EAST SUFFOLK,2025,EAST SUFFOLK,E07000244,normalized_exact_per_year
EASTBOURNE,2015,EASTBOURNE,E07000061,normalized_exact_per_year
EASTBOURNE,2016,EASTBOURNE,E07000061,normalized_exact_per_year
EASTBOURNE,2017,EASTBOURNE,E07000061,normalized_exact_per_year
EASTBOURNE,2018,EASTBOURNE,E07000061,normalized_exact_per_year
EASTBOURNE,2019,EASTBOURNE,E07000061,normalized_exact_per_year
EASTBOURNE,2020,EASTBOURNE,E07000061,normalized_exact_per_year
EASTBOURNE,2021,EASTBOURNE,E07000061,normalized_exact_per_year
EASTBOURNE,2022,EASTBOURNE,E07000061,normalized_exact_per_year
EASTBOURNE,2023,EASTBOURNE,E07000061,normalized_exact_per_year
EASTBOURNE,2024,EASTBOURNE,E07000061,normalized_exact_per_year
EASTBOURNE,2025,EASTBOURNE,E07000061,normalized_exact_per_year
EASTLEIGH,2015,EASTLEIGH,E07000086,normalized_exact_per_year
EASTLEIGH,2016,EASTLEIGH,E07000086,normalized_exact_per_year
EASTLEIGH,2017,EASTLEIGH,E07000086,normalized_exact_per_year
EASTLEIGH,2018,EASTLEIGH,E07000086,normalized_exact_per_year
EASTLEIGH,2019,EASTLEIGH,E07000086,normalized_exact_per_year
EASTLEIGH,2020,EASTLEIGH,E07000086,normalized_exact_per_year
EASTLEIGH,2021,EASTLEIGH,E07000086,normalized_exact_per_year
EASTLEIGH,2022,EASTLEIGH,E07000086,normalized_exact_per_year
EASTLEIGH,2023,EASTLEIGH,E07000086,normalized_exact_per_year
EASTLEIGH,2024,EASTLEIGH,E07000086,normalized_exact_per_year
EASTLEIGH,2025,EASTLEIGH,E07000086,normalized_exact_per_year
EDEN,2015,EDEN,E07000030,normalized_exact_per_year
EDEN,2016,EDEN,E07000030,normalized_exact_per_year
EDEN,2017,EDEN,E07000030,normalized_exact_per_year
EDEN,2018,EDEN,E07000030,normalized_exact_per_year
EDEN,2019,EDEN,E07000030,normalized_exact_per_year
EDEN,2020,EDEN,E07000030,normalized_exact_per_year
EDEN,2021,EDEN,E07000030,normalized_exact_per_year
ELMBRIDGE,2015,ELMBRIDGE,E07000207,normalized_exact_per_year
ELMBRIDGE,2016,ELMBRIDGE,E07000207,normalized_exact_per_year
ELMBRIDGE,2017,ELMBRIDGE,E07000207,normalized_exact_per_year
ELMBRIDGE,2018,ELMBRIDGE,E07000207,normalized_exact_per_year
ELMBRIDGE,2019,ELMBRIDGE,E07000207,normalized_exact_per_year
ELMBRIDGE,2020,ELMBRIDGE,E07000207,normalized_exact_per_year
ELMBRIDGE,2021,ELMBRIDGE,E07000207,normalized_exact_per_year
ELMBRIDGE,2022,ELMBRIDGE,E07000207,normalized_exact_per_year
ELMBRIDGE,2023,ELMBRIDGE,E07000207,normalized_exact_per_year
ELMBRIDGE,2024,ELMBRIDGE,E07000207,normalized_exact_per_year
ELMBRIDGE,2025,ELMBRIDGE,E07000207,normalized_exact_per_year
ENFIELD,2015,ENFIELD,E09000010,normalized_exact_per_year
ENFIELD,2016,ENFIELD,E09000010,normalized_exact_per_year
ENFIELD,2017,ENFIELD,E09000010,normalized_exact_per_year
ENFIELD,2018,ENFIELD,E09000010,normalized_exact_per_year
ENFIELD,2019,ENFIELD,E09000010,normalized_exact_per_year
ENFIELD,2020,ENFIELD,E09000010,normalized_exact_per_year
ENFIELD,2021,ENFIELD,E09000010,normalized_exact_per_year
ENFIELD,2022,ENFIELD,E09000010,normalized_exact_per_year
ENFIELD,2023,ENFIELD,E09000010,normalized_exact_per_year
ENFIELD,2024,ENFIELD,E09000010,normalized_exact_per_year
ENFIELD,2025,ENFIELD,E09000010,normalized_exact_per_year
EPPING FOREST,2015,EPPING FOREST,E07000072,normalized_exact_per_year
EPPING FOREST,2016,EPPING FOREST,E07000072,normalized_exact_per_year
EPPING FOREST,2017,EPPING FOREST,E07000072,normalized_exact_per_year
EPPING FOREST,2018,EPPING FOREST,E07000072,normalized_exact_per_year
EPPING FOREST,2019,EPPING FOREST,E07000072,normalized_exact_per_year
EPPING FOREST,2020,EPPING FOREST,E07000072,normalized_exact_per_year
EPPING FOREST,2021,EPPING FOREST,E07000072,normalized_exact_per_year
EPPING FOREST,2022,EPPING FOREST,E07000072,normalized_exact_per_year
EPPING FOREST,2023,EPPING FOREST,E07000072,normalized_exact_per_year
EPPING FOREST,2024,EPPING FOREST,E07000072,normalized_exact_per_year
EPPING FOREST,2025,EPPING FOREST,E07000072,normalized_exact_per_year
EPSOM AND EWELL,2015,EPSOM AND EWELL,E07000208,normalized_exact_per_year
EPSOM AND EWELL,2016,EPSOM AND EWELL,E07000208,normalized_exact_per_year
EPSOM AND EWELL,2017,EPSOM AND EWELL,E07000208,normalized_exact_per_year
EPSOM AND EWELL,2018,EPSOM AND EWELL,E07000208,normalized_exact_per_year
EPSOM AND EWELL,2019,EPSOM AND EWELL,E07000208,normalized_exact_per_year
EPSOM AND EWELL,2020,EPSOM AND EWELL,E07000208,normalized_exact_per_year
EPSOM AND EWELL,2021,EPSOM AND EWELL,E07000208,normalized_exact_per_year
EPSOM AND EWELL,2022,EPSOM AND EWELL,E07000208,normalized_exact_per_year
EPSOM AND EWELL,2023,EPSOM AND EWELL,E07000208,normalized_exact_per_year
EPSOM AND EWELL,2024,EPSOM AND EWELL,E07000208,normalized_exact_per_year
EPSOM AND EWELL,2025,EPSOM AND EWELL,E07000208,normalized_exact_per_year
EREWASH,2015,EREWASH,E07000036,normalized_exact_per_year
EREWASH,2016,EREWASH,E07000036,normalized_exact_per_year
EREWASH,2017,EREWASH,E07000036,normalized_exact_per_year
EREWASH,2018,EREWASH,E07000036,normalized_exact_per_year
EREWASH,2019,EREWASH,E07000036,normalized_exact_per_year
EREWASH,2020,EREWASH,E07000036,normalized_exact_per_year
EREWASH,2021,EREWASH,E07000036,normalized_exact_per_year
EREWASH,2022,EREWASH,E07000036,normalized_exact_per_year
EREWASH,2023,EREWASH,E07000036,normalized_exact_per_year
EREWASH,2024,EREWASH,E07000036,normalized_exact_per_year
EREWASH,2025,EREWASH,E07000036,normalized_exact_per_year
EXETER,2015,EXETER,E07000041,normalized_exact_per_year
EXETER,2016,EXETER,E07000041,normalized_exact_per_year
EXETER,2017,EXETER,E07000041,normalized_exact_per_year
EXETER,2018,EXETER,E07000041,normalized_exact_per_year
EXETER,2019,EXETER,E07000041,normalized_exact_per_year
EXETER,2020,EXETER,E07000041,normalized_exact_per_year
EXETER,2021,EXETER,E07000041,normalized_exact_per_year
EXETER,2022,EXETER,E07000041,normalized_exact_per_year
EXETER,2023,EXETER,E07000041,normalized_exact_per_year
EXETER,2024,EXETER,E07000041,normalized_exact_per_year
EXETER,2025,EXETER,E07000041,normalized_exact_per_year
FAREHAM,2015,FAREHAM,E07000087,normalized_exact_per_year
FAREHAM,2016,FAREHAM,E07000087,normalized_exact_per_year
FAREHAM,2017,FAREHAM,E07000087,normalized_exact_per_year
FAREHAM,2018,FAREHAM,E07000087,normalized_exact_per_year
FAREHAM,2019,FAREHAM,E07000087,normalized_exact_per_year
FAREHAM,2020,FAREHAM,E07000087,normalized_exact_per_year
FAREHAM,2021,FAREHAM,E07000087,normalized_exact_per_year
FAREHAM,2022,FAREHAM,E07000087,normalized_exact_per_year
FAREHAM,2023,FAREHAM,E07000087,normalized_exact_per_year
FAREHAM,2024,FAREHAM,E07000087,normalized_exact_per_year
FAREHAM,2025,FAREHAM,E07000087,normalized_exact_per_year
FENLAND,2015,FENLAND,E07000010,normalized_exact_per_year
FENLAND,2016,FENLAND,E07000010,normalized_exact_per_year
FENLAND,2017,FENLAND,E07000010,normalized_exact_per_year
FENLAND,2018,FENLAND,E07000010,normalized_exact_per_year
FENLAND,2019,FENLAND,E07000010,normalized_exact_per_year
FENLAND,2020,FENLAND,E07000010,normalized_exact_per_year
FENLAND,2021,FENLAND,E07000010,normalized_exact_per_year
FENLAND,2022,FENLAND,E07000010,normalized_exact_per_year
FENLAND,2023,FENLAND,E07000010,normalized_exact_per_year
FENLAND,2024,FENLAND,E07000010,normalized_exact_per_year
FENLAND,2025,FENLAND,E07000010,normalized_exact_per_year
FLINTSHIRE,2015,FLINTSHIRE,W06000005,normalized_exact_per_year
FLINTSHIRE,2016,FLINTSHIRE,W06000005,normalized_exact_per_year
FLINTSHIRE,2017,FLINTSHIRE,W06000005,normalized_exact_per_year
FLINTSHIRE,2018,FLINTSHIRE,W06000005,normalized_exact_per_year
FLINTSHIRE,2019,FLINTSHIRE,W06000005,normalized_exact_per_year
FLINTSHIRE,2020,FLINTSHIRE,W06000005,normalized_exact_per_year
FLINTSHIRE,2021,FLINTSHIRE,W06000005,normalized_exact_per_year
FLINTSHIRE,2022,FLINTSHIRE,W06000005,normalized_exact_per_year
FLINTSHIRE,2023,FLINTSHIRE,W06000005,normalized_exact_per_year
FLINTSHIRE,2024,FLINTSHIRE,W06000005,normalized_exact_per_year
FLINTSHIRE,2025,FLINTSHIRE,W06000005,normalized_exact_per_year
FOLKESTONE AND HYTHE,2017,FOLKESTONE AND HYTHE,E07000112,normalized_exact_per_year
FOLKESTONE AND HYTHE,2018,FOLKESTONE AND HYTHE,E07000112,normalized_exact_per_year
FOLKESTONE AND HYTHE,2019,FOLKESTONE AND HYTHE,E07000112,normalized_exact_per_year
FOLKESTONE AND HYTHE,2020,FOLKESTONE AND HYTHE,E07000112,normalized_exact_per_year
FOLKESTONE AND HYTHE,2021,FOLKESTONE AND HYTHE,E07000112,normalized_exact_per_year
FOLKESTONE AND HYTHE,2022,FOLKESTONE AND HYTHE,E07000112,normalized_exact_per_year
FOLKESTONE AND HYTHE,2023,FOLKESTONE AND HYTHE,E07000112,normalized_exact_per_year
FOLKESTONE AND HYTHE,2024,FOLKESTONE AND HYTHE,E07000112,normalized_exact_per_year
FOLKESTONE AND HYTHE,2025,FOLKESTONE AND HYTHE,E07000112,normalized_exact_per_year
FOREST HEATH,2015,FOREST HEATH,E07000201,normalized_exact_per_year
FOREST HEATH,2016,FOREST HEATH,E07000201,normalized_exact_per_year
FOREST HEATH,2017,FOREST HEATH,E07000201,normalized_exact_per_year
FOREST OF DEAN,2015,FOREST OF DEAN,E07000080,normalized_exact_per_year
FOREST OF DEAN,2016,FOREST OF DEAN,E07000080,normalized_exact_per_year
FOREST OF DEAN,2017,FOREST OF DEAN,E07000080,normalized_exact_per_year
FOREST OF DEAN,2018,FOREST OF DEAN,E07000080,normalized_exact_per_year
FOREST OF DEAN,2019,FOREST OF DEAN,E07000080,normalized_exact_per_year
FOREST OF DEAN,2020,FOREST OF DEAN,E07000080,normalized_exact_per_year
FOREST OF DEAN,2021,FOREST OF DEAN,E07000080,normalized_exact_per_year
FOREST OF DEAN,2022,FOREST OF DEAN,E07000080,normalized_exact_per_year
FOREST OF DEAN,2023,FOREST OF DEAN,E07000080,normalized_exact_per_year
FOREST OF DEAN,2024,FOREST OF DEAN,E07000080,normalized_exact_per_year
FOREST OF DEAN,2025,FOREST OF DEAN,E07000080,normalized_exact_per_year
FYLDE,2015,FYLDE,E07000119,normalized_exact_per_year
FYLDE,2016,FYLDE,E07000119,normalized_exact_per_year
FYLDE,2017,FYLDE,E07000119,normalized_exact_per_year
FYLDE,2018,FYLDE,E07000119,normalized_exact_per_year
FYLDE,2019,FYLDE,E07000119,normalized_exact_per_year
FYLDE,2020,FYLDE,E07000119,normalized_exact_per_year
FYLDE,2021,FYLDE,E07000119,normalized_exact_per_year
FYLDE,2022,FYLDE,E07000119,normalized_exact_per_year
FYLDE,2023,FYLDE,E07000119,normalized_exact_per_year
FYLDE,2024,FYLDE,E07000119,normalized_exact_per_year
FYLDE,2025,FYLDE,E07000119,normalized_exact_per_year
GATESHEAD,2015,GATESHEAD,E08000037,normalized_exact_per_year
GATESHEAD,2016,GATESHEAD,E08000037,normalized_exact_per_year
GATESHEAD,2017,GATESHEAD,E08000037,normalized_exact_per_year
GATESHEAD,2018,GATESHEAD,E08000037,normalized_exact_per_year
GATESHEAD,2019,GATESHEAD,E08000037,normalized_exact_per_year
GATESHEAD,2020,GATESHEAD,E08000037,normalized_exact_per_year
GATESHEAD,2021,GATESHEAD,E08000037,normalized_exact_per_year
GATESHEAD,2022,GATESHEAD,E08000037,normalized_exact_per_year
GATESHEAD,2023,GATESHEAD,E08000037,normalized_exact_per_year
GATESHEAD,2024,GATESHEAD,E08000037,normalized_exact_per_year
GATESHEAD,2025,GATESHEAD,E08000037,normalized_exact_per_year
GEDLING,2015,GEDLING,E07000173,normalized_exact_per_year
GEDLING,2016,GEDLING,E07000173,normalized_exact_per_year
GEDLING,2017,GEDLING,E07000173,normalized_exact_per_year
GEDLING,2018,GEDLING,E07000173,normalized_exact_per_year
GEDLING,2019,GEDLING,E07000173,normalized_exact_per_year
GEDLING,2020,GEDLING,E07000173,normalized_exact_per_year
GEDLING,2021,GEDLING,E07000173,normalized_exact_per_year
GEDLING,2022,GEDLING,E07000173,normalized_exact_per_year
GEDLING,2023,GEDLING,E07000173,normalized_exact_per_year
GEDLING,2024,GEDLING,E07000173,normalized_exact_per_year
GEDLING,2025,GEDLING,E07000173,normalized_exact_per_year
GLOUCESTER,2015,GLOUCESTER,E07000081,normalized_exact_per_year
GLOUCESTER,2016,GLOUCESTER,E07000081,normalized_exact_per_year
GLOUCESTER,2017,GLOUCESTER,E07000081,normalized_exact_per_year
GLOUCESTER,2018,GLOUCESTER,E07000081,normalized_exact_per_year
GLOUCESTER,2019,GLOUCESTER,E07000081,normalized_exact_per_year
GLOUCESTER,2020,GLOUCESTER,E07000081,normalized_exact_per_year
GLOUCESTER,2021,GLOUCESTER,E07000081,normalized_exact_per_year
GLOUCESTER,2022,GLOUCESTER,E07000081,normalized_exact_per_year
GLOUCESTER,2023,GLOUCESTER,E07000081,normalized_exact_per_year
GLOUCESTER,2024,GLOUCESTER,E07000081,normalized_exact_per_year
GLOUCESTER,2025,GLOUCESTER,E07000081,normalized_exact_per_year
GOSPORT,2015,GOSPORT,E07000088,normalized_exact_per_year
GOSPORT,2016,GOSPORT,E07000088,normalized_exact_per_year
GOSPORT,2017,GOSPORT,E07000088,normalized_exact_per_year
GOSPORT,2018,GOSPORT,E07000088,normalized_exact_per_year
GOSPORT,2019,GOSPORT,E07000088,normalized_exact_per_year
GOSPORT,2020,GOSPORT,E07000088,normalized_exact_per_year
GOSPORT,2021,GOSPORT,E07000088,normalized_exact_per_year
GOSPORT,2022,GOSPORT,E07000088,normalized_exact_per_year
GOSPORT,2023,GOSPORT,E07000088,normalized_exact_per_year
GOSPORT,2024,GOSPORT,E07000088,normalized_exact_per_year
GOSPORT,2025,GOSPORT,E07000088,normalized_exact_per_year
GRAVESHAM,2015,GRAVESHAM,E07000109,normalized_exact_per_year
GRAVESHAM,2016,GRAVESHAM,E07000109,normalized_exact_per_year
GRAVESHAM,2017,GRAVESHAM,E07000109,normalized_exact_per_year
GRAVESHAM,2018,GRAVESHAM,E07000109,normalized_exact_per_year
GRAVESHAM,2019,GRAVESHAM,E07000109,normalized_exact_per_year
GRAVESHAM,2020,GRAVESHAM,E07000109,normalized_exact_per_year
GRAVESHAM,2021,GRAVESHAM,E07000109,normalized_exact_per_year
GRAVESHAM,2022,GRAVESHAM,E07000109,normalized_exact_per_year
GRAVESHAM,2023,GRAVESHAM,E07000109,normalized_exact_per_year
GRAVESHAM,2024,GRAVESHAM,E07000109,normalized_exact_per_year
GRAVESHAM,2025,GRAVESHAM,E07000109,normalized_exact_per_year
GREAT YARMOUTH,2015,GREAT YARMOUTH,E07000145,normalized_exact_per_year
GREAT YARMOUTH,2016,GREAT YARMOUTH,E07000145,normalized_exact_per_year
GREAT YARMOUTH,2017,GREAT YARMOUTH,E07000145,normalized_exact_per_year
GREAT YARMOUTH,2018,GREAT YARMOUTH,E07000145,normalized_exact_per_year
GREAT YARMOUTH,2019,GREAT YARMOUTH,E07000145,normalized_exact_per_year
GREAT YARMOUTH,2020,GREAT YARMOUTH,E07000145,normalized_exact_per_year
GREAT YARMOUTH,2021,GREAT YARMOUTH,E07000145,normalized_exact_per_year
GREAT YARMOUTH,2022,GREAT YARMOUTH,E07000145,normalized_exact_per_year
GREAT YARMOUTH,2023,GREAT YARMOUTH,E07000145,normalized_exact_per_year
GREAT YARMOUTH,2024,GREAT YARMOUTH,E07000145,normalized_exact_per_year
GREAT YARMOUTH,2025,GREAT YARMOUTH,E07000145,normalized_exact_per_year
GREENWICH,2015,GREENWICH,E09000011,normalized_exact_per_year
GREENWICH,2016,GREENWICH,E09000011,normalized_exact_per_year
GREENWICH,2017,GREENWICH,E09000011,normalized_exact_per_year
GREENWICH,2018,GREENWICH,E09000011,normalized_exact_per_year
GREENWICH,2019,GREENWICH,E09000011,normalized_exact_per_year
GREENWICH,2020,GREENWICH,E09000011,normalized_exact_per_year
GREENWICH,2021,GREENWICH,E09000011,normalized_exact_per_year
GREENWICH,2022,GREENWICH,E09000011,normalized_exact_per_year
GREENWICH,2023,GREENWICH,E09000011,normalized_exact_per_year
GREENWICH,2024,GREENWICH,E09000011,normalized_exact_per_year
GREENWICH,2025,GREENWICH,E09000011,normalized_exact_per_year
GUILDFORD,2015,GUILDFORD,E07000209,normalized_exact_per_year
GUILDFORD,2016,GUILDFORD,E07000209,normalized_exact_per_year
GUILDFORD,2017,GUILDFORD,E07000209,normalized_exact_per_year
GUILDFORD,2018,GUILDFORD,E07000209,normalized_exact_per_year
GUILDFORD,2019,GUILDFORD,E07000209,normalized_exact_per_year
GUILDFORD,2020,GUILDFORD,E07000209,normalized_exact_per_year
GUILDFORD,2021,GUILDFORD,E07000209,normalized_exact_per_year
GUILDFORD,2022,GUILDFORD,E07000209,normalized_exact_per_year
GUILDFORD,2023,GUILDFORD,E07000209,normalized_exact_per_year
GUILDFORD,2024,GUILDFORD,E07000209,normalized_exact_per_year
GUILDFORD,2025,GUILDFORD,E07000209,normalized_exact_per_year
GWYNEDD,2015,GWYNEDD,W06000002,normalized_exact_per_year
GWYNEDD,2016,GWYNEDD,W06000002,normalized_exact_per_year
GWYNEDD,2017,GWYNEDD,W06000002,normalized_exact_per_year
GWYNEDD,2018,GWYNEDD,W06000002,normalized_exact_per_year
GWYNEDD,2019,GWYNEDD,W06000002,normalized_exact_per_year
GWYNEDD,2020,GWYNEDD,W06000002,normalized_exact_per_year
GWYNEDD,2021,GWYNEDD,W06000002,normalized_exact_per_year
GWYNEDD,2022,GWYNEDD,W06000002,normalized_exact_per_year
GWYNEDD,2023,GWYNEDD,W06000002,normalized_exact_per_year
GWYNEDD,2024,GWYNEDD,W06000002,normalized_exact_per_year
GWYNEDD,2025,GWYNEDD,W06000002,normalized_exact_per_year
HACKNEY,2015,HACKNEY,E09000012,normalized_exact_per_year
HACKNEY,2016,HACKNEY,E09000012,normalized_exact_per_year
HACKNEY,2017,HACKNEY,E09000012,normalized_exact_per_year
HACKNEY,2018,HACKNEY,E09000012,normalized_exact_per_year
HACKNEY,2019,HACKNEY,E09000012,normalized_exact_per_year
HACKNEY,2020,HACKNEY,E09000012,normalized_exact_per_year
HACKNEY,2021,HACKNEY,E09000012,normalized_exact_per_year
HACKNEY,2022,HACKNEY,E09000012,normalized_exact_per_year
HACKNEY,2023,HACKNEY,E09000012,normalized_exact_per_year
HACKNEY,2024,HACKNEY,E09000012,normalized_exact_per_year
HACKNEY,2025,HACKNEY,E09000012,normalized_exact_per_year
HALTON,2015,HALTON,E06000006,normalized_exact_per_year
HALTON,2016,HALTON,E06000006,normalized_exact_per_year
HALTON,2017,HALTON,E06000006,normalized_exact_per_year
HALTON,2018,HALTON,E06000006,normalized_exact_per_year
HALTON,2019,HALTON,E06000006,normalized_exact_per_year
HALTON,2020,HALTON,E06000006,normalized_exact_per_year
HALTON,2021,HALTON,E06000006,normalized_exact_per_year
HALTON,2022,HALTON,E06000006,normalized_exact_per_year
HALTON,2023,HALTON,E06000006,normalized_exact_per_year
HALTON,2024,HALTON,E06000006,normalized_exact_per_year
HALTON,2025,HALTON,E06000006,normalized_exact_per_year
HAMBLETON,2015,HAMBLETON,E07000164,normalized_exact_per_year
HAMBLETON,2016,HAMBLETON,E07000164,normalized_exact_per_year
HAMBLETON,2017,HAMBLETON,E07000164,normalized_exact_per_year
HAMBLETON,2018,HAMBLETON,E07000164,normalized_exact_per_year
HAMBLETON,2019,HAMBLETON,E07000164,normalized_exact_per_year
HAMBLETON,2020,HAMBLETON,E07000164,normalized_exact_per_year
HAMBLETON,2021,HAMBLETON,E07000164,normalized_exact_per_year
HAMMERSMITH AND FULHAM,2015,HAMMERSMITH AND FULHAM,E09000013,normalized_exact_per_year
HAMMERSMITH AND FULHAM,2016,HAMMERSMITH AND FULHAM,E09000013,normalized_exact_per_year
HAMMERSMITH AND FULHAM,2017,HAMMERSMITH AND FULHAM,E09000013,normalized_exact_per_year
HAMMERSMITH AND FULHAM,2018,HAMMERSMITH AND FULHAM,E09000013,normalized_exact_per_year
HAMMERSMITH AND FULHAM,2019,HAMMERSMITH AND FULHAM,E09000013,normalized_exact_per_year
HAMMERSMITH AND FULHAM,2020,HAMMERSMITH AND FULHAM,E09000013,normalized_exact_per_year
HAMMERSMITH AND FULHAM,2021,HAMMERSMITH AND FULHAM,E09000013,normalized_exact_per_year
HAMMERSMITH AND FULHAM,2022,HAMMERSMITH AND FULHAM,E09000013,normalized_exact_per_year
HAMMERSMITH AND FULHAM,2023,HAMMERSMITH AND FULHAM,E09000013,normalized_exact_per_year
HAMMERSMITH AND FULHAM,2024,HAMMERSMITH AND FULHAM,E09000013,normalized_exact_per_year
HAMMERSMITH AND FULHAM,2025,HAMMERSMITH AND FULHAM,E09000013,normalized_exact_per_year
HARBOROUGH,2015,HARBOROUGH,E07000131,normalized_exact_per_year
HARBOROUGH,2016,HARBOROUGH,E07000131,normalized_exact_per_year
HARBOROUGH,2017,HARBOROUGH,E07000131,normalized_exact_per_year
HARBOROUGH,2018,HARBOROUGH,E07000131,normalized_exact_per_year
HARBOROUGH,2019,HARBOROUGH,E07000131,normalized_exact_per_year
HARBOROUGH,2020,HARBOROUGH,E07000131,normalized_exact_per_year
HARBOROUGH,2021,HARBOROUGH,E07000131,normalized_exact_per_year
HARBOROUGH,2022,HARBOROUGH,E07000131,normalized_exact_per_year
HARBOROUGH,2023,HARBOROUGH,E07000131,normalized_exact_per_year
HARBOROUGH,2024,HARBOROUGH,E07000131,normalized_exact_per_year
HARBOROUGH,2025,HARBOROUGH,E07000131,normalized_exact_per_year
HARINGEY,2015,HARINGEY,E09000014,normalized_exact_per_year
HARINGEY,2016,HARINGEY,E09000014,normalized_exact_per_year
HARINGEY,2017,HARINGEY,E09000014,normalized_exact_per_year
HARINGEY,2018,HARINGEY,E09000014,normalized_exact_per_year
HARINGEY,2019,HARINGEY,E09000014,normalized_exact_per_year
HARINGEY,2020,HARINGEY,E09000014,normalized_exact_per_year
HARINGEY,2021,HARINGEY,E09000014,normalized_exact_per_year
HARINGEY,2022,HARINGEY,E09000014,normalized_exact_per_year
HARINGEY,2023,HARINGEY,E09000014,normalized_exact_per_year
HARINGEY,2024,HARINGEY,E09000014,normalized_exact_per_year
HARINGEY,2025,HARINGEY,E09000014,normalized_exact_per_year
HARLOW,2015,HARLOW,E07000073,normalized_exact_per_year
HARLOW,2016,HARLOW,E07000073,normalized_exact_per_year
HARLOW,2017,HARLOW,E07000073,normalized_exact_per_year
HARLOW,2018,HARLOW,E07000073,normalized_exact_per_year
HARLOW,2019,HARLOW,E07000073,normalized_exact_per_year
HARLOW,2020,HARLOW,E07000073,normalized_exact_per_year
HARLOW,2021,HARLOW,E07000073,normalized_exact_per_year
HARLOW,2022,HARLOW,E07000073,normalized_exact_per_year
HARLOW,2023,HARLOW,E07000073,normalized_exact_per_year
HARLOW,2024,HARLOW,E07000073,normalized_exact_per_year
HARLOW,2025,HARLOW,E07000073,normalized_exact_per_year
HARROGATE,2015,HARROGATE,E07000165,normalized_exact_per_year
HARROGATE,2016,HARROGATE,E07000165,normalized_exact_per_year
HARROGATE,2017,HARROGATE,E07000165,normalized_exact_per_year
HARROGATE,2018,HARROGATE,E07000165,normalized_exact_per_year
HARROGATE,2019,HARROGATE,E07000165,normalized_exact_per_year
HARROGATE,2020,HARROGATE,E07000165,normalized_exact_per_year
HARROGATE,2021,HARROGATE,E07000165,normalized_exact_per_year
HARROW,2015,HARROW,E09000015,normalized_exact_per_year
HARROW,2016,HARROW,E09000015,normalized_exact_per_year
HARROW,2017,HARROW,E09000015,normalized_exact_per_year
HARROW,2018,HARROW,E09000015,normalized_exact_per_year
HARROW,2019,HARROW,E09000015,normalized_exact_per_year
HARROW,2020,HARROW,E09000015,normalized_exact_per_year
HARROW,2021,HARROW,E09000015,normalized_exact_per_year
HARROW,2022,HARROW,E09000015,normalized_exact_per_year
HARROW,2023,HARROW,E09000015,normalized_exact_per_year
HARROW,2024,HARROW,E09000015,normalized_exact_per_year
HARROW,2025,HARROW,E09000015,normalized_exact_per_year
HART,2015,HART,E07000089,normalized_exact_per_year
HART,2016,HART,E07000089,normalized_exact_per_year
HART,2017,HART,E07000089,normalized_exact_per_year
HART,2018,HART,E07000089,normalized_exact_per_year
HART,2019,HART,E07000089,normalized_exact_per_year
HART,2020,HART,E07000089,normalized_exact_per_year
HART,2021,HART,E07000089,normalized_exact_per_year
HART,2022,HART,E07000089,normalized_exact_per_year
HART,2023,HART,E07000089,normalized_exact_per_year
HART,2024,HART,E07000089,normalized_exact_per_year
HART,2025,HART,E07000089,normalized_exact_per_year
HARTLEPOOL,2015,HARTLEPOOL,E06000001,normalized_exact_per_year
HARTLEPOOL,2016,HARTLEPOOL,E06000001,normalized_exact_per_year
HARTLEPOOL,2017,HARTLEPOOL,E06000001,normalized_exact_per_year
HARTLEPOOL,2018,HARTLEPOOL,E06000001,normalized_exact_per_year
HARTLEPOOL,2019,HARTLEPOOL,E06000001,normalized_exact_per_year
HARTLEPOOL,2020,HARTLEPOOL,E06000001,normalized_exact_per_year
HARTLEPOOL,2021,HARTLEPOOL,E06000001,normalized_exact_per_year
HARTLEPOOL,2022,HARTLEPOOL,E06000001,normalized_exact_per_year
HARTLEPOOL,2023,HARTLEPOOL,E06000001,normalized_exact_per_year
HARTLEPOOL,2024,HARTLEPOOL,E06000001,normalized_exact_per_year
HARTLEPOOL,2025,HARTLEPOOL,E06000001,normalized_exact_per_year
HASTINGS,2015,HASTINGS,E07000062,normalized_exact_per_year
HASTINGS,2016,HASTINGS,E07000062,normalized_exact_per_year
HASTINGS,2017,HASTINGS,E07000062,normalized_exact_per_year
HASTINGS,2018,HASTINGS,E07000062,normalized_exact_per_year
HASTINGS,2019,HASTINGS,E07000062,normalized_exact_per_year
HASTINGS,2020,HASTINGS,E07000062,normalized_exact_per_year
HASTINGS,2021,HASTINGS,E07000062,normalized_exact_per_year
HASTINGS,2022,HASTINGS,E07000062,normalized_exact_per_year
HASTINGS,2023,HASTINGS,E07000062,normalized_exact_per_year
HASTINGS,2024,HASTINGS,E07000062,normalized_exact_per_year
HASTINGS,2025,HASTINGS,E07000062,normalized_exact_per_year
HAVANT,2015,HAVANT,E07000090,normalized_exact_per_year
HAVANT,2016,HAVANT,E07000090,normalized_exact_per_year
HAVANT,2017,HAVANT,E07000090,normalized_exact_per_year
HAVANT,2018,HAVANT,E07000090,normalized_exact_per_year
HAVANT,2019,HAVANT,E07000090,normalized_exact_per_year
HAVANT,2020,HAVANT,E07000090,normalized_exact_per_year
HAVANT,2021,HAVANT,E07000090,normalized_exact_per_year
HAVANT,2022,HAVANT,E07000090,normalized_exact_per_year
HAVANT,2023,HAVANT,E07000090,normalized_exact_per_year
HAVANT,2024,HAVANT,E07000090,normalized_exact_per_year
HAVANT,2025,HAVANT,E07000090,normalized_exact_per_year
HAVERING,2015,HAVERING,E09000016,normalized_exact_per_year
HAVERING,2016,HAVERING,E09000016,normalized_exact_per_year
HAVERING,2017,HAVERING,E09000016,normalized_exact_per_year
HAVERING,2018,HAVERING,E09000016,normalized_exact_per_year
HAVERING,2019,HAVERING,E09000016,normalized_exact_per_year
HAVERING,2020,HAVERING,E09000016,normalized_exact_per_year
HAVERING,2021,HAVERING,E09000016,normalized_exact_per_year
HAVERING,2022,HAVERING,E09000016,normalized_exact_per_year
HAVERING,2023,HAVERING,E09000016,normalized_exact_per_year
HAVERING,2024,HAVERING,E09000016,normalized_exact_per_year
HAVERING,2025,HAVERING,E09000016,normalized_exact_per_year
HEREFORDSHIRE,2015,HEREFORDSHIRE,E06000019,normalized_exact_per_year
HEREFORDSHIRE,2016,HEREFORDSHIRE,E06000019,normalized_exact_per_year
HEREFORDSHIRE,2017,HEREFORDSHIRE,E06000019,normalized_exact_per_year
HEREFORDSHIRE,2018,HEREFORDSHIRE,E06000019,normalized_exact_per_year
HEREFORDSHIRE,2019,HEREFORDSHIRE,E06000019,normalized_exact_per_year
HEREFORDSHIRE,2020,HEREFORDSHIRE,E06000019,normalized_exact_per_year
HEREFORDSHIRE,2021,HEREFORDSHIRE,E06000019,normalized_exact_per_year
HEREFORDSHIRE,2022,HEREFORDSHIRE,E06000019,normalized_exact_per_year
HEREFORDSHIRE,2023,HEREFORDSHIRE,E06000019,normalized_exact_per_year
HEREFORDSHIRE,2024,HEREFORDSHIRE,E06000019,normalized_exact_per_year
HEREFORDSHIRE,2025,HEREFORDSHIRE,E06000019,normalized_exact_per_year
HERTSMERE,2015,HERTSMERE,E07000098,normalized_exact_per_year
HERTSMERE,2016,HERTSMERE,E07000098,normalized_exact_per_year
HERTSMERE,2017,HERTSMERE,E07000098,normalized_exact_per_year
HERTSMERE,2018,HERTSMERE,E07000098,normalized_exact_per_year
HERTSMERE,2019,HERTSMERE,E07000098,normalized_exact_per_year
HERTSMERE,2020,HERTSMERE,E07000098,normalized_exact_per_year
HERTSMERE,2021,HERTSMERE,E07000098,normalized_exact_per_year
HERTSMERE,2022,HERTSMERE,E07000098,normalized_exact_per_year
HERTSMERE,2023,HERTSMERE,E07000098,normalized_exact_per_year
HERTSMERE,2024,HERTSMERE,E07000098,normalized_exact_per_year
HERTSMERE,2025,HERTSMERE,E07000098,normalized_exact_per_year
HIGH PEAK,2015,HIGH PEAK,E07000037,normalized_exact_per_year
HIGH PEAK,2016,HIGH PEAK,E07000037,normalized_exact_per_year
HIGH PEAK,2017,HIGH PEAK,E07000037,normalized_exact_per_year
HIGH PEAK,2018,HIGH PEAK,E07000037,normalized_exact_per_year
HIGH PEAK,2019,HIGH PEAK,E07000037,normalized_exact_per_year
HIGH PEAK,2020,HIGH PEAK,E07000037,normalized_exact_per_year
HIGH PEAK,2021,HIGH PEAK,E07000037,normalized_exact_per_year
HIGH PEAK,2022,HIGH PEAK,E07000037,normalized_exact_per_year
HIGH PEAK,2023,HIGH PEAK,E07000037,normalized_exact_per_year
HIGH PEAK,2024,HIGH PEAK,E07000037,normalized_exact_per_year
HIGH PEAK,2025,HIGH PEAK,E07000037,normalized_exact_per_year
HILLINGDON,2015,HILLINGDON,E09000017,normalized_exact_per_year
HILLINGDON,2016,HILLINGDON,E09000017,normalized_exact_per_year
HILLINGDON,2017,HILLINGDON,E09000017,normalized_exact_per_year
HILLINGDON,2018,HILLINGDON,E09000017,normalized_exact_per_year
HILLINGDON,2019,HILLINGDON,E09000017,normalized_exact_per_year
HILLINGDON,2020,HILLINGDON,E09000017,normalized_exact_per_year
HILLINGDON,2021,HILLINGDON,E09000017,normalized_exact_per_year
HILLINGDON,2022,HILLINGDON,E09000017,normalized_exact_per_year
HILLINGDON,2023,HILLINGDON,E09000017,normalized_exact_per_year
HILLINGDON,2024,HILLINGDON,E09000017,normalized_exact_per_year
HILLINGDON,2025,HILLINGDON,E09000017,normalized_exact_per_year
HINCKLEY AND BOSWORTH,2015,HINCKLEY AND BOSWORTH,E07000132,normalized_exact_per_year
HINCKLEY AND BOSWORTH,2016,HINCKLEY AND BOSWORTH,E07000132,normalized_exact_per_year
HINCKLEY AND BOSWORTH,2017,HINCKLEY AND BOSWORTH,E07000132,normalized_exact_per_year
HINCKLEY AND BOSWORTH,2018,HINCKLEY AND BOSWORTH,E07000132,normalized_exact_per_year
HINCKLEY AND BOSWORTH,2019,HINCKLEY AND BOSWORTH,E07000132,normalized_exact_per_year
HINCKLEY AND BOSWORTH,2020,HINCKLEY AND BOSWORTH,E07000132,normalized_exact_per_year
HINCKLEY AND BOSWORTH,2021,HINCKLEY AND BOSWORTH,E07000132,normalized_exact_per_year
HINCKLEY AND BOSWORTH,2022,HINCKLEY AND BOSWORTH,E07000132,normalized_exact_per_year
HINCKLEY AND BOSWORTH,2023,HINCKLEY AND BOSWORTH,E07000132,normalized_exact_per_year
HINCKLEY AND BOSWORTH,2024,HINCKLEY AND BOSWORTH,E07000132,normalized_exact_per_year
HINCKLEY AND BOSWORTH,2025,HINCKLEY AND BOSWORTH,E07000132,normalized_exact_per_year
HORSHAM,2015,HORSHAM,E07000227,normalized_exact_per_year
HORSHAM,2016,HORSHAM,E07000227,normalized_exact_per_year
HORSHAM,2017,HORSHAM,E07000227,normalized_exact_per_year
HORSHAM,2018,HORSHAM,E07000227,normalized_exact_per_year
HORSHAM,2019,HORSHAM,E07000227,normalized_exact_per_year
HORSHAM,2020,HORSHAM,E07000227,normalized_exact_per_year
HORSHAM,2021,HORSHAM,E07000227,normalized_exact_per_year
HORSHAM,2022,HORSHAM,E07000227,normalized_exact_per_year
HORSHAM,2023,HORSHAM,E07000227,normalized_exact_per_year
HORSHAM,2024,HORSHAM,E07000227,normalized_exact_per_year
HORSHAM,2025,HORSHAM,E07000227,normalized_exact_per_year
HOUNSLOW,2015,HOUNSLOW,E09000018,normalized_exact_per_year
HOUNSLOW,2016,HOUNSLOW,E09000018,normalized_exact_per_year
HOUNSLOW,2017,HOUNSLOW,E09000018,normalized_exact_per_year
HOUNSLOW,2018,HOUNSLOW,E09000018,normalized_exact_per_year
HOUNSLOW,2019,HOUNSLOW,E09000018,normalized_exact_per_year
HOUNSLOW,2020,HOUNSLOW,E09000018,normalized_exact_per_year
HOUNSLOW,2021,HOUNSLOW,E09000018,normalized_exact_per_year
HOUNSLOW,2022,HOUNSLOW,E09000018,normalized_exact_per_year
HOUNSLOW,2023,HOUNSLOW,E09000018,normalized_exact_per_year
HOUNSLOW,2024,HOUNSLOW,E09000018,normalized_exact_per_year
HOUNSLOW,2025,HOUNSLOW,E09000018,normalized_exact_per_year
HUNTINGDONSHIRE,2015,HUNTINGDONSHIRE,E07000011,normalized_exact_per_year
HUNTINGDONSHIRE,2016,HUNTINGDONSHIRE,E07000011,normalized_exact_per_year
HUNTINGDONSHIRE,2017,HUNTINGDONSHIRE,E07000011,normalized_exact_per_year
HUNTINGDONSHIRE,2018,HUNTINGDONSHIRE,E07000011,normalized_exact_per_year
HUNTINGDONSHIRE,2019,HUNTINGDONSHIRE,E07000011,normalized_exact_per_year
HUNTINGDONSHIRE,2020,HUNTINGDONSHIRE,E07000011,normalized_exact_per_year
HUNTINGDONSHIRE,2021,HUNTINGDONSHIRE,E07000011,normalized_exact_per_year
HUNTINGDONSHIRE,2022,HUNTINGDONSHIRE,E07000011,normalized_exact_per_year
HUNTINGDONSHIRE,2023,HUNTINGDONSHIRE,E07000011,normalized_exact_per_year
HUNTINGDONSHIRE,2024,HUNTINGDONSHIRE,E07000011,normalized_exact_per_year
HUNTINGDONSHIRE,2025,HUNTINGDONSHIRE,E07000011,normalized_exact_per_year
HYNDBURN,2015,HYNDBURN,E07000120,normalized_exact_per_year
HYNDBURN,2016,HYNDBURN,E07000120,normalized_exact_per_year
HYNDBURN,2017,HYNDBURN,E07000120,normalized_exact_per_year
HYNDBURN,2018,HYNDBURN,E07000120,normalized_exact_per_year
HYNDBURN,2019,HYNDBURN,E07000120,normalized_exact_per_year
HYNDBURN,2020,HYNDBURN,E07000120,normalized_exact_per_year
HYNDBURN,2021,HYNDBURN,E07000120,normalized_exact_per_year
HYNDBURN,2022,HYNDBURN,E07000120,normalized_exact_per_year
HYNDBURN,2023,HYNDBURN,E07000120,normalized_exact_per_year
HYNDBURN,2024,HYNDBURN,E07000120,normalized_exact_per_year
HYNDBURN,2025,HYNDBURN,E07000120,normalized_exact_per_year
IPSWICH,2015,IPSWICH,E07000202,normalized_exact_per_year
IPSWICH,2016,IPSWICH,E07000202,normalized_exact_per_year
IPSWICH,2017,IPSWICH,E07000202,normalized_exact_per_year
IPSWICH,2018,IPSWICH,E07000202,normalized_exact_per_year
IPSWICH,2019,IPSWICH,E07000202,normalized_exact_per_year
IPSWICH,2020,IPSWICH,E07000202,normalized_exact_per_year
IPSWICH,2021,IPSWICH,E07000202,normalized_exact_per_year
IPSWICH,2022,IPSWICH,E07000202,normalized_exact_per_year
IPSWICH,2023,IPSWICH,E07000202,normalized_exact_per_year
IPSWICH,2024,IPSWICH,E07000202,normalized_exact_per_year
IPSWICH,2025,IPSWICH,E07000202,normalized_exact_per_year
ISLE OF ANGLESEY,2015,ISLE OF ANGLESEY,W06000001,normalized_exact_per_year
ISLE OF ANGLESEY,2016,ISLE OF ANGLESEY,W06000001,normalized_exact_per_year
ISLE OF ANGLESEY,2017,ISLE OF ANGLESEY,W06000001,normalized_exact_per_year
ISLE OF ANGLESEY,2018,ISLE OF ANGLESEY,W06000001,normalized_exact_per_year
ISLE OF ANGLESEY,2019,ISLE OF ANGLESEY,W06000001,normalized_exact_per_year
ISLE OF ANGLESEY,2020,ISLE OF ANGLESEY,W06000001,normalized_exact_per_year
ISLE OF ANGLESEY,2021,ISLE OF ANGLESEY,W06000001,normalized_exact_per_year
ISLE OF ANGLESEY,2022,ISLE OF ANGLESEY,W06000001,normalized_exact_per_year
ISLE OF ANGLESEY,2023,ISLE OF ANGLESEY,W06000001,normalized_exact_per_year
ISLE OF ANGLESEY,2024,ISLE OF ANGLESEY,W06000001,normalized_exact_per_year
ISLE OF ANGLESEY,2025,ISLE OF ANGLESEY,W06000001,normalized_exact_per_year
ISLE OF WIGHT,2015,ISLE OF WIGHT,E06000046,normalized_exact_per_year
ISLE OF WIGHT,2016,ISLE OF WIGHT,E06000046,normalized_exact_per_year
ISLE OF WIGHT,2017,ISLE OF WIGHT,E06000046,normalized_exact_per_year
ISLE OF WIGHT,2018,ISLE OF WIGHT,E06000046,normalized_exact_per_year
ISLE OF WIGHT,2019,ISLE OF WIGHT,E06000046,normalized_exact_per_year
ISLE OF WIGHT,2020,ISLE OF WIGHT,E06000046,normalized_exact_per_year
ISLE OF WIGHT,2021,ISLE OF WIGHT,E06000046,normalized_exact_per_year
ISLE OF WIGHT,2022,ISLE OF WIGHT,E06000046,normalized_exact_per_year
ISLE OF WIGHT,2023,ISLE OF WIGHT,E06000046,normalized_exact_per_year
ISLE OF WIGHT,2024,ISLE OF WIGHT,E06000046,normalized_exact_per_year
ISLE OF WIGHT,2025,ISLE OF WIGHT,E06000046,normalized_exact_per_year
ISLES OF SCILLY,2015,ISLES OF SCILLY,E06000053,normalized_exact_per_year
ISLES OF SCILLY,2016,ISLES OF SCILLY,E06000053,normalized_exact_per_year
ISLES OF SCILLY,2017,ISLES OF SCILLY,E06000053,normalized_exact_per_year
ISLES OF SCILLY,2018,ISLES OF SCILLY,E06000053,normalized_exact_per_year
ISLES OF SCILLY,2019,ISLES OF SCILLY,E06000053,normalized_exact_per_year
ISLES OF SCILLY,2020,ISLES OF SCILLY,E06000053,normalized_exact_per_year
ISLES OF SCILLY,2021,ISLES OF SCILLY,E06000053,normalized_exact_per_year
ISLES OF SCILLY,2022,ISLES OF SCILLY,E06000053,normalized_exact_per_year
ISLES OF SCILLY,2023,ISLES OF SCILLY,E06000053,normalized_exact_per_year
ISLES OF SCILLY,2024,ISLES OF SCILLY,E06000053,normalized_exact_per_year
ISLES OF SCILLY,2025,ISLES OF SCILLY,E06000053,normalized_exact_per_year
ISLINGTON,2015,ISLINGTON,E09000019,normalized_exact_per_year
ISLINGTON,2016,ISLINGTON,E09000019,normalized_exact_per_year
ISLINGTON,2017,ISLINGTON,E09000019,normalized_exact_per_year
ISLINGTON,2018,ISLINGTON,E09000019,normalized_exact_per_year
ISLINGTON,2019,ISLINGTON,E09000019,normalized_exact_per_year
ISLINGTON,2020,ISLINGTON,E09000019,normalized_exact_per_year
ISLINGTON,2021,ISLINGTON,E09000019,normalized_exact_per_year
ISLINGTON,2022,ISLINGTON,E09000019,normalized_exact_per_year
ISLINGTON,2023,ISLINGTON,E09000019,normalized_exact_per_year
ISLINGTON,2024,ISLINGTON,E09000019,normalized_exact_per_year
ISLINGTON,2025,ISLINGTON,E09000019,normalized_exact_per_year
KENSINGTON AND CHELSEA,2015,KENSINGTON AND CHELSEA,E09000020,normalized_exact_per_year
KENSINGTON AND CHELSEA,2016,KENSINGTON AND CHELSEA,E09000020,normalized_exact_per_year
KENSINGTON AND CHELSEA,2017,KENSINGTON AND CHELSEA,E09000020,normalized_exact_per_year
KENSINGTON AND CHELSEA,2018,KENSINGTON AND CHELSEA,E09000020,normalized_exact_per_year
KENSINGTON AND CHELSEA,2019,KENSINGTON AND CHELSEA,E09000020,normalized_exact_per_year
KENSINGTON AND CHELSEA,2020,KENSINGTON AND CHELSEA,E09000020,normalized_exact_per_year
KENSINGTON AND CHELSEA,2021,KENSINGTON AND CHELSEA,E09000020,normalized_exact_per_year
KENSINGTON AND CHELSEA,2022,KENSINGTON AND CHELSEA,E09000020,normalized_exact_per_year
KENSINGTON AND CHELSEA,2023,KENSINGTON AND CHELSEA,E09000020,normalized_exact_per_year
KENSINGTON AND CHELSEA,2024,KENSINGTON AND CHELSEA,E09000020,normalized_exact_per_year
KENSINGTON AND CHELSEA,2025,KENSINGTON AND CHELSEA,E09000020,normalized_exact_per_year
KETTERING,2015,KETTERING,E07000153,normalized_exact_per_year
KETTERING,2016,KETTERING,E07000153,normalized_exact_per_year
KETTERING,2017,KETTERING,E07000153,normalized_exact_per_year
KETTERING,2018,KETTERING,E07000153,normalized_exact_per_year
KETTERING,2019,KETTERING,E07000153,normalized_exact_per_year
KING'S LYNN AND WEST NORFOLK,2015,KINGS LYNN AND WEST NORFOLK,E07000146,normalized_exact_per_year
KING'S LYNN AND WEST NORFOLK,2016,KINGS LYNN AND WEST NORFOLK,E07000146,normalized_exact_per_year
KING'S LYNN AND WEST NORFOLK,2017,KINGS LYNN AND WEST NORFOLK,E07000146,normalized_exact_per_year
KING'S LYNN AND WEST NORFOLK,2018,KINGS LYNN AND WEST NORFOLK,E07000146,normalized_exact_per_year
KING'S LYNN AND WEST NORFOLK,2019,KINGS LYNN AND WEST NORFOLK,E07000146,normalized_exact_per_year
KING'S LYNN AND WEST NORFOLK,2020,KINGS LYNN AND WEST NORFOLK,E07000146,normalized_exact_per_year
KING'S LYNN AND WEST NORFOLK,2021,KINGS LYNN AND WEST NORFOLK,E07000146,normalized_exact_per_year
KING'S LYNN AND WEST NORFOLK,2022,KINGS LYNN AND WEST NORFOLK,E07000146,normalized_exact_per_year
KING'S LYNN AND WEST NORFOLK,2023,KINGS LYNN AND WEST NORFOLK,E07000146,normalized_exact_per_year
KING'S LYNN AND WEST NORFOLK,2024,KINGS LYNN AND WEST NORFOLK,E07000146,normalized_exact_per_year
KING'S LYNN AND WEST NORFOLK,2025,KINGS LYNN AND WEST NORFOLK,E07000146,normalized_exact_per_year
KINGSTON UPON THAMES,2015,KINGSTON UPON THAMES,E09000021,normalized_exact_per_year
KINGSTON UPON THAMES,2016,KINGSTON UPON THAMES,E09000021,normalized_exact_per_year
KINGSTON UPON THAMES,2017,KINGSTON UPON THAMES,E09000021,normalized_exact_per_year
KINGSTON UPON THAMES,2018,KINGSTON UPON THAMES,E09000021,normalized_exact_per_year
KINGSTON UPON THAMES,2019,KINGSTON UPON THAMES,E09000021,normalized_exact_per_year
KINGSTON UPON THAMES,2020,KINGSTON UPON THAMES,E09000021,normalized_exact_per_year
KINGSTON UPON THAMES,2021,KINGSTON UPON THAMES,E09000021,normalized_exact_per_year
KINGSTON UPON THAMES,2022,KINGSTON UPON THAMES,E09000021,normalized_exact_per_year
KINGSTON UPON THAMES,2023,KINGSTON UPON THAMES,E09000021,normalized_exact_per_year
KINGSTON UPON THAMES,2024,KINGSTON UPON THAMES,E09000021,normalized_exact_per_year
KINGSTON UPON THAMES,2025,KINGSTON UPON THAMES,E09000021,normalized_exact_per_year
KIRKLEES,2015,KIRKLEES,E08000034,normalized_exact_per_year
KIRKLEES,2016,KIRKLEES,E08000034,normalized_exact_per_year
KIRKLEES,2017,KIRKLEES,E08000034,normalized_exact_per_year
KIRKLEES,2018,KIRKLEES,E08000034,normalized_exact_per_year
KIRKLEES,2019,KIRKLEES,E08000034,normalized_exact_per_year
KIRKLEES,2020,KIRKLEES,E08000034,normalized_exact_per_year
KIRKLEES,2021,KIRKLEES,E08000034,normalized_exact_per_year
KIRKLEES,2022,KIRKLEES,E08000034,normalized_exact_per_year
KIRKLEES,2023,KIRKLEES,E08000034,normalized_exact_per_year
KIRKLEES,2024,KIRKLEES,E08000034,normalized_exact_per_year
KIRKLEES,2025,KIRKLEES,E08000034,normalized_exact_per_year
KNOWSLEY,2015,KNOWSLEY,E08000011,normalized_exact_per_year
KNOWSLEY,2016,KNOWSLEY,E08000011,normalized_exact_per_year
KNOWSLEY,2017,KNOWSLEY,E08000011,normalized_exact_per_year
KNOWSLEY,2018,KNOWSLEY,E08000011,normalized_exact_per_year
KNOWSLEY,2019,KNOWSLEY,E08000011,normalized_exact_per_year
KNOWSLEY,2020,KNOWSLEY,E08000011,normalized_exact_per_year
KNOWSLEY,2021,KNOWSLEY,E08000011,normalized_exact_per_year
KNOWSLEY,2022,KNOWSLEY,E08000011,normalized_exact_per_year
KNOWSLEY,2023,KNOWSLEY,E08000011,normalized_exact_per_year
KNOWSLEY,2024,KNOWSLEY,E08000011,normalized_exact_per_year
KNOWSLEY,2025,KNOWSLEY,E08000011,normalized_exact_per_year
LAMBETH,2015,LAMBETH,E09000022,normalized_exact_per_year
LAMBETH,2016,LAMBETH,E09000022,normalized_exact_per_year
LAMBETH,2017,LAMBETH,E09000022,normalized_exact_per_year
LAMBETH,2018,LAMBETH,E09000022,normalized_exact_per_year
LAMBETH,2019,LAMBETH,E09000022,normalized_exact_per_year
LAMBETH,2020,LAMBETH,E09000022,normalized_exact_per_year
LAMBETH,2021,LAMBETH,E09000022,normalized_exact_per_year
LAMBETH,2022,LAMBETH,E09000022,normalized_exact_per_year
LAMBETH,2023,LAMBETH,E09000022,normalized_exact_per_year
LAMBETH,2024,LAMBETH,E09000022,normalized_exact_per_year
LAMBETH,2025,LAMBETH,E09000022,normalized_exact_per_year
LANCASTER,2015,LANCASTER,E07000121,normalized_exact_per_year
LANCASTER,2016,LANCASTER,E07000121,normalized_exact_per_year
LANCASTER,2017,LANCASTER,E07000121,normalized_exact_per_year
LANCASTER,2018,LANCASTER,E07000121,normalized_exact_per_year
LANCASTER,2019,LANCASTER,E07000121,normalized_exact_per_year
LANCASTER,2020,LANCASTER,E07000121,normalized_exact_per_year
LANCASTER,2021,LANCASTER,E07000121,normalized_exact_per_year
LANCASTER,2022,LANCASTER,E07000121,normalized_exact_per_year
LANCASTER,2023,LANCASTER,E07000121,normalized_exact_per_year
LANCASTER,2024,LANCASTER,E07000121,normalized_exact_per_year
LANCASTER,2025,LANCASTER,E07000121,normalized_exact_per_year
LEEDS,2015,LEEDS,E08000035,normalized_exact_per_year
LEEDS,2016,LEEDS,E08000035,normalized_exact_per_year
LEEDS,2017,LEEDS,E08000035,normalized_exact_per_year
LEEDS,2018,LEEDS,E08000035,normalized_exact_per_year
LEEDS,2019,LEEDS,E08000035,normalized_exact_per_year
LEEDS,2020,LEEDS,E08000035,normalized_exact_per_year
LEEDS,2021,LEEDS,E08000035,normalized_exact_per_year
LEEDS,2022,LEEDS,E08000035,normalized_exact_per_year
LEEDS,2023,LEEDS,E08000035,normalized_exact_per_year
LEEDS,2024,LEEDS,E08000035,normalized_exact_per_year
LEEDS,2025,LEEDS,E08000035,normalized_exact_per_year
LEICESTER,2015,LEICESTER,E06000016,normalized_exact_per_year
LEICESTER,2016,LEICESTER,E06000016,normalized_exact_per_year
LEICESTER,2017,LEICESTER,E06000016,normalized_exact_per_year
LEICESTER,2018,LEICESTER,E06000016,normalized_exact_per_year
LEICESTER,2019,LEICESTER,E06000016,normalized_exact_per_year
LEICESTER,2020,LEICESTER,E06000016,normalized_exact_per_year
LEICESTER,2021,LEICESTER,E06000016,normalized_exact_per_year
LEICESTER,2022,LEICESTER,E06000016,normalized_exact_per_year
LEICESTER,2023,LEICESTER,E06000016,normalized_exact_per_year
LEICESTER,2024,LEICESTER,E06000016,normalized_exact_per_year
LEICESTER,2025,LEICESTER,E06000016,normalized_exact_per_year
LEWES,2015,LEWES,E07000063,normalized_exact_per_year
LEWES,2016,LEWES,E07000063,normalized_exact_per_year
LEWES,2017,LEWES,E07000063,normalized_exact_per_year
LEWES,2018,LEWES,E07000063,normalized_exact_per_year
LEWES,2019,LEWES,E07000063,normalized_exact_per_year
LEWES,2020,LEWES,E07000063,normalized_exact_per_year
LEWES,2021,LEWES,E07000063,normalized_exact_per_year
LEWES,2022,LEWES,E07000063,normalized_exact_per_year
LEWES,2023,LEWES,E07000063,normalized_exact_per_year
LEWES,2024,LEWES,E07000063,normalized_exact_per_year
LEWES,2025,LEWES,E07000063,normalized_exact_per_year
LEWISHAM,2015,LEWISHAM,E09000023,normalized_exact_per_year
LEWISHAM,2016,LEWISHAM,E09000023,normalized_exact_per_year
LEWISHAM,2017,LEWISHAM,E09000023,normalized_exact_per_year
LEWISHAM,2018,LEWISHAM,E09000023,normalized_exact_per_year
LEWISHAM,2019,LEWISHAM,E09000023,normalized_exact_per_year
LEWISHAM,2020,LEWISHAM,E09000023,normalized_exact_per_year
LEWISHAM,2021,LEWISHAM,E09000023,normalized_exact_per_year
LEWISHAM,2022,LEWISHAM,E09000023,normalized_exact_per_year
LEWISHAM,2023,LEWISHAM,E09000023,normalized_exact_per_year
LEWISHAM,2024,LEWISHAM,E09000023,normalized_exact_per_year
LEWISHAM,2025,LEWISHAM,E09000023,normalized_exact_per_year
LICHFIELD,2015,LICHFIELD,E07000194,normalized_exact_per_year
LICHFIELD,2016,LICHFIELD,E07000194,normalized_exact_per_year
LICHFIELD,2017,LICHFIELD,E07000194,normalized_exact_per_year
LICHFIELD,2018,LICHFIELD,E07000194,normalized_exact_per_year
LICHFIELD,2019,LICHFIELD,E07000194,normalized_exact_per_year
LICHFIELD,2020,LICHFIELD,E07000194,normalized_exact_per_year
LICHFIELD,2021,LICHFIELD,E07000194,normalized_exact_per_year
LICHFIELD,2022,LICHFIELD,E07000194,normalized_exact_per_year
LICHFIELD,2023,LICHFIELD,E07000194,normalized_exact_per_year
LICHFIELD,2024,LICHFIELD,E07000194,normalized_exact_per_year
LICHFIELD,2025,LICHFIELD,E07000194,normalized_exact_per_year
LINCOLN,2015,LINCOLN,E07000138,normalized_exact_per_year
LINCOLN,2016,LINCOLN,E07000138,normalized_exact_per_year
LINCOLN,2017,LINCOLN,E07000138,normalized_exact_per_year
LINCOLN,2018,LINCOLN,E07000138,normalized_exact_per_year
LINCOLN,2019,LINCOLN,E07000138,normalized_exact_per_year
LINCOLN,2020,LINCOLN,E07000138,normalized_exact_per_year
LINCOLN,2021,LINCOLN,E07000138,normalized_exact_per_year
LINCOLN,2022,LINCOLN,E07000138,normalized_exact_per_year
LINCOLN,2023,LINCOLN,E07000138,normalized_exact_per_year
LINCOLN,2024,LINCOLN,E07000138,normalized_exact_per_year
LINCOLN,2025,LINCOLN,E07000138,normalized_exact_per_year
LIVERPOOL,2015,LIVERPOOL,E08000012,normalized_exact_per_year
LIVERPOOL,2016,LIVERPOOL,E08000012,normalized_exact_per_year
LIVERPOOL,2017,LIVERPOOL,E08000012,normalized_exact_per_year
LIVERPOOL,2018,LIVERPOOL,E08000012,normalized_exact_per_year
LIVERPOOL,2019,LIVERPOOL,E08000012,normalized_exact_per_year
LIVERPOOL,2020,LIVERPOOL,E08000012,normalized_exact_per_year
LIVERPOOL,2021,LIVERPOOL,E08000012,normalized_exact_per_year
LIVERPOOL,2022,LIVERPOOL,E08000012,normalized_exact_per_year
LIVERPOOL,2023,LIVERPOOL,E08000012,normalized_exact_per_year
LIVERPOOL,2024,LIVERPOOL,E08000012,normalized_exact_per_year
LIVERPOOL,2025,LIVERPOOL,E08000012,normalized_exact_per_year
LUTON,2015,LUTON,E06000032,normalized_exact_per_year
LUTON,2016,LUTON,E06000032,normalized_exact_per_year
LUTON,2017,LUTON,E06000032,normalized_exact_per_year
LUTON,2018,LUTON,E06000032,normalized_exact_per_year
LUTON,2019,LUTON,E06000032,normalized_exact_per_year
LUTON,2020,LUTON,E06000032,normalized_exact_per_year
LUTON,2021,LUTON,E06000032,normalized_exact_per_year
LUTON,2022,LUTON,E06000032,normalized_exact_per_year
LUTON,2023,LUTON,E06000032,normalized_exact_per_year
LUTON,2024,LUTON,E06000032,normalized_exact_per_year
LUTON,2025,LUTON,E06000032,normalized_exact_per_year
MAIDSTONE,2015,MAIDSTONE,E07000110,normalized_exact_per_year
MAIDSTONE,2016,MAIDSTONE,E07000110,normalized_exact_per_year
MAIDSTONE,2017,MAIDSTONE,E07000110,normalized_exact_per_year
MAIDSTONE,2018,MAIDSTONE,E07000110,normalized_exact_per_year
MAIDSTONE,2019,MAIDSTONE,E07000110,normalized_exact_per_year
MAIDSTONE,2020,MAIDSTONE,E07000110,normalized_exact_per_year
MAIDSTONE,2021,MAIDSTONE,E07000110,normalized_exact_per_year
MAIDSTONE,2022,MAIDSTONE,E07000110,normalized_exact_per_year
MAIDSTONE,2023,MAIDSTONE,E07000110,normalized_exact_per_year
MAIDSTONE,2024,MAIDSTONE,E07000110,normalized_exact_per_year
MAIDSTONE,2025,MAIDSTONE,E07000110,normalized_exact_per_year
MALDON,2015,MALDON,E07000074,normalized_exact_per_year
MALDON,2016,MALDON,E07000074,normalized_exact_per_year
MALDON,2017,MALDON,E07000074,normalized_exact_per_year
MALDON,2018,MALDON,E07000074,normalized_exact_per_year
MALDON,2019,MALDON,E07000074,normalized_exact_per_year
MALDON,2020,MALDON,E07000074,normalized_exact_per_year
MALDON,2021,MALDON,E07000074,normalized_exact_per_year
MALDON,2022,MALDON,E07000074,normalized_exact_per_year
MALDON,2023,MALDON,E07000074,normalized_exact_per_year
MALDON,2024,MALDON,E07000074,normalized_exact_per_year
MALDON,2025,MALDON,E07000074,normalized_exact_per_year
MALVERN HILLS,2015,MALVERN HILLS,E07000235,normalized_exact_per_year
MALVERN HILLS,2016,MALVERN HILLS,E07000235,normalized_exact_per_year
MALVERN HILLS,2017,MALVERN HILLS,E07000235,normalized_exact_per_year
MALVERN HILLS,2018,MALVERN HILLS,E07000235,normalized_exact_per_year
MALVERN HILLS,2019,MALVERN HILLS,E07000235,normalized_exact_per_year
MALVERN HILLS,2020,MALVERN HILLS,E07000235,normalized_exact_per_year
MALVERN HILLS,2021,MALVERN HILLS,E07000235,normalized_exact_per_year
MALVERN HILLS,2022,MALVERN HILLS,E07000235,normalized_exact_per_year
MALVERN HILLS,2023,MALVERN HILLS,E07000235,normalized_exact_per_year
MALVERN HILLS,2024,MALVERN HILLS,E07000235,normalized_exact_per_year
MALVERN HILLS,2025,MALVERN HILLS,E07000235,normalized_exact_per_year
MANCHESTER,2015,MANCHESTER,E08000003,normalized_exact_per_year
MANCHESTER,2016,MANCHESTER,E08000003,normalized_exact_per_year
MANCHESTER,2017,MANCHESTER,E08000003,normalized_exact_per_year
MANCHESTER,2018,MANCHESTER,E08000003,normalized_exact_per_year
MANCHESTER,2019,MANCHESTER,E08000003,normalized_exact_per_year
MANCHESTER,2020,MANCHESTER,E08000003,normalized_exact_per_year
MANCHESTER,2021,MANCHESTER,E08000003,normalized_exact_per_year
MANCHESTER,2022,MANCHESTER,E08000003,normalized_exact_per_year
MANCHESTER,2023,MANCHESTER,E08000003,normalized_exact_per_year
MANCHESTER,2024,MANCHESTER,E08000003,normalized_exact_per_year
MANCHESTER,2025,MANCHESTER,E08000003,normalized_exact_per_year
MANSFIELD,2015,MANSFIELD,E07000174,normalized_exact_per_year
MANSFIELD,2016,MANSFIELD,E07000174,normalized_exact_per_year
MANSFIELD,2017,MANSFIELD,E07000174,normalized_exact_per_year
MANSFIELD,2018,MANSFIELD,E07000174,normalized_exact_per_year
MANSFIELD,2019,MANSFIELD,E07000174,normalized_exact_per_year
MANSFIELD,2020,MANSFIELD,E07000174,normalized_exact_per_year
MANSFIELD,2021,MANSFIELD,E07000174,normalized_exact_per_year
MANSFIELD,2022,MANSFIELD,E07000174,normalized_exact_per_year
MANSFIELD,2023,MANSFIELD,E07000174,normalized_exact_per_year
MANSFIELD,2024,MANSFIELD,E07000174,normalized_exact_per_year
MANSFIELD,2025,MANSFIELD,E07000174,normalized_exact_per_year
MEDWAY,2015,MEDWAY,E06000035,normalized_exact_per_year
MEDWAY,2016,MEDWAY,E06000035,normalized_exact_per_year
MEDWAY,2017,MEDWAY,E06000035,normalized_exact_per_year
MEDWAY,2018,MEDWAY,E06000035,normalized_exact_per_year
MEDWAY,2019,MEDWAY,E06000035,normalized_exact_per_year
MEDWAY,2020,MEDWAY,E06000035,normalized_exact_per_year
MEDWAY,2021,MEDWAY,E06000035,normalized_exact_per_year
MEDWAY,2022,MEDWAY,E06000035,normalized_exact_per_year
MEDWAY,2023,MEDWAY,E06000035,normalized_exact_per_year
MEDWAY,2024,MEDWAY,E06000035,normalized_exact_per_year
MEDWAY,2025,MEDWAY,E06000035,normalized_exact_per_year
MELTON,2015,MELTON,E07000133,normalized_exact_per_year
MELTON,2016,MELTON,E07000133,normalized_exact_per_year
MELTON,2017,MELTON,E07000133,normalized_exact_per_year
MELTON,2018,MELTON,E07000133,normalized_exact_per_year
MELTON,2019,MELTON,E07000133,normalized_exact_per_year
MELTON,2020,MELTON,E07000133,normalized_exact_per_year
MELTON,2021,MELTON,E07000133,normalized_exact_per_year
MELTON,2022,MELTON,E07000133,normalized_exact_per_year
MELTON,2023,MELTON,E07000133,normalized_exact_per_year
MELTON,2024,MELTON,E07000133,normalized_exact_per_year
MELTON,2025,MELTON,E07000133,normalized_exact_per_year
MENDIP,2015,MENDIP,E07000187,normalized_exact_per_year
MENDIP,2016,MENDIP,E07000187,normalized_exact_per_year
MENDIP,2017,MENDIP,E07000187,normalized_exact_per_year
MENDIP,2018,MENDIP,E07000187,normalized_exact_per_year
MENDIP,2019,MENDIP,E07000187,normalized_exact_per_year
MENDIP,2020,MENDIP,E07000187,normalized_exact_per_year
MENDIP,2021,MENDIP,E07000187,normalized_exact_per_year
MERTHYR TYDFIL,2015,MERTHYR TYDFIL,W06000024,normalized_exact_per_year
MERTHYR TYDFIL,2016,MERTHYR TYDFIL,W06000024,normalized_exact_per_year
MERTHYR TYDFIL,2017,MERTHYR TYDFIL,W06000024,normalized_exact_per_year
MERTHYR TYDFIL,2018,MERTHYR TYDFIL,W06000024,normalized_exact_per_year
MERTHYR TYDFIL,2019,MERTHYR TYDFIL,W06000024,normalized_exact_per_year
MERTHYR TYDFIL,2020,MERTHYR TYDFIL,W06000024,normalized_exact_per_year
MERTHYR TYDFIL,2021,MERTHYR TYDFIL,W06000024,normalized_exact_per_year
MERTHYR TYDFIL,2022,MERTHYR TYDFIL,W06000024,normalized_exact_per_year
MERTHYR TYDFIL,2023,MERTHYR TYDFIL,W06000024,normalized_exact_per_year
MERTHYR TYDFIL,2024,MERTHYR TYDFIL,W06000024,normalized_exact_per_year
MERTHYR TYDFIL,2025,MERTHYR TYDFIL,W06000024,normalized_exact_per_year
MERTON,2015,MERTON,E09000024,normalized_exact_per_year
MERTON,2016,MERTON,E09000024,normalized_exact_per_year
MERTON,2017,MERTON,E09000024,normalized_exact_per_year
MERTON,2018,MERTON,E09000024,normalized_exact_per_year
MERTON,2019,MERTON,E09000024,normalized_exact_per_year
MERTON,2020,MERTON,E09000024,normalized_exact_per_year
MERTON,2021,MERTON,E09000024,normalized_exact_per_year
MERTON,2022,MERTON,E09000024,normalized_exact_per_year
MERTON,2023,MERTON,E09000024,normalized_exact_per_year
MERTON,2024,MERTON,E09000024,normalized_exact_per_year
MERTON,2025,MERTON,E09000024,normalized_exact_per_year
MID DEVON,2015,MID DEVON,E07000042,normalized_exact_per_year
MID DEVON,2016,MID DEVON,E07000042,normalized_exact_per_year
MID DEVON,2017,MID DEVON,E07000042,normalized_exact_per_year
MID DEVON,2018,MID DEVON,E07000042,normalized_exact_per_year
MID DEVON,2019,MID DEVON,E07000042,normalized_exact_per_year
MID DEVON,2020,MID DEVON,E07000042,normalized_exact_per_year
MID DEVON,2021,MID DEVON,E07000042,normalized_exact_per_year
MID DEVON,2022,MID DEVON,E07000042,normalized_exact_per_year
MID DEVON,2023,MID DEVON,E07000042,normalized_exact_per_year
MID DEVON,2024,MID DEVON,E07000042,normalized_exact_per_year
MID DEVON,2025,MID DEVON,E07000042,normalized_exact_per_year
MID SUFFOLK,2015,MID SUFFOLK,E07000203,normalized_exact_per_year
MID SUFFOLK,2016,MID SUFFOLK,E07000203,normalized_exact_per_year
MID SUFFOLK,2017,MID SUFFOLK,E07000203,normalized_exact_per_year
MID SUFFOLK,2018,MID SUFFOLK,E07000203,normalized_exact_per_year
MID SUFFOLK,2019,MID SUFFOLK,E07000203,normalized_exact_per_year
MID SUFFOLK,2020,MID SUFFOLK,E07000203,normalized_exact_per_year
MID SUFFOLK,2021,MID SUFFOLK,E07000203,normalized_exact_per_year
MID SUFFOLK,2022,MID SUFFOLK,E07000203,normalized_exact_per_year
MID SUFFOLK,2023,MID SUFFOLK,E07000203,normalized_exact_per_year
MID SUFFOLK,2024,MID SUFFOLK,E07000203,normalized_exact_per_year
MID SUFFOLK,2025,MID SUFFOLK,E07000203,normalized_exact_per_year
MID SUSSEX,2015,MID SUSSEX,E07000228,normalized_exact_per_year
MID SUSSEX,2016,MID SUSSEX,E07000228,normalized_exact_per_year
MID SUSSEX,2017,MID SUSSEX,E07000228,normalized_exact_per_year
MID SUSSEX,2018,MID SUSSEX,E07000228,normalized_exact_per_year
MID SUSSEX,2019,MID SUSSEX,E07000228,normalized_exact_per_year
MID SUSSEX,2020,MID SUSSEX,E07000228,normalized_exact_per_year
MID SUSSEX,2021,MID SUSSEX,E07000228,normalized_exact_per_year
MID SUSSEX,2022,MID SUSSEX,E07000228,normalized_exact_per_year
MID SUSSEX,2023,MID SUSSEX,E07000228,normalized_exact_per_year
MID SUSSEX,2024,MID SUSSEX,E07000228,normalized_exact_per_year
MID SUSSEX,2025,MID SUSSEX,E07000228,normalized_exact_per_year
MIDDLESBROUGH,2015,MIDDLESBROUGH,E06000002,normalized_exact_per_year
MIDDLESBROUGH,2016,MIDDLESBROUGH,E06000002,normalized_exact_per_year
MIDDLESBROUGH,2017,MIDDLESBROUGH,E06000002,normalized_exact_per_year
MIDDLESBROUGH,2018,MIDDLESBROUGH,E06000002,normalized_exact_per_year
MIDDLESBROUGH,2019,MIDDLESBROUGH,E06000002,normalized_exact_per_year
MIDDLESBROUGH,2020,MIDDLESBROUGH,E06000002,normalized_exact_per_year
MIDDLESBROUGH,2021,MIDDLESBROUGH,E06000002,normalized_exact_per_year
MIDDLESBROUGH,2022,MIDDLESBROUGH,E06000002,normalized_exact_per_year
MIDDLESBROUGH,2023,MIDDLESBROUGH,E06000002,normalized_exact_per_year
MIDDLESBROUGH,2024,MIDDLESBROUGH,E06000002,normalized_exact_per_year
MIDDLESBROUGH,2025,MIDDLESBROUGH,E06000002,normalized_exact_per_year
MILTON KEYNES,2015,MILTON KEYNES,E06000042,normalized_exact_per_year
MILTON KEYNES,2016,MILTON KEYNES,E06000042,normalized_exact_per_year
MILTON KEYNES,2017,MILTON KEYNES,E06000042,normalized_exact_per_year
MILTON KEYNES,2018,MILTON KEYNES,E06000042,normalized_exact_per_year
MILTON KEYNES,2019,MILTON KEYNES,E06000042,normalized_exact_per_year
MILTON KEYNES,2020,MILTON KEYNES,E06000042,normalized_exact_per_year
MILTON KEYNES,2021,MILTON KEYNES,E06000042,normalized_exact_per_year
MILTON KEYNES,2022,MILTON KEYNES,E06000042,normalized_exact_per_year
MILTON KEYNES,2023,MILTON KEYNES,E06000042,normalized_exact_per_year
MILTON KEYNES,2024,MILTON KEYNES,E06000042,normalized_exact_per_year
MILTON KEYNES,2025,MILTON KEYNES,E06000042,normalized_exact_per_year
MOLE VALLEY,2015,MOLE VALLEY,E07000210,normalized_exact_per_year
MOLE VALLEY,2016,MOLE VALLEY,E07000210,normalized_exact_per_year
MOLE VALLEY,2017,MOLE VALLEY,E07000210,normalized_exact_per_year
MOLE VALLEY,2018,MOLE VALLEY,E07000210,normalized_exact_per_year
MOLE VALLEY,2019,MOLE VALLEY,E07000210,normalized_exact_per_year
MOLE VALLEY,2020,MOLE VALLEY,E07000210,normalized_exact_per_year
MOLE VALLEY,2021,MOLE VALLEY,E07000210,normalized_exact_per_year
MOLE VALLEY,2022,MOLE VALLEY,E07000210,normalized_exact_per_year
MOLE VALLEY,2023,MOLE VALLEY,E07000210,normalized_exact_per_year
MOLE VALLEY,2024,MOLE VALLEY,E07000210,normalized_exact_per_year
MOLE VALLEY,2025,MOLE VALLEY,E07000210,normalized_exact_per_year
MONMOUTHSHIRE,2015,MONMOUTHSHIRE,W06000021,normalized_exact_per_year
MONMOUTHSHIRE,2016,MONMOUTHSHIRE,W06000021,normalized_exact_per_year
MONMOUTHSHIRE,2017,MONMOUTHSHIRE,W06000021,normalized_exact_per_year
MONMOUTHSHIRE,2018,MONMOUTHSHIRE,W06000021,normalized_exact_per_year
MONMOUTHSHIRE,2019,MONMOUTHSHIRE,W06000021,normalized_exact_per_year
MONMOUTHSHIRE,2020,MONMOUTHSHIRE,W06000021,normalized_exact_per_year
MONMOUTHSHIRE,2021,MONMOUTHSHIRE,W06000021,normalized_exact_per_year
MONMOUTHSHIRE,2022,MONMOUTHSHIRE,W06000021,normalized_exact_per_year
MONMOUTHSHIRE,2023,MONMOUTHSHIRE,W06000021,normalized_exact_per_year
MONMOUTHSHIRE,2024,MONMOUTHSHIRE,W06000021,normalized_exact_per_year
MONMOUTHSHIRE,2025,MONMOUTHSHIRE,W06000021,normalized_exact_per_year
NEATH PORT TALBOT,2015,NEATH PORT TALBOT,W06000012,normalized_exact_per_year
NEATH PORT TALBOT,2016,NEATH PORT TALBOT,W06000012,normalized_exact_per_year
NEATH PORT TALBOT,2017,NEATH PORT TALBOT,W06000012,normalized_exact_per_year
NEATH PORT TALBOT,2018,NEATH PORT TALBOT,W06000012,normalized_exact_per_year
NEATH PORT TALBOT,2019,NEATH PORT TALBOT,W06000012,normalized_exact_per_year
NEATH PORT TALBOT,2020,NEATH PORT TALBOT,W06000012,normalized_exact_per_year
NEATH PORT TALBOT,2021,NEATH PORT TALBOT,W06000012,normalized_exact_per_year
NEATH PORT TALBOT,2022,NEATH PORT TALBOT,W06000012,normalized_exact_per_year
NEATH PORT TALBOT,2023,NEATH PORT TALBOT,W06000012,normalized_exact_per_year
NEATH PORT TALBOT,2024,NEATH PORT TALBOT,W06000012,normalized_exact_per_year
NEATH PORT TALBOT,2025,NEATH PORT TALBOT,W06000012,normalized_exact_per_year
NEW FOREST,2015,NEW FOREST,E07000091,normalized_exact_per_year
NEW FOREST,2016,NEW FOREST,E07000091,normalized_exact_per_year
NEW FOREST,2017,NEW FOREST,E07000091,normalized_exact_per_year
NEW FOREST,2018,NEW FOREST,E07000091,normalized_exact_per_year
NEW FOREST,2019,NEW FOREST,E07000091,normalized_exact_per_year
NEW FOREST,2020,NEW FOREST,E07000091,normalized_exact_per_year
NEW FOREST,2021,NEW FOREST,E07000091,normalized_exact_per_year
NEW FOREST,2022,NEW FOREST,E07000091,normalized_exact_per_year
NEW FOREST,2023,NEW FOREST,E07000091,normalized_exact_per_year
NEW FOREST,2024,NEW FOREST,E07000091,normalized_exact_per_year
NEW FOREST,2025,NEW FOREST,E07000091,normalized_exact_per_year
NEWARK AND SHERWOOD,2015,NEWARK AND SHERWOOD,E07000175,normalized_exact_per_year
NEWARK AND SHERWOOD,2016,NEWARK AND SHERWOOD,E07000175,normalized_exact_per_year
NEWARK AND SHERWOOD,2017,NEWARK AND SHERWOOD,E07000175,normalized_exact_per_year
NEWARK AND SHERWOOD,2018,NEWARK AND SHERWOOD,E07000175,normalized_exact_per_year
NEWARK AND SHERWOOD,2019,NEWARK AND SHERWOOD,E07000175,normalized_exact_per_year
NEWARK AND SHERWOOD,2020,NEWARK AND SHERWOOD,E07000175,normalized_exact_per_year
NEWARK AND SHERWOOD,2021,NEWARK AND SHERWOOD,E07000175,normalized_exact_per_year
NEWARK AND SHERWOOD,2022,NEWARK AND SHERWOOD,E07000175,normalized_exact_per_year
NEWARK AND SHERWOOD,2023,NEWARK AND SHERWOOD,E07000175,normalized_exact_per_year
NEWARK AND SHERWOOD,2024,NEWARK AND SHERWOOD,E07000175,normalized_exact_per_year
NEWARK AND SHERWOOD,2025,NEWARK AND SHERWOOD,E07000175,normalized_exact_per_year
NEWCASTLE UPON TYNE,2015,NEWCASTLE UPON TYNE,E08000021,normalized_exact_per_year
NEWCASTLE UPON TYNE,2016,NEWCASTLE UPON TYNE,E08000021,normalized_exact_per_year
NEWCASTLE UPON TYNE,2017,NEWCASTLE UPON TYNE,E08000021,normalized_exact_per_year
NEWCASTLE UPON TYNE,2018,NEWCASTLE UPON TYNE,E08000021,normalized_exact_per_year
NEWCASTLE UPON TYNE,2019,NEWCASTLE UPON TYNE,E08000021,normalized_exact_per_year
NEWCASTLE UPON TYNE,2020,NEWCASTLE UPON TYNE,E08000021,normalized_exact_per_year
NEWCASTLE UPON TYNE,2021,NEWCASTLE UPON TYNE,E08000021,normalized_exact_per_year
NEWCASTLE UPON TYNE,2022,NEWCASTLE UPON TYNE,E08000021,normalized_exact_per_year
NEWCASTLE UPON TYNE,2023,NEWCASTLE UPON TYNE,E08000021,normalized_exact_per_year
NEWCASTLE UPON TYNE,2024,NEWCASTLE UPON TYNE,E08000021,normalized_exact_per_year
NEWCASTLE UPON TYNE,2025,NEWCASTLE UPON TYNE,E08000021,normalized_exact_per_year
NEWCASTLE-UNDER-LYME,2015,NEWCASTLEUNDERLYME,E07000195,normalized_exact_per_year
NEWCASTLE-UNDER-LYME,2016,NEWCASTLEUNDERLYME,E07000195,normalized_exact_per_year
NEWCASTLE-UNDER-LYME,2017,NEWCASTLEUNDERLYME,E07000195,normalized_exact_per_year
NEWCASTLE-UNDER-LYME,2018,NEWCASTLEUNDERLYME,E07000195,normalized_exact_per_year
NEWCASTLE-UNDER-LYME,2019,NEWCASTLEUNDERLYME,E07000195,normalized_exact_per_year
NEWCASTLE-UNDER-LYME,2020,NEWCASTLEUNDERLYME,E07000195,normalized_exact_per_year
NEWCASTLE-UNDER-LYME,2021,NEWCASTLEUNDERLYME,E07000195,normalized_exact_per_year
NEWCASTLE-UNDER-LYME,2022,NEWCASTLEUNDERLYME,E07000195,normalized_exact_per_year
NEWCASTLE-UNDER-LYME,2023,NEWCASTLEUNDERLYME,E07000195,normalized_exact_per_year
NEWCASTLE-UNDER-LYME,2024,NEWCASTLEUNDERLYME,E07000195,normalized_exact_per_year
NEWCASTLE-UNDER-LYME,2025,NEWCASTLEUNDERLYME,E07000195,normalized_exact_per_year
NEWHAM,2015,NEWHAM,E09000025,normalized_exact_per_year
NEWHAM,2016,NEWHAM,E09000025,normalized_exact_per_year
NEWHAM,2017,NEWHAM,E09000025,normalized_exact_per_year
NEWHAM,2018,NEWHAM,E09000025,normalized_exact_per_year
NEWHAM,2019,NEWHAM,E09000025,normalized_exact_per_year
NEWHAM,2020,NEWHAM,E09000025,normalized_exact_per_year
NEWHAM,2021,NEWHAM,E09000025,normalized_exact_per_year
NEWHAM,2022,NEWHAM,E09000025,normalized_exact_per_year
NEWHAM,2023,NEWHAM,E09000025,normalized_exact_per_year
NEWHAM,2024,NEWHAM,E09000025,normalized_exact_per_year
NEWHAM,2025,NEWHAM,E09000025,normalized_exact_per_year
NEWPORT,2015,NEWPORT,W06000022,normalized_exact_per_year
NEWPORT,2016,NEWPORT,W06000022,normalized_exact_per_year
NEWPORT,2017,NEWPORT,W06000022,normalized_exact_per_year
NEWPORT,2018,NEWPORT,W06000022,normalized_exact_per_year
NEWPORT,2019,NEWPORT,W06000022,normalized_exact_per_year
NEWPORT,2020,NEWPORT,W06000022,normalized_exact_per_year
NEWPORT,2021,NEWPORT,W06000022,normalized_exact_per_year
NEWPORT,2022,NEWPORT,W06000022,normalized_exact_per_year
NEWPORT,2023,NEWPORT,W06000022,normalized_exact_per_year
NEWPORT,2024,NEWPORT,W06000022,normalized_exact_per_year
NEWPORT,2025,NEWPORT,W06000022,normalized_exact_per_year
NORTH DEVON,2015,NORTH DEVON,E07000043,normalized_exact_per_year
NORTH DEVON,2016,NORTH DEVON,E07000043,normalized_exact_per_year
NORTH DEVON,2017,NORTH DEVON,E07000043,normalized_exact_per_year
NORTH DEVON,2018,NORTH DEVON,E07000043,normalized_exact_per_year
NORTH DEVON,2019,NORTH DEVON,E07000043,normalized_exact_per_year
NORTH DEVON,2020,NORTH DEVON,E07000043,normalized_exact_per_year
NORTH DEVON,2021,NORTH DEVON,E07000043,normalized_exact_per_year
NORTH DEVON,2022,NORTH DEVON,E07000043,normalized_exact_per_year
NORTH DEVON,2023,NORTH DEVON,E07000043,normalized_exact_per_year
NORTH DEVON,2024,NORTH DEVON,E07000043,normalized_exact_per_year
NORTH DEVON,2025,NORTH DEVON,E07000043,normalized_exact_per_year
NORTH DORSET,2015,NORTH DORSET,E07000050,normalized_exact_per_year
NORTH DORSET,2016,NORTH DORSET,E07000050,normalized_exact_per_year
NORTH DORSET,2017,NORTH DORSET,E07000050,normalized_exact_per_year
NORTH EAST DERBYSHIRE,2015,NORTH EAST DERBYSHIRE,E07000038,normalized_exact_per_year
NORTH EAST DERBYSHIRE,2016,NORTH EAST DERBYSHIRE,E07000038,normalized_exact_per_year
NORTH EAST DERBYSHIRE,2017,NORTH EAST DERBYSHIRE,E07000038,normalized_exact_per_year
NORTH EAST DERBYSHIRE,2018,NORTH EAST DERBYSHIRE,E07000038,normalized_exact_per_year
NORTH EAST DERBYSHIRE,2019,NORTH EAST DERBYSHIRE,E07000038,normalized_exact_per_year
NORTH EAST DERBYSHIRE,2020,NORTH EAST DERBYSHIRE,E07000038,normalized_exact_per_year
NORTH EAST DERBYSHIRE,2021,NORTH EAST DERBYSHIRE,E07000038,normalized_exact_per_year
NORTH EAST DERBYSHIRE,2022,NORTH EAST DERBYSHIRE,E07000038,normalized_exact_per_year
NORTH EAST DERBYSHIRE,2023,NORTH EAST DERBYSHIRE,E07000038,normalized_exact_per_year
NORTH EAST DERBYSHIRE,2024,NORTH EAST DERBYSHIRE,E07000038,normalized_exact_per_year
NORTH EAST DERBYSHIRE,2025,NORTH EAST DERBYSHIRE,E07000038,normalized_exact_per_year
NORTH EAST LINCOLNSHIRE,2015,NORTH EAST LINCOLNSHIRE,E06000012,normalized_exact_per_year
NORTH EAST LINCOLNSHIRE,2016,NORTH EAST LINCOLNSHIRE,E06000012,normalized_exact_per_year
NORTH EAST LINCOLNSHIRE,2017,NORTH EAST LINCOLNSHIRE,E06000012,normalized_exact_per_year
NORTH EAST LINCOLNSHIRE,2018,NORTH EAST LINCOLNSHIRE,E06000012,normalized_exact_per_year
NORTH EAST LINCOLNSHIRE,2019,NORTH EAST LINCOLNSHIRE,E06000012,normalized_exact_per_year
NORTH EAST LINCOLNSHIRE,2020,NORTH EAST LINCOLNSHIRE,E06000012,normalized_exact_per_year
NORTH EAST LINCOLNSHIRE,2021,NORTH EAST LINCOLNSHIRE,E06000012,normalized_exact_per_year
NORTH EAST LINCOLNSHIRE,2022,NORTH EAST LINCOLNSHIRE,E06000012,normalized_exact_per_year
NORTH EAST LINCOLNSHIRE,2023,NORTH EAST LINCOLNSHIRE,E06000012,normalized_exact_per_year
NORTH EAST LINCOLNSHIRE,2024,NORTH EAST LINCOLNSHIRE,E06000012,normalized_exact_per_year
NORTH EAST LINCOLNSHIRE,2025,NORTH EAST LINCOLNSHIRE,E06000012,normalized_exact_per_year
NORTH HERTFORDSHIRE,2015,NORTH HERTFORDSHIRE,E07000099,normalized_exact_per_year
NORTH HERTFORDSHIRE,2016,NORTH HERTFORDSHIRE,E07000099,normalized_exact_per_year
NORTH HERTFORDSHIRE,2017,NORTH HERTFORDSHIRE,E07000099,normalized_exact_per_year
NORTH HERTFORDSHIRE,2018,NORTH HERTFORDSHIRE,E07000099,normalized_exact_per_year
NORTH HERTFORDSHIRE,2019,NORTH HERTFORDSHIRE,E07000099,normalized_exact_per_year
NORTH HERTFORDSHIRE,2020,NORTH HERTFORDSHIRE,E07000099,normalized_exact_per_year
NORTH HERTFORDSHIRE,2021,NORTH HERTFORDSHIRE,E07000099,normalized_exact_per_year
NORTH HERTFORDSHIRE,2022,NORTH HERTFORDSHIRE,E07000099,normalized_exact_per_year
NORTH HERTFORDSHIRE,2023,NORTH HERTFORDSHIRE,E07000099,normalized_exact_per_year
NORTH HERTFORDSHIRE,2024,NORTH HERTFORDSHIRE,E07000099,normalized_exact_per_year
NORTH HERTFORDSHIRE,2025,NORTH HERTFORDSHIRE,E07000099,normalized_exact_per_year
NORTH KESTEVEN,2015,NORTH KESTEVEN,E07000139,normalized_exact_per_year
NORTH KESTEVEN,2016,NORTH KESTEVEN,E07000139,normalized_exact_per_year
NORTH KESTEVEN,2017,NORTH KESTEVEN,E07000139,normalized_exact_per_year
NORTH KESTEVEN,2018,NORTH KESTEVEN,E07000139,normalized_exact_per_year
NORTH KESTEVEN,2019,NORTH KESTEVEN,E07000139,normalized_exact_per_year
NORTH KESTEVEN,2020,NORTH KESTEVEN,E07000139,normalized_exact_per_year
NORTH KESTEVEN,2021,NORTH KESTEVEN,E07000139,normalized_exact_per_year
NORTH KESTEVEN,2022,NORTH KESTEVEN,E07000139,normalized_exact_per_year
NORTH KESTEVEN,2023,NORTH KESTEVEN,E07000139,normalized_exact_per_year
NORTH KESTEVEN,2024,NORTH KESTEVEN,E07000139,normalized_exact_per_year
NORTH KESTEVEN,2025,NORTH KESTEVEN,E07000139,normalized_exact_per_year
NORTH LINCOLNSHIRE,2015,NORTH LINCOLNSHIRE,E06000013,normalized_exact_per_year
NORTH LINCOLNSHIRE,2016,NORTH LINCOLNSHIRE,E06000013,normalized_exact_per_year
NORTH LINCOLNSHIRE,2017,NORTH LINCOLNSHIRE,E06000013,normalized_exact_per_year
NORTH LINCOLNSHIRE,2018,NORTH LINCOLNSHIRE,E06000013,normalized_exact_per_year
NORTH LINCOLNSHIRE,2019,NORTH LINCOLNSHIRE,E06000013,normalized_exact_per_year
NORTH LINCOLNSHIRE,2020,NORTH LINCOLNSHIRE,E06000013,normalized_exact_per_year
NORTH LINCOLNSHIRE,2021,NORTH LINCOLNSHIRE,E06000013,normalized_exact_per_year
NORTH LINCOLNSHIRE,2022,NORTH LINCOLNSHIRE,E06000013,normalized_exact_per_year
NORTH LINCOLNSHIRE,2023,NORTH LINCOLNSHIRE,E06000013,normalized_exact_per_year
NORTH LINCOLNSHIRE,2024,NORTH LINCOLNSHIRE,E06000013,normalized_exact_per_year
NORTH LINCOLNSHIRE,2025,NORTH LINCOLNSHIRE,E06000013,normalized_exact_per_year
NORTH NORFOLK,2015,NORTH NORFOLK,E07000147,normalized_exact_per_year
NORTH NORFOLK,2016,NORTH NORFOLK,E07000147,normalized_exact_per_year
NORTH NORFOLK,2017,NORTH NORFOLK,E07000147,normalized_exact_per_year
NORTH NORFOLK,2018,NORTH NORFOLK,E07000147,normalized_exact_per_year
NORTH NORFOLK,2019,NORTH NORFOLK,E07000147,normalized_exact_per_year
NORTH NORFOLK,2020,NORTH NORFOLK,E07000147,normalized_exact_per_year
NORTH NORFOLK,2021,NORTH NORFOLK,E07000147,normalized_exact_per_year
NORTH NORFOLK,2022,NORTH NORFOLK,E07000147,normalized_exact_per_year
NORTH NORFOLK,2023,NORTH NORFOLK,E07000147,normalized_exact_per_year
NORTH NORFOLK,2024,NORTH NORFOLK,E07000147,normalized_exact_per_year
NORTH NORFOLK,2025,NORTH NORFOLK,E07000147,normalized_exact_per_year
NORTH NORTHAMPTONSHIRE,2020,NORTH NORTHAMPTONSHIRE,E06000061,normalized_exact_per_year
NORTH NORTHAMPTONSHIRE,2021,NORTH NORTHAMPTONSHIRE,E06000061,normalized_exact_per_year
NORTH NORTHAMPTONSHIRE,2022,NORTH NORTHAMPTONSHIRE,E06000061,normalized_exact_per_year
NORTH NORTHAMPTONSHIRE,2023,NORTH NORTHAMPTONSHIRE,E06000061,normalized_exact_per_year
NORTH NORTHAMPTONSHIRE,2024,NORTH NORTHAMPTONSHIRE,E06000061,normalized_exact_per_year
NORTH NORTHAMPTONSHIRE,2025,NORTH NORTHAMPTONSHIRE,E06000061,normalized_exact_per_year
NORTH SOMERSET,2015,NORTH SOMERSET,E06000024,normalized_exact_per_year
NORTH SOMERSET,2016,NORTH SOMERSET,E06000024,normalized_exact_per_year
NORTH SOMERSET,2017,NORTH SOMERSET,E06000024,normalized_exact_per_year
NORTH SOMERSET,2018,NORTH SOMERSET,E06000024,normalized_exact_per_year
NORTH SOMERSET,2019,NORTH SOMERSET,E06000024,normalized_exact_per_year
NORTH SOMERSET,2020,NORTH SOMERSET,E06000024,normalized_exact_per_year
NORTH SOMERSET,2021,NORTH SOMERSET,E06000024,normalized_exact_per_year
NORTH SOMERSET,2022,NORTH SOMERSET,E06000024,normalized_exact_per_year
NORTH SOMERSET,2023,NORTH SOMERSET,E06000024,normalized_exact_per_year
NORTH SOMERSET,2024,NORTH SOMERSET,E06000024,normalized_exact_per_year
NORTH SOMERSET,2025,NORTH SOMERSET,E06000024,normalized_exact_per_year
NORTH TYNESIDE,2015,NORTH TYNESIDE,E08000022,normalized_exact_per_year
NORTH TYNESIDE,2016,NORTH TYNESIDE,E08000022,normalized_exact_per_year
NORTH TYNESIDE,2017,NORTH TYNESIDE,E08000022,normalized_exact_per_year
NORTH TYNESIDE,2018,NORTH TYNESIDE,E08000022,normalized_exact_per_year
NORTH TYNESIDE,2019,NORTH TYNESIDE,E08000022,normalized_exact_per_year
NORTH TYNESIDE,2020,NORTH TYNESIDE,E08000022,normalized_exact_per_year
NORTH TYNESIDE,2021,NORTH TYNESIDE,E08000022,normalized_exact_per_year
NORTH TYNESIDE,2022,NORTH TYNESIDE,E08000022,normalized_exact_per_year
NORTH TYNESIDE,2023,NORTH TYNESIDE,E08000022,normalized_exact_per_year
NORTH TYNESIDE,2024,NORTH TYNESIDE,E08000022,normalized_exact_per_year
NORTH TYNESIDE,2025,NORTH TYNESIDE,E08000022,normalized_exact_per_year
NORTH WARWICKSHIRE,2015,NORTH WARWICKSHIRE,E07000218,normalized_exact_per_year
NORTH WARWICKSHIRE,2016,NORTH WARWICKSHIRE,E07000218,normalized_exact_per_year
NORTH WARWICKSHIRE,2017,NORTH WARWICKSHIRE,E07000218,normalized_exact_per_year
NORTH WARWICKSHIRE,2018,NORTH WARWICKSHIRE,E07000218,normalized_exact_per_year
NORTH WARWICKSHIRE,2019,NORTH WARWICKSHIRE,E07000218,normalized_exact_per_year
NORTH WARWICKSHIRE,2020,NORTH WARWICKSHIRE,E07000218,normalized_exact_per_year
NORTH WARWICKSHIRE,2021,NORTH WARWICKSHIRE,E07000218,normalized_exact_per_year
NORTH WARWICKSHIRE,2022,NORTH WARWICKSHIRE,E07000218,normalized_exact_per_year
NORTH WARWICKSHIRE,2023,NORTH WARWICKSHIRE,E07000218,normalized_exact_per_year
NORTH WARWICKSHIRE,2024,NORTH WARWICKSHIRE,E07000218,normalized_exact_per_year
NORTH WARWICKSHIRE,2025,NORTH WARWICKSHIRE,E07000218,normalized_exact_per_year
NORTH WEST LEICESTERSHIRE,2015,NORTH WEST LEICESTERSHIRE,E07000134,normalized_exact_per_year
NORTH WEST LEICESTERSHIRE,2016,NORTH WEST LEICESTERSHIRE,E07000134,normalized_exact_per_year
NORTH WEST LEICESTERSHIRE,2017,NORTH WEST LEICESTERSHIRE,E07000134,normalized_exact_per_year
NORTH WEST LEICESTERSHIRE,2018,NORTH WEST LEICESTERSHIRE,E07000134,normalized_exact_per_year
NORTH WEST LEICESTERSHIRE,2019,NORTH WEST LEICESTERSHIRE,E07000134,normalized_exact_per_year
NORTH WEST LEICESTERSHIRE,2020,NORTH WEST LEICESTERSHIRE,E07000134,normalized_exact_per_year
NORTH WEST LEICESTERSHIRE,2021,NORTH WEST LEICESTERSHIRE,E07000134,normalized_exact_per_year
NORTH WEST LEICESTERSHIRE,2022,NORTH WEST LEICESTERSHIRE,E07000134,normalized_exact_per_year
NORTH WEST LEICESTERSHIRE,2023,NORTH WEST LEICESTERSHIRE,E07000134,normalized_exact_per_year
NORTH WEST LEICESTERSHIRE,2024,NORTH WEST LEICESTERSHIRE,E07000134,normalized_exact_per_year
NORTH WEST LEICESTERSHIRE,2025,NORTH WEST LEICESTERSHIRE,E07000134,normalized_exact_per_year
NORTH YORKSHIRE,2015,NORTH YORKSHIRE,E10000023,normalized_exact_per_year
NORTH YORKSHIRE,2016,NORTH YORKSHIRE,E10000023,normalized_exact_per_year
NORTH YORKSHIRE,2017,NORTH YORKSHIRE,E10000023,normalized_exact_per_year
NORTH YORKSHIRE,2018,NORTH YORKSHIRE,E10000023,normalized_exact_per_year
NORTH YORKSHIRE,2019,NORTH YORKSHIRE,E10000023,normalized_exact_per_year
NORTH YORKSHIRE,2020,NORTH YORKSHIRE,E10000023,normalized_exact_per_year
NORTH YORKSHIRE,2021,NORTH YORKSHIRE,E10000023,normalized_exact_per_year
NORTH YORKSHIRE,2022,NORTH YORKSHIRE,E06000065,normalized_exact_per_year
NORTH YORKSHIRE,2023,NORTH YORKSHIRE,E06000065,normalized_exact_per_year
NORTH YORKSHIRE,2024,NORTH YORKSHIRE,E06000065,normalized_exact_per_year
NORTH YORKSHIRE,2025,NORTH YORKSHIRE,E06000065,normalized_exact_per_year
NORTHAMPTON,2015,NORTHAMPTON,E07000154,normalized_exact_per_year
NORTHAMPTON,2016,NORTHAMPTON,E07000154,normalized_exact_per_year
NORTHAMPTON,2017,NORTHAMPTON,E07000154,normalized_exact_per_year
NORTHAMPTON,2018,NORTHAMPTON,E07000154,normalized_exact_per_year
NORTHAMPTON,2019,NORTHAMPTON,E07000154,normalized_exact_per_year
NORTHUMBERLAND,2015,NORTHUMBERLAND,E06000057,normalized_exact_per_year
NORTHUMBERLAND,2016,NORTHUMBERLAND,E06000057,normalized_exact_per_year
NORTHUMBERLAND,2017,NORTHUMBERLAND,E06000057,normalized_exact_per_year
NORTHUMBERLAND,2018,NORTHUMBERLAND,E06000057,normalized_exact_per_year
NORTHUMBERLAND,2019,NORTHUMBERLAND,E06000057,normalized_exact_per_year
NORTHUMBERLAND,2020,NORTHUMBERLAND,E06000057,normalized_exact_per_year
NORTHUMBERLAND,2021,NORTHUMBERLAND,E06000057,normalized_exact_per_year
NORTHUMBERLAND,2022,NORTHUMBERLAND,E06000057,normalized_exact_per_year
NORTHUMBERLAND,2023,NORTHUMBERLAND,E06000057,normalized_exact_per_year
NORTHUMBERLAND,2024,NORTHUMBERLAND,E06000057,normalized_exact_per_year
NORTHUMBERLAND,2025,NORTHUMBERLAND,E06000057,normalized_exact_per_year
NORWICH,2015,NORWICH,E07000148,normalized_exact_per_year
NORWICH,2016,NORWICH,E07000148,normalized_exact_per_year
NORWICH,2017,NORWICH,E07000148,normalized_exact_per_year
NORWICH,2018,NORWICH,E07000148,normalized_exact_per_year
NORWICH,2019,NORWICH,E07000148,normalized_exact_per_year
NORWICH,2020,NORWICH,E07000148,normalized_exact_per_year
NORWICH,2021,NORWICH,E07000148,normalized_exact_per_year
NORWICH,2022,NORWICH,E07000148,normalized_exact_per_year
NORWICH,2023,NORWICH,E07000148,normalized_exact_per_year
NORWICH,2024,NORWICH,E07000148,normalized_exact_per_year
NORWICH,2025,NORWICH,E07000148,normalized_exact_per_year
NUNEATON AND BEDWORTH,2015,NUNEATON AND BEDWORTH,E07000219,normalized_exact_per_year
NUNEATON AND BEDWORTH,2016,NUNEATON AND BEDWORTH,E07000219,normalized_exact_per_year
NUNEATON AND BEDWORTH,2017,NUNEATON AND BEDWORTH,E07000219,normalized_exact_per_year
NUNEATON AND BEDWORTH,2018,NUNEATON AND BEDWORTH,E07000219,normalized_exact_per_year
NUNEATON AND BEDWORTH,2019,NUNEATON AND BEDWORTH,E07000219,normalized_exact_per_year
NUNEATON AND BEDWORTH,2020,NUNEATON AND BEDWORTH,E07000219,normalized_exact_per_year
NUNEATON AND BEDWORTH,2021,NUNEATON AND BEDWORTH,E07000219,normalized_exact_per_year
NUNEATON AND BEDWORTH,2022,NUNEATON AND BEDWORTH,E07000219,normalized_exact_per_year
NUNEATON AND BEDWORTH,2023,NUNEATON AND BEDWORTH,E07000219,normalized_exact_per_year
NUNEATON AND BEDWORTH,2024,NUNEATON AND BEDWORTH,E07000219,normalized_exact_per_year
NUNEATON AND BEDWORTH,2025,NUNEATON AND BEDWORTH,E07000219,normalized_exact_per_year
OADBY AND WIGSTON,2015,OADBY AND WIGSTON,E07000135,normalized_exact_per_year
OADBY AND WIGSTON,2016,OADBY AND WIGSTON,E07000135,normalized_exact_per_year
OADBY AND WIGSTON,2017,OADBY AND WIGSTON,E07000135,normalized_exact_per_year
OADBY AND WIGSTON,2018,OADBY AND WIGSTON,E07000135,normalized_exact_per_year
OADBY AND WIGSTON,2019,OADBY AND WIGSTON,E07000135,normalized_exact_per_year
OADBY AND WIGSTON,2020,OADBY AND WIGSTON,E07000135,normalized_exact_per_year
OADBY AND WIGSTON,2021,OADBY AND WIGSTON,E07000135,normalized_exact_per_year
OADBY AND WIGSTON,2022,OADBY AND WIGSTON,E07000135,normalized_exact_per_year
OADBY AND WIGSTON,2023,OADBY AND WIGSTON,E07000135,normalized_exact_per_year
OADBY AND WIGSTON,2024,OADBY AND WIGSTON,E07000135,normalized_exact_per_year
OADBY AND WIGSTON,2025,OADBY AND WIGSTON,E07000135,normalized_exact_per_year
OLDHAM,2015,OLDHAM,E08000004,normalized_exact_per_year
OLDHAM,2016,OLDHAM,E08000004,normalized_exact_per_year
OLDHAM,2017,OLDHAM,E08000004,normalized_exact_per_year
OLDHAM,2018,OLDHAM,E08000004,normalized_exact_per_year
OLDHAM,2019,OLDHAM,E08000004,normalized_exact_per_year
OLDHAM,2020,OLDHAM,E08000004,normalized_exact_per_year
OLDHAM,2021,OLDHAM,E08000004,normalized_exact_per_year
OLDHAM,2022,OLDHAM,E08000004,normalized_exact_per_year
OLDHAM,2023,OLDHAM,E08000004,normalized_exact_per_year
OLDHAM,2024,OLDHAM,E08000004,normalized_exact_per_year
OLDHAM,2025,OLDHAM,E08000004,normalized_exact_per_year
OXFORD,2015,OXFORD,E07000178,normalized_exact_per_year
OXFORD,2016,OXFORD,E07000178,normalized_exact_per_year
OXFORD,2017,OXFORD,E07000178,normalized_exact_per_year
OXFORD,2018,OXFORD,E07000178,normalized_exact_per_year
OXFORD,2019,OXFORD,E07000178,normalized_exact_per_year
OXFORD,2020,OXFORD,E07000178,normalized_exact_per_year
OXFORD,2021,OXFORD,E07000178,normalized_exact_per_year
OXFORD,2022,OXFORD,E07000178,normalized_exact_per_year
OXFORD,2023,OXFORD,E07000178,normalized_exact_per_year
OXFORD,2024,OXFORD,E07000178,normalized_exact_per_year
OXFORD,2025,OXFORD,E07000178,normalized_exact_per_year
PEMBROKESHIRE,2015,PEMBROKESHIRE,W06000009,normalized_exact_per_year
PEMBROKESHIRE,2016,PEMBROKESHIRE,W06000009,normalized_exact_per_year
PEMBROKESHIRE,2017,PEMBROKESHIRE,W06000009,normalized_exact_per_year
PEMBROKESHIRE,2018,PEMBROKESHIRE,W06000009,normalized_exact_per_year
PEMBROKESHIRE,2019,PEMBROKESHIRE,W06000009,normalized_exact_per_year
PEMBROKESHIRE,2020,PEMBROKESHIRE,W06000009,normalized_exact_per_year
PEMBROKESHIRE,2021,PEMBROKESHIRE,W06000009,normalized_exact_per_year
PEMBROKESHIRE,2022,PEMBROKESHIRE,W06000009,normalized_exact_per_year
PEMBROKESHIRE,2023,PEMBROKESHIRE,W06000009,normalized_exact_per_year
PEMBROKESHIRE,2024,PEMBROKESHIRE,W06000009,normalized_exact_per_year
PEMBROKESHIRE,2025,PEMBROKESHIRE,W06000009,normalized_exact_per_year
PENDLE,2015,PENDLE,E07000122,normalized_exact_per_year
PENDLE,2016,PENDLE,E07000122,normalized_exact_per_year
PENDLE,2017,PENDLE,E07000122,normalized_exact_per_year
PENDLE,2018,PENDLE,E07000122,normalized_exact_per_year
PENDLE,2019,PENDLE,E07000122,normalized_exact_per_year
PENDLE,2020,PENDLE,E07000122,normalized_exact_per_year
PENDLE,2021,PENDLE,E07000122,normalized_exact_per_year
PENDLE,2022,PENDLE,E07000122,normalized_exact_per_year
PENDLE,2023,PENDLE,E07000122,normalized_exact_per_year
PENDLE,2024,PENDLE,E07000122,normalized_exact_per_year
PENDLE,2025,PENDLE,E07000122,normalized_exact_per_year
POOLE,2015,POOLE,E06000029,normalized_exact_per_year
POOLE,2016,POOLE,E06000029,normalized_exact_per_year
POOLE,2017,POOLE,E06000029,normalized_exact_per_year
PORTSMOUTH,2015,PORTSMOUTH,E06000044,normalized_exact_per_year
PORTSMOUTH,2016,PORTSMOUTH,E06000044,normalized_exact_per_year
PORTSMOUTH,2017,PORTSMOUTH,E06000044,normalized_exact_per_year
PORTSMOUTH,2018,PORTSMOUTH,E06000044,normalized_exact_per_year
PORTSMOUTH,2019,PORTSMOUTH,E06000044,normalized_exact_per_year
PORTSMOUTH,2020,PORTSMOUTH,E06000044,normalized_exact_per_year
PORTSMOUTH,2021,PORTSMOUTH,E06000044,normalized_exact_per_year
PORTSMOUTH,2022,PORTSMOUTH,E06000044,normalized_exact_per_year
PORTSMOUTH,2023,PORTSMOUTH,E06000044,normalized_exact_per_year
PORTSMOUTH,2024,PORTSMOUTH,E06000044,normalized_exact_per_year
PORTSMOUTH,2025,PORTSMOUTH,E06000044,normalized_exact_per_year
POWYS,2015,POWYS,W06000023,normalized_exact_per_year
POWYS,2016,POWYS,W06000023,normalized_exact_per_year
POWYS,2017,POWYS,W06000023,normalized_exact_per_year
POWYS,2018,POWYS,W06000023,normalized_exact_per_year
POWYS,2019,POWYS,W06000023,normalized_exact_per_year
POWYS,2020,POWYS,W06000023,normalized_exact_per_year
POWYS,2021,POWYS,W06000023,normalized_exact_per_year
POWYS,2022,POWYS,W06000023,normalized_exact_per_year
POWYS,2023,POWYS,W06000023,normalized_exact_per_year
POWYS,2024,POWYS,W06000023,normalized_exact_per_year
POWYS,2025,POWYS,W06000023,normalized_exact_per_year
PRESTON,2015,PRESTON,E07000123,normalized_exact_per_year
PRESTON,2016,PRESTON,E07000123,normalized_exact_per_year
PRESTON,2017,PRESTON,E07000123,normalized_exact_per_year
PRESTON,2018,PRESTON,E07000123,normalized_exact_per_year
PRESTON,2019,PRESTON,E07000123,normalized_exact_per_year
PRESTON,2020,PRESTON,E07000123,normalized_exact_per_year
PRESTON,2021,PRESTON,E07000123,normalized_exact_per_year
PRESTON,2022,PRESTON,E07000123,normalized_exact_per_year
PRESTON,2023,PRESTON,E07000123,normalized_exact_per_year
PRESTON,2024,PRESTON,E07000123,normalized_exact_per_year
PRESTON,2025,PRESTON,E07000123,normalized_exact_per_year
PURBECK,2015,PURBECK,E07000051,normalized_exact_per_year
PURBECK,2016,PURBECK,E07000051,normalized_exact_per_year
PURBECK,2017,PURBECK,E07000051,normalized_exact_per_year
READING,2015,READING,E06000038,normalized_exact_per_year
READING,2016,READING,E06000038,normalized_exact_per_year
READING,2017,READING,E06000038,normalized_exact_per_year
READING,2018,READING,E06000038,normalized_exact_per_year
READING,2019,READING,E06000038,normalized_exact_per_year
READING,2020,READING,E06000038,normalized_exact_per_year
READING,2021,READING,E06000038,normalized_exact_per_year
READING,2022,READING,E06000038,normalized_exact_per_year
READING,2023,READING,E06000038,normalized_exact_per_year
READING,2024,READING,E06000038,normalized_exact_per_year
READING,2025,READING,E06000038,normalized_exact_per_year
REDBRIDGE,2015,REDBRIDGE,E09000026,normalized_exact_per_year
REDBRIDGE,2016,REDBRIDGE,E09000026,normalized_exact_per_year
REDBRIDGE,2017,REDBRIDGE,E09000026,normalized_exact_per_year
REDBRIDGE,2018,REDBRIDGE,E09000026,normalized_exact_per_year
REDBRIDGE,2019,REDBRIDGE,E09000026,normalized_exact_per_year
REDBRIDGE,2020,REDBRIDGE,E09000026,normalized_exact_per_year
REDBRIDGE,2021,REDBRIDGE,E09000026,normalized_exact_per_year
REDBRIDGE,2022,REDBRIDGE,E09000026,normalized_exact_per_year
REDBRIDGE,2023,REDBRIDGE,E09000026,normalized_exact_per_year
REDBRIDGE,2024,REDBRIDGE,E09000026,normalized_exact_per_year
REDBRIDGE,2025,REDBRIDGE,E09000026,normalized_exact_per_year
REDCAR AND CLEVELAND,2015,REDCAR AND CLEVELAND,E06000003,normalized_exact_per_year
REDCAR AND CLEVELAND,2016,REDCAR AND CLEVELAND,E06000003,normalized_exact_per_year
REDCAR AND CLEVELAND,2017,REDCAR AND CLEVELAND,E06000003,normalized_exact_per_year
REDCAR AND CLEVELAND,2018,REDCAR AND CLEVELAND,E06000003,normalized_exact_per_year
REDCAR AND CLEVELAND,2019,REDCAR AND CLEVELAND,E06000003,normalized_exact_per_year
REDCAR AND CLEVELAND,2020,REDCAR AND CLEVELAND,E06000003,normalized_exact_per_year
REDCAR AND CLEVELAND,2021,REDCAR AND CLEVELAND,E06000003,normalized_exact_per_year
REDCAR AND CLEVELAND,2022,REDCAR AND CLEVELAND,E06000003,normalized_exact_per_year
REDCAR AND CLEVELAND,2023,REDCAR AND CLEVELAND,E06000003,normalized_exact_per_year
REDCAR AND CLEVELAND,2024,REDCAR AND CLEVELAND,E06000003,normalized_exact_per_year
REDCAR AND CLEVELAND,2025,REDCAR AND CLEVELAND,E06000003,normalized_exact_per_year
REDDITCH,2015,REDDITCH,E07000236,normalized_exact_per_year
REDDITCH,2016,REDDITCH,E07000236,normalized_exact_per_year
REDDITCH,2017,REDDITCH,E07000236,normalized_exact_per_year
REDDITCH,2018,REDDITCH,E07000236,normalized_exact_per_year
REDDITCH,2019,REDDITCH,E07000236,normalized_exact_per_year
REDDITCH,2020,REDDITCH,E07000236,normalized_exact_per_year
REDDITCH,2021,REDDITCH,E07000236,normalized_exact_per_year
REDDITCH,2022,REDDITCH,E07000236,normalized_exact_per_year
REDDITCH,2023,REDDITCH,E07000236,normalized_exact_per_year
REDDITCH,2024,REDDITCH,E07000236,normalized_exact_per_year
REDDITCH,2025,REDDITCH,E07000236,normalized_exact_per_year
REIGATE AND BANSTEAD,2015,REIGATE AND BANSTEAD,E07000211,normalized_exact_per_year
REIGATE AND BANSTEAD,2016,REIGATE AND BANSTEAD,E07000211,normalized_exact_per_year
REIGATE AND BANSTEAD,2017,REIGATE AND BANSTEAD,E07000211,normalized_exact_per_year
REIGATE AND BANSTEAD,2018,REIGATE AND BANSTEAD,E07000211,normalized_exact_per_year
REIGATE AND BANSTEAD,2019,REIGATE AND BANSTEAD,E07000211,normalized_exact_per_year
REIGATE AND BANSTEAD,2020,REIGATE AND BANSTEAD,E07000211,normalized_exact_per_year
REIGATE AND BANSTEAD,2021,REIGATE AND BANSTEAD,E07000211,normalized_exact_per_year
REIGATE AND BANSTEAD,2022,REIGATE AND BANSTEAD,E07000211,normalized_exact_per_year
REIGATE AND BANSTEAD,2023,REIGATE AND BANSTEAD,E07000211,normalized_exact_per_year
REIGATE AND BANSTEAD,2024,REIGATE AND BANSTEAD,E07000211,normalized_exact_per_year
REIGATE AND BANSTEAD,2025,REIGATE AND BANSTEAD,E07000211,normalized_exact_per_year
RHONDDA CYNON TAFF,2015,RHONDDA CYNON TAF,W06000016,normalized_exact_per_year
RHONDDA CYNON TAFF,2016,RHONDDA CYNON TAF,W06000016,normalized_exact_per_year
RHONDDA CYNON TAFF,2017,RHONDDA CYNON TAF,W06000016,normalized_exact_per_year
RHONDDA CYNON TAFF,2018,RHONDDA CYNON TAF,W06000016,normalized_exact_per_year
RHONDDA CYNON TAFF,2019,RHONDDA CYNON TAF,W06000016,normalized_exact_per_year
RHONDDA CYNON TAFF,2020,RHONDDA CYNON TAF,W06000016,normalized_exact_per_year
RHONDDA CYNON TAFF,2021,RHONDDA CYNON TAF,W06000016,normalized_exact_per_year
RHONDDA CYNON TAFF,2022,RHONDDA CYNON TAF,W06000016,normalized_exact_per_year
RHONDDA CYNON TAFF,2023,RHONDDA CYNON TAF,W06000016,normalized_exact_per_year
RHONDDA CYNON TAFF,2024,RHONDDA CYNON TAF,W06000016,normalized_exact_per_year
RHONDDA CYNON TAFF,2025,RHONDDA CYNON TAF,W06000016,normalized_exact_per_year
RIBBLE VALLEY,2015,RIBBLE VALLEY,E07000124,normalized_exact_per_year
RIBBLE VALLEY,2016,RIBBLE VALLEY,E07000124,normalized_exact_per_year
RIBBLE VALLEY,2017,RIBBLE VALLEY,E07000124,normalized_exact_per_year
RIBBLE VALLEY,2018,RIBBLE VALLEY,E07000124,normalized_exact_per_year
RIBBLE VALLEY,2019,RIBBLE VALLEY,E07000124,normalized_exact_per_year
RIBBLE VALLEY,2020,RIBBLE VALLEY,E07000124,normalized_exact_per_year
RIBBLE VALLEY,2021,RIBBLE VALLEY,E07000124,normalized_exact_per_year
RIBBLE VALLEY,2022,RIBBLE VALLEY,E07000124,normalized_exact_per_year
RIBBLE VALLEY,2023,RIBBLE VALLEY,E07000124,normalized_exact_per_year
RIBBLE VALLEY,2024,RIBBLE VALLEY,E07000124,normalized_exact_per_year
RIBBLE VALLEY,2025,RIBBLE VALLEY,E07000124,normalized_exact_per_year
RICHMOND UPON THAMES,2015,RICHMOND UPON THAMES,E09000027,normalized_exact_per_year
RICHMOND UPON THAMES,2016,RICHMOND UPON THAMES,E09000027,normalized_exact_per_year
RICHMOND UPON THAMES,2017,RICHMOND UPON THAMES,E09000027,normalized_exact_per_year
RICHMOND UPON THAMES,2018,RICHMOND UPON THAMES,E09000027,normalized_exact_per_year
RICHMOND UPON THAMES,2019,RICHMOND UPON THAMES,E09000027,normalized_exact_per_year
RICHMOND UPON THAMES,2020,RICHMOND UPON THAMES,E09000027,normalized_exact_per_year
RICHMOND UPON THAMES,2021,RICHMOND UPON THAMES,E09000027,normalized_exact_per_year
RICHMOND UPON THAMES,2022,RICHMOND UPON THAMES,E09000027,normalized_exact_per_year
RICHMOND UPON THAMES,2023,RICHMOND UPON THAMES,E09000027,normalized_exact_per_year
RICHMOND UPON THAMES,2024,RICHMOND UPON THAMES,E09000027,normalized_exact_per_year
RICHMOND UPON THAMES,2025,RICHMOND UPON THAMES,E09000027,normalized_exact_per_year
RICHMONDSHIRE,2015,RICHMONDSHIRE,E07000166,normalized_exact_per_year
RICHMONDSHIRE,2016,RICHMONDSHIRE,E07000166,normalized_exact_per_year
RICHMONDSHIRE,2017,RICHMONDSHIRE,E07000166,normalized_exact_per_year
RICHMONDSHIRE,2018,RICHMONDSHIRE,E07000166,normalized_exact_per_year
RICHMONDSHIRE,2019,RICHMONDSHIRE,E07000166,normalized_exact_per_year
RICHMONDSHIRE,2020,RICHMONDSHIRE,E07000166,normalized_exact_per_year
RICHMONDSHIRE,2021,RICHMONDSHIRE,E07000166,normalized_exact_per_year
ROCHDALE,2015,ROCHDALE,E08000005,normalized_exact_per_year
ROCHDALE,2016,ROCHDALE,E08000005,normalized_exact_per_year
ROCHDALE,2017,ROCHDALE,E08000005,normalized_exact_per_year
ROCHDALE,2018,ROCHDALE,E08000005,normalized_exact_per_year
ROCHDALE,2019,ROCHDALE,E08000005,normalized_exact_per_year
ROCHDALE,2020,ROCHDALE,E08000005,normalized_exact_per_year
ROCHDALE,2021,ROCHDALE,E08000005,normalized_exact_per_year
ROCHDALE,2022,ROCHDALE,E08000005,normalized_exact_per_year
ROCHDALE,2023,ROCHDALE,E08000005,normalized_exact_per_year
ROCHDALE,2024,ROCHDALE,E08000005,normalized_exact_per_year
ROCHDALE,2025,ROCHDALE,E08000005,normalized_exact_per_year
ROCHFORD,2015,ROCHFORD,E07000075,normalized_exact_per_year
ROCHFORD,2016,ROCHFORD,E07000075,normalized_exact_per_year
ROCHFORD,2017,ROCHFORD,E07000075,normalized_exact_per_year
ROCHFORD,2018,ROCHFORD,E07000075,normalized_exact_per_year
ROCHFORD,2019,ROCHFORD,E07000075,normalized_exact_per_year
ROCHFORD,2020,ROCHFORD,E07000075,normalized_exact_per_year
ROCHFORD,2021,ROCHFORD,E07000075,normalized_exact_per_year
ROCHFORD,2022,ROCHFORD,E07000075,normalized_exact_per_year
ROCHFORD,2023,ROCHFORD,E07000075,normalized_exact_per_year
ROCHFORD,2024,ROCHFORD,E07000075,normalized_exact_per_year
ROCHFORD,2025,ROCHFORD,E07000075,normalized_exact_per_year
ROSSENDALE,2015,ROSSENDALE,E07000125,normalized_exact_per_year
ROSSENDALE,2016,ROSSENDALE,E07000125,normalized_exact_per_year
ROSSENDALE,2017,ROSSENDALE,E07000125,normalized_exact_per_year
ROSSENDALE,2018,ROSSENDALE,E07000125,normalized_exact_per_year
ROSSENDALE,2019,ROSSENDALE,E07000125,normalized_exact_per_year
ROSSENDALE,2020,ROSSENDALE,E07000125,normalized_exact_per_year
ROSSENDALE,2021,ROSSENDALE,E07000125,normalized_exact_per_year
ROSSENDALE,2022,ROSSENDALE,E07000125,normalized_exact_per_year
ROSSENDALE,2023,ROSSENDALE,E07000125,normalized_exact_per_year
ROSSENDALE,2024,ROSSENDALE,E07000125,normalized_exact_per_year
ROSSENDALE,2025,ROSSENDALE,E07000125,normalized_exact_per_year
ROTHER,2015,ROTHER,E07000064,normalized_exact_per_year
ROTHER,2016,ROTHER,E07000064,normalized_exact_per_year
ROTHER,2017,ROTHER,E07000064,normalized_exact_per_year
ROTHER,2018,ROTHER,E07000064,normalized_exact_per_year
ROTHER,2019,ROTHER,E07000064,normalized_exact_per_year
ROTHER,2020,ROTHER,E07000064,normalized_exact_per_year
ROTHER,2021,ROTHER,E07000064,normalized_exact_per_year
ROTHER,2022,ROTHER,E07000064,normalized_exact_per_year
ROTHER,2023,ROTHER,E07000064,normalized_exact_per_year
ROTHER,2024,ROTHER,E07000064,normalized_exact_per_year
ROTHER,2025,ROTHER,E07000064,normalized_exact_per_year
ROTHERHAM,2015,ROTHERHAM,E08000018,normalized_exact_per_year
ROTHERHAM,2016,ROTHERHAM,E08000018,normalized_exact_per_year
ROTHERHAM,2017,ROTHERHAM,E08000018,normalized_exact_per_year
ROTHERHAM,2018,ROTHERHAM,E08000018,normalized_exact_per_year
ROTHERHAM,2019,ROTHERHAM,E08000018,normalized_exact_per_year
ROTHERHAM,2020,ROTHERHAM,E08000018,normalized_exact_per_year
ROTHERHAM,2021,ROTHERHAM,E08000018,normalized_exact_per_year
ROTHERHAM,2022,ROTHERHAM,E08000018,normalized_exact_per_year
ROTHERHAM,2023,ROTHERHAM,E08000018,normalized_exact_per_year
ROTHERHAM,2024,ROTHERHAM,E08000018,normalized_exact_per_year
ROTHERHAM,2025,ROTHERHAM,E08000018,normalized_exact_per_year
RUGBY,2015,RUGBY,E07000220,normalized_exact_per_year
RUGBY,2016,RUGBY,E07000220,normalized_exact_per_year
RUGBY,2017,RUGBY,E07000220,normalized_exact_per_year
RUGBY,2018,RUGBY,E07000220,normalized_exact_per_year
RUGBY,2019,RUGBY,E07000220,normalized_exact_per_year
RUGBY,2020,RUGBY,E07000220,normalized_exact_per_year
RUGBY,2021,RUGBY,E07000220,normalized_exact_per_year
RUGBY,2022,RUGBY,E07000220,normalized_exact_per_year
RUGBY,2023,RUGBY,E07000220,normalized_exact_per_year
RUGBY,2024,RUGBY,E07000220,normalized_exact_per_year
RUGBY,2025,RUGBY,E07000220,normalized_exact_per_year
RUNNYMEDE,2015,RUNNYMEDE,E07000212,normalized_exact_per_year
RUNNYMEDE,2016,RUNNYMEDE,E07000212,normalized_exact_per_year
RUNNYMEDE,2017,RUNNYMEDE,E07000212,normalized_exact_per_year
RUNNYMEDE,2018,RUNNYMEDE,E07000212,normalized_exact_per_year
RUNNYMEDE,2019,RUNNYMEDE,E07000212,normalized_exact_per_year
RUNNYMEDE,2020,RUNNYMEDE,E07000212,normalized_exact_per_year
RUNNYMEDE,2021,RUNNYMEDE,E07000212,normalized_exact_per_year
RUNNYMEDE,2022,RUNNYMEDE,E07000212,normalized_exact_per_year
RUNNYMEDE,2023,RUNNYMEDE,E07000212,normalized_exact_per_year
RUNNYMEDE,2024,RUNNYMEDE,E07000212,normalized_exact_per_year
RUNNYMEDE,2025,RUNNYMEDE,E07000212,normalized_exact_per_year
RUSHCLIFFE,2015,RUSHCLIFFE,E07000176,normalized_exact_per_year
RUSHCLIFFE,2016,RUSHCLIFFE,E07000176,normalized_exact_per_year
RUSHCLIFFE,2017,RUSHCLIFFE,E07000176,normalized_exact_per_year
RUSHCLIFFE,2018,RUSHCLIFFE,E07000176,normalized_exact_per_year
RUSHCLIFFE,2019,RUSHCLIFFE,E07000176,normalized_exact_per_year
RUSHCLIFFE,2020,RUSHCLIFFE,E07000176,normalized_exact_per_year
RUSHCLIFFE,2021,RUSHCLIFFE,E07000176,normalized_exact_per_year
RUSHCLIFFE,2022,RUSHCLIFFE,E07000176,normalized_exact_per_year
RUSHCLIFFE,2023,RUSHCLIFFE,E07000176,normalized_exact_per_year
RUSHCLIFFE,2024,RUSHCLIFFE,E07000176,normalized_exact_per_year
RUSHCLIFFE,2025,RUSHCLIFFE,E07000176,normalized_exact_per_year
RUSHMOOR,2015,RUSHMOOR,E07000092,normalized_exact_per_year
RUSHMOOR,2016,RUSHMOOR,E07000092,normalized_exact_per_year
RUSHMOOR,2017,RUSHMOOR,E07000092,normalized_exact_per_year
RUSHMOOR,2018,RUSHMOOR,E07000092,normalized_exact_per_year
RUSHMOOR,2019,RUSHMOOR,E07000092,normalized_exact_per_year
RUSHMOOR,2020,RUSHMOOR,E07000092,normalized_exact_per_year
RUSHMOOR,2021,RUSHMOOR,E07000092,normalized_exact_per_year
RUSHMOOR,2022,RUSHMOOR,E07000092,normalized_exact_per_year
RUSHMOOR,2023,RUSHMOOR,E07000092,normalized_exact_per_year
RUSHMOOR,2024,RUSHMOOR,E07000092,normalized_exact_per_year
RUSHMOOR,2025,RUSHMOOR,E07000092,normalized_exact_per_year
RUTLAND,2015,RUTLAND,E06000017,normalized_exact_per_year
RUTLAND,2016,RUTLAND,E06000017,normalized_exact_per_year
RUTLAND,2017,RUTLAND,E06000017,normalized_exact_per_year
RUTLAND,2018,RUTLAND,E06000017,normalized_exact_per_year
RUTLAND,2019,RUTLAND,E06000017,normalized_exact_per_year
RUTLAND,2020,RUTLAND,E06000017,normalized_exact_per_year
RUTLAND,2021,RUTLAND,E06000017,normalized_exact_per_year
RUTLAND,2022,RUTLAND,E06000017,normalized_exact_per_year
RUTLAND,2023,RUTLAND,E06000017,normalized_exact_per_year
RUTLAND,2024,RUTLAND,E06000017,normalized_exact_per_year
RUTLAND,2025,RUTLAND,E06000017,normalized_exact_per_year
RYEDALE,2015,RYEDALE,E07000167,normalized_exact_per_year
RYEDALE,2016,RYEDALE,E07000167,normalized_exact_per_year
RYEDALE,2017,RYEDALE,E07000167,normalized_exact_per_year
RYEDALE,2018,RYEDALE,E07000167,normalized_exact_per_year
RYEDALE,2019,RYEDALE,E07000167,normalized_exact_per_year
RYEDALE,2020,RYEDALE,E07000167,normalized_exact_per_year
RYEDALE,2021,RYEDALE,E07000167,normalized_exact_per_year
SALFORD,2015,SALFORD,E08000006,normalized_exact_per_year
SALFORD,2016,SALFORD,E08000006,normalized_exact_per_year
SALFORD,2017,SALFORD,E08000006,normalized_exact_per_year
SALFORD,2018,SALFORD,E08000006,normalized_exact_per_year
SALFORD,2019,SALFORD,E08000006,normalized_exact_per_year
SALFORD,2020,SALFORD,E08000006,normalized_exact_per_year
SALFORD,2021,SALFORD,E08000006,normalized_exact_per_year
SALFORD,2022,SALFORD,E08000006,normalized_exact_per_year
SALFORD,2023,SALFORD,E08000006,normalized_exact_per_year
SALFORD,2024,SALFORD,E08000006,normalized_exact_per_year
SALFORD,2025,SALFORD,E08000006,normalized_exact_per_year
SANDWELL,2015,SANDWELL,E08000028,normalized_exact_per_year
SANDWELL,2016,SANDWELL,E08000028,normalized_exact_per_year
SANDWELL,2017,SANDWELL,E08000028,normalized_exact_per_year
SANDWELL,2018,SANDWELL,E08000028,normalized_exact_per_year
SANDWELL,2019,SANDWELL,E08000028,normalized_exact_per_year
SANDWELL,2020,SANDWELL,E08000028,normalized_exact_per_year
SANDWELL,2021,SANDWELL,E08000028,normalized_exact_per_year
SANDWELL,2022,SANDWELL,E08000028,normalized_exact_per_year
SANDWELL,2023,SANDWELL,E08000028,normalized_exact_per_year
SANDWELL,2024,SANDWELL,E08000028,normalized_exact_per_year
SANDWELL,2025,SANDWELL,E08000028,normalized_exact_per_year
SCARBOROUGH,2015,SCARBOROUGH,E07000168,normalized_exact_per_year
SCARBOROUGH,2016,SCARBOROUGH,E07000168,normalized_exact_per_year
SCARBOROUGH,2017,SCARBOROUGH,E07000168,normalized_exact_per_year
SCARBOROUGH,2018,SCARBOROUGH,E07000168,normalized_exact_per_year
SCARBOROUGH,2019,SCARBOROUGH,E07000168,normalized_exact_per_year
SCARBOROUGH,2020,SCARBOROUGH,E07000168,normalized_exact_per_year
SCARBOROUGH,2021,SCARBOROUGH,E07000168,normalized_exact_per_year
SEDGEMOOR,2015,SEDGEMOOR,E07000188,normalized_exact_per_year
SEDGEMOOR,2016,SEDGEMOOR,E07000188,normalized_exact_per_year
SEDGEMOOR,2017,SEDGEMOOR,E07000188,normalized_exact_per_year
SEDGEMOOR,2018,SEDGEMOOR,E07000188,normalized_exact_per_year
SEDGEMOOR,2019,SEDGEMOOR,E07000188,normalized_exact_per_year
SEDGEMOOR,2020,SEDGEMOOR,E07000188,normalized_exact_per_year
SEDGEMOOR,2021,SEDGEMOOR,E07000188,normalized_exact_per_year
SEFTON,2015,SEFTON,E08000014,normalized_exact_per_year
SEFTON,2016,SEFTON,E08000014,normalized_exact_per_year
SEFTON,2017,SEFTON,E08000014,normalized_exact_per_year
SEFTON,2018,SEFTON,E08000014,normalized_exact_per_year
SEFTON,2019,SEFTON,E08000014,normalized_exact_per_year
SEFTON,2020,SEFTON,E08000014,normalized_exact_per_year
SEFTON,2021,SEFTON,E08000014,normalized_exact_per_year
SEFTON,2022,SEFTON,E08000014,normalized_exact_per_year
SEFTON,2023,SEFTON,E08000014,normalized_exact_per_year
SEFTON,2024,SEFTON,E08000014,normalized_exact_per_year
SEFTON,2025,SEFTON,E08000014,normalized_exact_per_year
SELBY,2015,SELBY,E07000169,normalized_exact_per_year
SELBY,2016,SELBY,E07000169,normalized_exact_per_year
SELBY,2017,SELBY,E07000169,normalized_exact_per_year
SELBY,2018,SELBY,E07000169,normalized_exact_per_year
SELBY,2019,SELBY,E07000169,normalized_exact_per_year
SELBY,2020,SELBY,E07000169,normalized_exact_per_year
SELBY,2021,SELBY,E07000169,normalized_exact_per_year
SEVENOAKS,2015,SEVENOAKS,E07000111,normalized_exact_per_year
SEVENOAKS,2016,SEVENOAKS,E07000111,normalized_exact_per_year
SEVENOAKS,2017,SEVENOAKS,E07000111,normalized_exact_per_year
SEVENOAKS,2018,SEVENOAKS,E07000111,normalized_exact_per_year
SEVENOAKS,2019,SEVENOAKS,E07000111,normalized_exact_per_year
SEVENOAKS,2020,SEVENOAKS,E07000111,normalized_exact_per_year
SEVENOAKS,2021,SEVENOAKS,E07000111,normalized_exact_per_year
SEVENOAKS,2022,SEVENOAKS,E07000111,normalized_exact_per_year
SEVENOAKS,2023,SEVENOAKS,E07000111,normalized_exact_per_year
SEVENOAKS,2024,SEVENOAKS,E07000111,normalized_exact_per_year
SEVENOAKS,2025,SEVENOAKS,E07000111,normalized_exact_per_year
SHEFFIELD,2015,SHEFFIELD,E08000019,normalized_exact_per_year
SHEFFIELD,2016,SHEFFIELD,E08000019,normalized_exact_per_year
SHEFFIELD,2017,SHEFFIELD,E08000019,normalized_exact_per_year
SHEFFIELD,2018,SHEFFIELD,E08000019,normalized_exact_per_year
SHEFFIELD,2019,SHEFFIELD,E08000019,normalized_exact_per_year
SHEFFIELD,2020,SHEFFIELD,E08000019,normalized_exact_per_year
SHEFFIELD,2021,SHEFFIELD,E08000019,normalized_exact_per_year
SHEFFIELD,2022,SHEFFIELD,E08000019,normalized_exact_per_year
SHEFFIELD,2023,SHEFFIELD,E08000019,normalized_exact_per_year
SHEFFIELD,2024,SHEFFIELD,E08000039,normalized_exact_per_year
SHEFFIELD,2025,SHEFFIELD,E08000039,normalized_exact_per_year
SHEPWAY,2015,SHEPWAY,E07000112,normalized_exact_per_year
SHEPWAY,2016,SHEPWAY,E07000112,normalized_exact_per_year
SHROPSHIRE,2015,SHROPSHIRE,E06000051,normalized_exact_per_year
SHROPSHIRE,2016,SHROPSHIRE,E06000051,normalized_exact_per_year
SHROPSHIRE,2017,SHROPSHIRE,E06000051,normalized_exact_per_year
SHROPSHIRE,2018,SHROPSHIRE,E06000051,normalized_exact_per_year
SHROPSHIRE,2019,SHROPSHIRE,E06000051,normalized_exact_per_year
SHROPSHIRE,2020,SHROPSHIRE,E06000051,normalized_exact_per_year
SHROPSHIRE,2021,SHROPSHIRE,E06000051,normalized_exact_per_year
SHROPSHIRE,2022,SHROPSHIRE,E06000051,normalized_exact_per_year
SHROPSHIRE,2023,SHROPSHIRE,E06000051,normalized_exact_per_year
SHROPSHIRE,2024,SHROPSHIRE,E06000051,normalized_exact_per_year
SHROPSHIRE,2025,SHROPSHIRE,E06000051,normalized_exact_per_year
SLOUGH,2015,SLOUGH,E06000039,normalized_exact_per_year
SLOUGH,2016,SLOUGH,E06000039,normalized_exact_per_year
SLOUGH,2017,SLOUGH,E06000039,normalized_exact_per_year
SLOUGH,2018,SLOUGH,E06000039,normalized_exact_per_year
SLOUGH,2019,SLOUGH,E06000039,normalized_exact_per_year
SLOUGH,2020,SLOUGH,E06000039,normalized_exact_per_year
SLOUGH,2021,SLOUGH,E06000039,normalized_exact_per_year
SLOUGH,2022,SLOUGH,E06000039,normalized_exact_per_year
SLOUGH,2023,SLOUGH,E06000039,normalized_exact_per_year
SLOUGH,2024,SLOUGH,E06000039,normalized_exact_per_year
SLOUGH,2025,SLOUGH,E06000039,normalized_exact_per_year
SOLIHULL,2015,SOLIHULL,E08000029,normalized_exact_per_year
SOLIHULL,2016,SOLIHULL,E08000029,normalized_exact_per_year
SOLIHULL,2017,SOLIHULL,E08000029,normalized_exact_per_year
SOLIHULL,2018,SOLIHULL,E08000029,normalized_exact_per_year
SOLIHULL,2019,SOLIHULL,E08000029,normalized_exact_per_year
SOLIHULL,2020,SOLIHULL,E08000029,normalized_exact_per_year
SOLIHULL,2021,SOLIHULL,E08000029,normalized_exact_per_year
SOLIHULL,2022,SOLIHULL,E08000029,normalized_exact_per_year
SOLIHULL,2023,SOLIHULL,E08000029,normalized_exact_per_year
SOLIHULL,2024,SOLIHULL,E08000029,normalized_exact_per_year
SOLIHULL,2025,SOLIHULL,E08000029,normalized_exact_per_year
SOMERSET,2015,SOMERSET,E10000027,normalized_exact_per_year
SOMERSET,2016,SOMERSET,E10000027,normalized_exact_per_year
SOMERSET,2017,SOMERSET,E10000027,normalized_exact_per_year
SOMERSET,2018,SOMERSET,E10000027,normalized_exact_per_year
SOMERSET,2019,SOMERSET,E10000027,normalized_exact_per_year
SOMERSET,2020,SOMERSET,E10000027,normalized_exact_per_year
SOMERSET,2021,SOMERSET,E10000027,normalized_exact_per_year
SOMERSET,2022,SOMERSET,E06000066,normalized_exact_per_year
SOMERSET,2023,SOMERSET,E06000066,normalized_exact_per_year
SOMERSET,2024,SOMERSET,E06000066,normalized_exact_per_year
SOMERSET,2025,SOMERSET,E06000066,normalized_exact_per_year
SOMERSET WEST AND TAUNTON,2018,SOMERSET WEST AND TAUNTON,E07000246,normalized_exact_per_year
SOMERSET WEST AND TAUNTON,2019,SOMERSET WEST AND TAUNTON,E07000246,normalized_exact_per_year
SOMERSET WEST AND TAUNTON,2020,SOMERSET WEST AND TAUNTON,E07000246,normalized_exact_per_year
SOMERSET WEST AND TAUNTON,2021,SOMERSET WEST AND TAUNTON,E07000246,normalized_exact_per_year
SOUTH BUCKS,2015,SOUTH BUCKS,E07000006,normalized_exact_per_year
SOUTH BUCKS,2016,SOUTH BUCKS,E07000006,normalized_exact_per_year
SOUTH BUCKS,2017,SOUTH BUCKS,E07000006,normalized_exact_per_year
SOUTH BUCKS,2018,SOUTH BUCKS,E07000006,normalized_exact_per_year
SOUTH CAMBRIDGESHIRE,2015,SOUTH CAMBRIDGESHIRE,E07000012,normalized_exact_per_year
SOUTH CAMBRIDGESHIRE,2016,SOUTH CAMBRIDGESHIRE,E07000012,normalized_exact_per_year
SOUTH CAMBRIDGESHIRE,2017,SOUTH CAMBRIDGESHIRE,E07000012,normalized_exact_per_year
SOUTH CAMBRIDGESHIRE,2018,SOUTH CAMBRIDGESHIRE,E07000012,normalized_exact_per_year
SOUTH CAMBRIDGESHIRE,2019,SOUTH CAMBRIDGESHIRE,E07000012,normalized_exact_per_year
SOUTH CAMBRIDGESHIRE,2020,SOUTH CAMBRIDGESHIRE,E07000012,normalized_exact_per_year
SOUTH CAMBRIDGESHIRE,2021,SOUTH CAMBRIDGESHIRE,E07000012,normalized_exact_per_year
SOUTH CAMBRIDGESHIRE,2022,SOUTH CAMBRIDGESHIRE,E07000012,normalized_exact_per_year
SOUTH CAMBRIDGESHIRE,2023,SOUTH CAMBRIDGESHIRE,E07000012,normalized_exact_per_year
SOUTH CAMBRIDGESHIRE,2024,SOUTH CAMBRIDGESHIRE,E07000012,normalized_exact_per_year
SOUTH CAMBRIDGESHIRE,2025,SOUTH CAMBRIDGESHIRE,E07000012,normalized_exact_per_year
SOUTH DERBYSHIRE,2015,SOUTH DERBYSHIRE,E07000039,normalized_exact_per_year
SOUTH DERBYSHIRE,2016,SOUTH DERBYSHIRE,E07000039,normalized_exact_per_year
SOUTH DERBYSHIRE,2017,SOUTH DERBYSHIRE,E07000039,normalized_exact_per_year
SOUTH DERBYSHIRE,2018,SOUTH DERBYSHIRE,E07000039,normalized_exact_per_year
SOUTH DERBYSHIRE,2019,SOUTH DERBYSHIRE,E07000039,normalized_exact_per_year
SOUTH DERBYSHIRE,2020,SOUTH DERBYSHIRE,E07000039,normalized_exact_per_year
SOUTH DERBYSHIRE,2021,SOUTH DERBYSHIRE,E07000039,normalized_exact_per_year
SOUTH DERBYSHIRE,2022,SOUTH DERBYSHIRE,E07000039,normalized_exact_per_year
SOUTH DERBYSHIRE,2023,SOUTH DERBYSHIRE,E07000039,normalized_exact_per_year
SOUTH DERBYSHIRE,2024,SOUTH DERBYSHIRE,E07000039,normalized_exact_per_year
SOUTH DERBYSHIRE,2025,SOUTH DERBYSHIRE,E07000039,normalized_exact_per_year
SOUTH GLOUCESTERSHIRE,2015,SOUTH GLOUCESTERSHIRE,E06000025,normalized_exact_per_year
SOUTH GLOUCESTERSHIRE,2016,SOUTH GLOUCESTERSHIRE,E06000025,normalized_exact_per_year
SOUTH GLOUCESTERSHIRE,2017,SOUTH GLOUCESTERSHIRE,E06000025,normalized_exact_per_year
SOUTH GLOUCESTERSHIRE,2018,SOUTH GLOUCESTERSHIRE,E06000025,normalized_exact_per_year
SOUTH GLOUCESTERSHIRE,2019,SOUTH GLOUCESTERSHIRE,E06000025,normalized_exact_per_year
SOUTH GLOUCESTERSHIRE,2020,SOUTH GLOUCESTERSHIRE,E06000025,normalized_exact_per_year
SOUTH GLOUCESTERSHIRE,2021,SOUTH GLOUCESTERSHIRE,E06000025,normalized_exact_per_year
SOUTH GLOUCESTERSHIRE,2022,SOUTH GLOUCESTERSHIRE,E06000025,normalized_exact_per_year
SOUTH GLOUCESTERSHIRE,2023,SOUTH GLOUCESTERSHIRE,E06000025,normalized_exact_per_year
SOUTH GLOUCESTERSHIRE,2024,SOUTH GLOUCESTERSHIRE,E06000025,normalized_exact_per_year
SOUTH GLOUCESTERSHIRE,2025,SOUTH GLOUCESTERSHIRE,E06000025,normalized_exact_per_year
SOUTH HAMS,2015,SOUTH HAMS,E07000044,normalized_exact_per_year
SOUTH HAMS,2016,SOUTH HAMS,E07000044,normalized_exact_per_year
SOUTH HAMS,2017,SOUTH HAMS,E07000044,normalized_exact_per_year
SOUTH HAMS,2018,SOUTH HAMS,E07000044,normalized_exact_per_year
SOUTH HAMS,2019,SOUTH HAMS,E07000044,normalized_exact_per_year
SOUTH HAMS,2020,SOUTH HAMS,E07000044,normalized_exact_per_year
SOUTH HAMS,2021,SOUTH HAMS,E07000044,normalized_exact_per_year
SOUTH HAMS,2022,SOUTH HAMS,E07000044,normalized_exact_per_year
SOUTH HAMS,2023,SOUTH HAMS,E07000044,normalized_exact_per_year
SOUTH HAMS,2024,SOUTH HAMS,E07000044,normalized_exact_per_year
SOUTH HAMS,2025,SOUTH HAMS,E07000044,normalized_exact_per_year
SOUTH HOLLAND,2015,SOUTH HOLLAND,E07000140,normalized_exact_per_year
SOUTH HOLLAND,2016,SOUTH HOLLAND,E07000140,normalized_exact_per_year
SOUTH HOLLAND,2017,SOUTH HOLLAND,E07000140,normalized_exact_per_year
SOUTH HOLLAND,2018,SOUTH HOLLAND,E07000140,normalized_exact_per_year
SOUTH HOLLAND,2019,SOUTH HOLLAND,E07000140,normalized_exact_per_year
SOUTH HOLLAND,2020,SOUTH HOLLAND,E07000140,normalized_exact_per_year
SOUTH HOLLAND,2021,SOUTH HOLLAND,E07000140,normalized_exact_per_year
SOUTH HOLLAND,2022,SOUTH HOLLAND,E07000140,normalized_exact_per_year
SOUTH HOLLAND,2023,SOUTH HOLLAND,E07000140,normalized_exact_per_year
SOUTH HOLLAND,2024,SOUTH HOLLAND,E07000140,normalized_exact_per_year
SOUTH HOLLAND,2025,SOUTH HOLLAND,E07000140,normalized_exact_per_year
SOUTH KESTEVEN,2015,SOUTH KESTEVEN,E07000141,normalized_exact_per_year
SOUTH KESTEVEN,2016,SOUTH KESTEVEN,E07000141,normalized_exact_per_year
SOUTH KESTEVEN,2017,SOUTH KESTEVEN,E07000141,normalized_exact_per_year
SOUTH KESTEVEN,2018,SOUTH KESTEVEN,E07000141,normalized_exact_per_year
SOUTH KESTEVEN,2019,SOUTH KESTEVEN,E07000141,normalized_exact_per_year
SOUTH KESTEVEN,2020,SOUTH KESTEVEN,E07000141,normalized_exact_per_year
SOUTH KESTEVEN,2021,SOUTH KESTEVEN,E07000141,normalized_exact_per_year
SOUTH KESTEVEN,2022,SOUTH KESTEVEN,E07000141,normalized_exact_per_year
SOUTH KESTEVEN,2023,SOUTH KESTEVEN,E07000141,normalized_exact_per_year
SOUTH KESTEVEN,2024,SOUTH KESTEVEN,E07000141,normalized_exact_per_year
SOUTH KESTEVEN,2025,SOUTH KESTEVEN,E07000141,normalized_exact_per_year
SOUTH LAKELAND,2015,SOUTH LAKELAND,E07000031,normalized_exact_per_year
SOUTH LAKELAND,2016,SOUTH LAKELAND,E07000031,normalized_exact_per_year
SOUTH LAKELAND,2017,SOUTH LAKELAND,E07000031,normalized_exact_per_year
SOUTH LAKELAND,2018,SOUTH LAKELAND,E07000031,normalized_exact_per_year
SOUTH LAKELAND,2019,SOUTH LAKELAND,E07000031,normalized_exact_per_year
SOUTH LAKELAND,2020,SOUTH LAKELAND,E07000031,normalized_exact_per_year
SOUTH LAKELAND,2021,SOUTH LAKELAND,E07000031,normalized_exact_per_year
SOUTH NORFOLK,2015,SOUTH NORFOLK,E07000149,normalized_exact_per_year
SOUTH NORFOLK,2016,SOUTH NORFOLK,E07000149,normalized_exact_per_year
SOUTH NORFOLK,2017,SOUTH NORFOLK,E07000149,normalized_exact_per_year
SOUTH NORFOLK,2018,SOUTH NORFOLK,E07000149,normalized_exact_per_year
SOUTH NORFOLK,2019,SOUTH NORFOLK,E07000149,normalized_exact_per_year
SOUTH NORFOLK,2020,SOUTH NORFOLK,E07000149,normalized_exact_per_year
SOUTH NORFOLK,2021,SOUTH NORFOLK,E07000149,normalized_exact_per_year
SOUTH NORFOLK,2022,SOUTH NORFOLK,E07000149,normalized_exact_per_year
SOUTH NORFOLK,2023,SOUTH NORFOLK,E07000149,normalized_exact_per_year
SOUTH NORFOLK,2024,SOUTH NORFOLK,E07000149,normalized_exact_per_year
SOUTH NORFOLK,2025,SOUTH NORFOLK,E07000149,normalized_exact_per_year
SOUTH NORTHAMPTONSHIRE,2015,SOUTH NORTHAMPTONSHIRE,E07000155,normalized_exact_per_year
SOUTH NORTHAMPTONSHIRE,2016,SOUTH NORTHAMPTONSHIRE,E07000155,normalized_exact_per_year
SOUTH NORTHAMPTONSHIRE,2017,SOUTH NORTHAMPTONSHIRE,E07000155,normalized_exact_per_year
SOUTH NORTHAMPTONSHIRE,2018,SOUTH NORTHAMPTONSHIRE,E07000155,normalized_exact_per_year
SOUTH NORTHAMPTONSHIRE,2019,SOUTH NORTHAMPTONSHIRE,E07000155,normalized_exact_per_year
SOUTH OXFORDSHIRE,2015,SOUTH OXFORDSHIRE,E07000179,normalized_exact_per_year
SOUTH OXFORDSHIRE,2016,SOUTH OXFORDSHIRE,E07000179,normalized_exact_per_year
SOUTH OXFORDSHIRE,2017,SOUTH OXFORDSHIRE,E07000179,normalized_exact_per_year
SOUTH OXFORDSHIRE,2018,SOUTH OXFORDSHIRE,E07000179,normalized_exact_per_year
SOUTH OXFORDSHIRE,2019,SOUTH OXFORDSHIRE,E07000179,normalized_exact_per_year
SOUTH OXFORDSHIRE,2020,SOUTH OXFORDSHIRE,E07000179,normalized_exact_per_year
SOUTH OXFORDSHIRE,2021,SOUTH OXFORDSHIRE,E07000179,normalized_exact_per_year
SOUTH OXFORDSHIRE,2022,SOUTH OXFORDSHIRE,E07000179,normalized_exact_per_year
SOUTH OXFORDSHIRE,2023,SOUTH OXFORDSHIRE,E07000179,normalized_exact_per_year
SOUTH OXFORDSHIRE,2024,SOUTH OXFORDSHIRE,E07000179,normalized_exact_per_year
SOUTH OXFORDSHIRE,2025,SOUTH OXFORDSHIRE,E07000179,normalized_exact_per_year
SOUTH RIBBLE,2015,SOUTH RIBBLE,E07000126,normalized_exact_per_year
SOUTH RIBBLE,2016,SOUTH RIBBLE,E07000126,normalized_exact_per_year
SOUTH RIBBLE,2017,SOUTH RIBBLE,E07000126,normalized_exact_per_year
SOUTH RIBBLE,2018,SOUTH RIBBLE,E07000126,normalized_exact_per_year
SOUTH RIBBLE,2019,SOUTH RIBBLE,E07000126,normalized_exact_per_year
SOUTH RIBBLE,2020,SOUTH RIBBLE,E07000126,normalized_exact_per_year
SOUTH RIBBLE,2021,SOUTH RIBBLE,E07000126,normalized_exact_per_year
SOUTH RIBBLE,2022,SOUTH RIBBLE,E07000126,normalized_exact_per_year
SOUTH RIBBLE,2023,SOUTH RIBBLE,E07000126,normalized_exact_per_year
SOUTH RIBBLE,2024,SOUTH RIBBLE,E07000126,normalized_exact_per_year
SOUTH RIBBLE,2025,SOUTH RIBBLE,E07000126,normalized_exact_per_year
SOUTH SOMERSET,2015,SOUTH SOMERSET,E07000189,normalized_exact_per_year
SOUTH SOMERSET,2016,SOUTH SOMERSET,E07000189,normalized_exact_per_year
SOUTH SOMERSET,2017,SOUTH SOMERSET,E07000189,normalized_exact_per_year
SOUTH SOMERSET,2018,SOUTH SOMERSET,E07000189,normalized_exact_per_year
SOUTH SOMERSET,2019,SOUTH SOMERSET,E07000189,normalized_exact_per_year
SOUTH SOMERSET,2020,SOUTH SOMERSET,E07000189,normalized_exact_per_year
SOUTH SOMERSET,2021,SOUTH SOMERSET,E07000189,normalized_exact_per_year
SOUTH STAFFORDSHIRE,2015,SOUTH STAFFORDSHIRE,E07000196,normalized_exact_per_year
SOUTH STAFFORDSHIRE,2016,SOUTH STAFFORDSHIRE,E07000196,normalized_exact_per_year
SOUTH STAFFORDSHIRE,2017,SOUTH STAFFORDSHIRE,E07000196,normalized_exact_per_year
SOUTH STAFFORDSHIRE,2018,SOUTH STAFFORDSHIRE,E07000196,normalized_exact_per_year
SOUTH STAFFORDSHIRE,2019,SOUTH STAFFORDSHIRE,E07000196,normalized_exact_per_year
SOUTH STAFFORDSHIRE,2020,SOUTH STAFFORDSHIRE,E07000196,normalized_exact_per_year
SOUTH STAFFORDSHIRE,2021,SOUTH STAFFORDSHIRE,E07000196,normalized_exact_per_year
SOUTH STAFFORDSHIRE,2022,SOUTH STAFFORDSHIRE,E07000196,normalized_exact_per_year
SOUTH STAFFORDSHIRE,2023,SOUTH STAFFORDSHIRE,E07000196,normalized_exact_per_year
SOUTH STAFFORDSHIRE,2024,SOUTH STAFFORDSHIRE,E07000196,normalized_exact_per_year
SOUTH STAFFORDSHIRE,2025,SOUTH STAFFORDSHIRE,E07000196,normalized_exact_per_year
SOUTH TYNESIDE,2015,SOUTH TYNESIDE,E08000023,normalized_exact_per_year
SOUTH TYNESIDE,2016,SOUTH TYNESIDE,E08000023,normalized_exact_per_year
SOUTH TYNESIDE,2017,SOUTH TYNESIDE,E08000023,normalized_exact_per_year
SOUTH TYNESIDE,2018,SOUTH TYNESIDE,E08000023,normalized_exact_per_year
SOUTH TYNESIDE,2019,SOUTH TYNESIDE,E08000023,normalized_exact_per_year
SOUTH TYNESIDE,2020,SOUTH TYNESIDE,E08000023,normalized_exact_per_year
SOUTH TYNESIDE,2021,SOUTH TYNESIDE,E08000023,normalized_exact_per_year
SOUTH TYNESIDE,2022,SOUTH TYNESIDE,E08000023,normalized_exact_per_year
SOUTH TYNESIDE,2023,SOUTH TYNESIDE,E08000023,normalized_exact_per_year
SOUTH TYNESIDE,2024,SOUTH TYNESIDE,E08000023,normalized_exact_per_year
SOUTH TYNESIDE,2025,SOUTH TYNESIDE,E08000023,normalized_exact_per_year
SOUTHAMPTON,2015,SOUTHAMPTON,E06000045,normalized_exact_per_year
SOUTHAMPTON,2016,SOUTHAMPTON,E06000045,normalized_exact_per_year
SOUTHAMPTON,2017,SOUTHAMPTON,E06000045,normalized_exact_per_year
SOUTHAMPTON,2018,SOUTHAMPTON,E06000045,normalized_exact_per_year
SOUTHAMPTON,2019,SOUTHAMPTON,E06000045,normalized_exact_per_year
SOUTHAMPTON,2020,SOUTHAMPTON,E06000045,normalized_exact_per_year
SOUTHAMPTON,2021,SOUTHAMPTON,E06000045,normalized_exact_per_year
SOUTHAMPTON,2022,SOUTHAMPTON,E06000045,normalized_exact_per_year
SOUTHAMPTON,2023,SOUTHAMPTON,E06000045,normalized_exact_per_year
SOUTHAMPTON,2024,SOUTHAMPTON,E06000045,normalized_exact_per_year
SOUTHAMPTON,2025,SOUTHAMPTON,E06000045,normalized_exact_per_year
SOUTHEND-ON-SEA,2015,SOUTHENDONSEA,E06000033,normalized_exact_per_year
SOUTHEND-ON-SEA,2016,SOUTHENDONSEA,E06000033,normalized_exact_per_year
SOUTHEND-ON-SEA,2017,SOUTHENDONSEA,E06000033,normalized_exact_per_year
SOUTHEND-ON-SEA,2018,SOUTHENDONSEA,E06000033,normalized_exact_per_year
SOUTHEND-ON-SEA,2019,SOUTHENDONSEA,E06000033,normalized_exact_per_year
SOUTHEND-ON-SEA,2020,SOUTHENDONSEA,E06000033,normalized_exact_per_year
SOUTHEND-ON-SEA,2021,SOUTHENDONSEA,E06000033,normalized_exact_per_year
SOUTHEND-ON-SEA,2022,SOUTHENDONSEA,E06000033,normalized_exact_per_year
SOUTHEND-ON-SEA,2023,SOUTHENDONSEA,E06000033,normalized_exact_per_year
SOUTHEND-ON-SEA,2024,SOUTHENDONSEA,E06000033,normalized_exact_per_year
SOUTHEND-ON-SEA,2025,SOUTHENDONSEA,E06000033,normalized_exact_per_year
SOUTHWARK,2015,SOUTHWARK,E09000028,normalized_exact_per_year
SOUTHWARK,2016,SOUTHWARK,E09000028,normalized_exact_per_year
SOUTHWARK,2017,SOUTHWARK,E09000028,normalized_exact_per_year
SOUTHWARK,2018,SOUTHWARK,E09000028,normalized_exact_per_year
SOUTHWARK,2019,SOUTHWARK,E09000028,normalized_exact_per_year
SOUTHWARK,2020,SOUTHWARK,E09000028,normalized_exact_per_year
SOUTHWARK,2021,SOUTHWARK,E09000028,normalized_exact_per_year
SOUTHWARK,2022,SOUTHWARK,E09000028,normalized_exact_per_year
SOUTHWARK,2023,SOUTHWARK,E09000028,normalized_exact_per_year
SOUTHWARK,2024,SOUTHWARK,E09000028,normalized_exact_per_year
SOUTHWARK,2025,SOUTHWARK,E09000028,normalized_exact_per_year
SPELTHORNE,2015,SPELTHORNE,E07000213,normalized_exact_per_year
SPELTHORNE,2016,SPELTHORNE,E07000213,normalized_exact_per_year
SPELTHORNE,2017,SPELTHORNE,E07000213,normalized_exact_per_year
SPELTHORNE,2018,SPELTHORNE,E07000213,normalized_exact_per_year
SPELTHORNE,2019,SPELTHORNE,E07000213,normalized_exact_per_year
SPELTHORNE,2020,SPELTHORNE,E07000213,normalized_exact_per_year
SPELTHORNE,2021,SPELTHORNE,E07000213,normalized_exact_per_year
SPELTHORNE,2022,SPELTHORNE,E07000213,normalized_exact_per_year
SPELTHORNE,2023,SPELTHORNE,E07000213,normalized_exact_per_year
SPELTHORNE,2024,SPELTHORNE,E07000213,normalized_exact_per_year
SPELTHORNE,2025,SPELTHORNE,E07000213,normalized_exact_per_year
ST ALBANS,2015,ST ALBANS,E07000240,normalized_exact_per_year
ST ALBANS,2016,ST ALBANS,E07000240,normalized_exact_per_year
ST ALBANS,2017,ST ALBANS,E07000240,normalized_exact_per_year
ST ALBANS,2018,ST ALBANS,E07000240,normalized_exact_per_year
ST ALBANS,2019,ST ALBANS,E07000240,normalized_exact_per_year
ST ALBANS,2020,ST ALBANS,E07000240,normalized_exact_per_year
ST ALBANS,2021,ST ALBANS,E07000240,normalized_exact_per_year
ST ALBANS,2022,ST ALBANS,E07000240,normalized_exact_per_year
ST ALBANS,2023,ST ALBANS,E07000240,normalized_exact_per_year
ST ALBANS,2024,ST ALBANS,E07000240,normalized_exact_per_year
ST ALBANS,2025,ST ALBANS,E07000240,normalized_exact_per_year
ST EDMUNDSBURY,2015,ST EDMUNDSBURY,E07000204,normalized_exact_per_year
ST EDMUNDSBURY,2016,ST EDMUNDSBURY,E07000204,normalized_exact_per_year
ST EDMUNDSBURY,2017,ST EDMUNDSBURY,E07000204,normalized_exact_per_year
ST HELENS,2015,ST HELENS,E08000013,normalized_exact_per_year
ST HELENS,2016,ST HELENS,E08000013,normalized_exact_per_year
ST HELENS,2017,ST HELENS,E08000013,normalized_exact_per_year
ST HELENS,2018,ST HELENS,E08000013,normalized_exact_per_year
ST HELENS,2019,ST HELENS,E08000013,normalized_exact_per_year
ST HELENS,2020,ST HELENS,E08000013,normalized_exact_per_year
ST HELENS,2021,ST HELENS,E08000013,normalized_exact_per_year
ST HELENS,2022,ST HELENS,E08000013,normalized_exact_per_year
ST HELENS,2023,ST HELENS,E08000013,normalized_exact_per_year
ST HELENS,2024,ST HELENS,E08000013,normalized_exact_per_year
ST HELENS,2025,ST HELENS,E08000013,normalized_exact_per_year
STAFFORD,2015,STAFFORD,E07000197,normalized_exact_per_year
STAFFORD,2016,STAFFORD,E07000197,normalized_exact_per_year
STAFFORD,2017,STAFFORD,E07000197,normalized_exact_per_year
STAFFORD,2018,STAFFORD,E07000197,normalized_exact_per_year
STAFFORD,2019,STAFFORD,E07000197,normalized_exact_per_year
STAFFORD,2020,STAFFORD,E07000197,normalized_exact_per_year
STAFFORD,2021,STAFFORD,E07000197,normalized_exact_per_year
STAFFORD,2022,STAFFORD,E07000197,normalized_exact_per_year
STAFFORD,2023,STAFFORD,E07000197,normalized_exact_per_year
STAFFORD,2024,STAFFORD,E07000197,normalized_exact_per_year
STAFFORD,2025,STAFFORD,E07000197,normalized_exact_per_year
STAFFORDSHIRE MOORLANDS,2015,STAFFORDSHIRE MOORLANDS,E07000198,normalized_exact_per_year
STAFFORDSHIRE MOORLANDS,2016,STAFFORDSHIRE MOORLANDS,E07000198,normalized_exact_per_year
STAFFORDSHIRE MOORLANDS,2017,STAFFORDSHIRE MOORLANDS,E07000198,normalized_exact_per_year
STAFFORDSHIRE MOORLANDS,2018,STAFFORDSHIRE MOORLANDS,E07000198,normalized_exact_per_year
STAFFORDSHIRE MOORLANDS,2019,STAFFORDSHIRE MOORLANDS,E07000198,normalized_exact_per_year
STAFFORDSHIRE MOORLANDS,2020,STAFFORDSHIRE MOORLANDS,E07000198,normalized_exact_per_year
STAFFORDSHIRE MOORLANDS,2021,STAFFORDSHIRE MOORLANDS,E07000198,normalized_exact_per_year
STAFFORDSHIRE MOORLANDS,2022,STAFFORDSHIRE MOORLANDS,E07000198,normalized_exact_per_year
STAFFORDSHIRE MOORLANDS,2023,STAFFORDSHIRE MOORLANDS,E07000198,normalized_exact_per_year
STAFFORDSHIRE MOORLANDS,2024,STAFFORDSHIRE MOORLANDS,E07000198,normalized_exact_per_year
STAFFORDSHIRE MOORLANDS,2025,STAFFORDSHIRE MOORLANDS,E07000198,normalized_exact_per_year
STEVENAGE,2015,STEVENAGE,E07000243,normalized_exact_per_year
STEVENAGE,2016,STEVENAGE,E07000243,normalized_exact_per_year
STEVENAGE,2017,STEVENAGE,E07000243,normalized_exact_per_year
STEVENAGE,2018,STEVENAGE,E07000243,normalized_exact_per_year
STEVENAGE,2019,STEVENAGE,E07000243,normalized_exact_per_year
STEVENAGE,2020,STEVENAGE,E07000243,normalized_exact_per_year
STEVENAGE,2021,STEVENAGE,E07000243,normalized_exact_per_year
STEVENAGE,2022,STEVENAGE,E07000243,normalized_exact_per_year
STEVENAGE,2023,STEVENAGE,E07000243,normalized_exact_per_year
STEVENAGE,2024,STEVENAGE,E07000243,normalized_exact_per_year
STEVENAGE,2025,STEVENAGE,E07000243,normalized_exact_per_year
STOCKPORT,2015,STOCKPORT,E08000007,normalized_exact_per_year
STOCKPORT,2016,STOCKPORT,E08000007,normalized_exact_per_year
STOCKPORT,2017,STOCKPORT,E08000007,normalized_exact_per_year
STOCKPORT,2018,STOCKPORT,E08000007,normalized_exact_per_year
STOCKPORT,2019,STOCKPORT,E08000007,normalized_exact_per_year
STOCKPORT,2020,STOCKPORT,E08000007,normalized_exact_per_year
STOCKPORT,2021,STOCKPORT,E08000007,normalized_exact_per_year
STOCKPORT,2022,STOCKPORT,E08000007,normalized_exact_per_year
STOCKPORT,2023,STOCKPORT,E08000007,normalized_exact_per_year
STOCKPORT,2024,STOCKPORT,E08000007,normalized_exact_per_year
STOCKPORT,2025,STOCKPORT,E08000007,normalized_exact_per_year
STOCKTON-ON-TEES,2015,STOCKTONONTEES,E06000004,normalized_exact_per_year
STOCKTON-ON-TEES,2016,STOCKTONONTEES,E06000004,normalized_exact_per_year
STOCKTON-ON-TEES,2017,STOCKTONONTEES,E06000004,normalized_exact_per_year
STOCKTON-ON-TEES,2018,STOCKTONONTEES,E06000004,normalized_exact_per_year
STOCKTON-ON-TEES,2019,STOCKTONONTEES,E06000004,normalized_exact_per_year
STOCKTON-ON-TEES,2020,STOCKTONONTEES,E06000004,normalized_exact_per_year
STOCKTON-ON-TEES,2021,STOCKTONONTEES,E06000004,normalized_exact_per_year
STOCKTON-ON-TEES,2022,STOCKTONONTEES,E06000004,normalized_exact_per_year
STOCKTON-ON-TEES,2023,STOCKTONONTEES,E06000004,normalized_exact_per_year
STOCKTON-ON-TEES,2024,STOCKTONONTEES,E06000004,normalized_exact_per_year
STOCKTON-ON-TEES,2025,STOCKTONONTEES,E06000004,normalized_exact_per_year
STOKE-ON-TRENT,2015,STOKEONTRENT,E06000021,normalized_exact_per_year
STOKE-ON-TRENT,2016,STOKEONTRENT,E06000021,normalized_exact_per_year
STOKE-ON-TRENT,2017,STOKEONTRENT,E06000021,normalized_exact_per_year
STOKE-ON-TRENT,2018,STOKEONTRENT,E06000021,normalized_exact_per_year
STOKE-ON-TRENT,2019,STOKEONTRENT,E06000021,normalized_exact_per_year
STOKE-ON-TRENT,2020,STOKEONTRENT,E06000021,normalized_exact_per_year
STOKE-ON-TRENT,2021,STOKEONTRENT,E06000021,normalized_exact_per_year
STOKE-ON-TRENT,2022,STOKEONTRENT,E06000021,normalized_exact_per_year
STOKE-ON-TRENT,2023,STOKEONTRENT,E06000021,normalized_exact_per_year
STOKE-ON-TRENT,2024,STOKEONTRENT,E06000021,normalized_exact_per_year
STOKE-ON-TRENT,2025,STOKEONTRENT,E06000021,normalized_exact_per_year
STRATFORD-ON-AVON,2015,STRATFORDONAVON,E07000221,normalized_exact_per_year
STRATFORD-ON-AVON,2016,STRATFORDONAVON,E07000221,normalized_exact_per_year
STRATFORD-ON-AVON,2017,STRATFORDONAVON,E07000221,normalized_exact_per_year
STRATFORD-ON-AVON,2018,STRATFORDONAVON,E07000221,normalized_exact_per_year
STRATFORD-ON-AVON,2019,STRATFORDONAVON,E07000221,normalized_exact_per_year
STRATFORD-ON-AVON,2020,STRATFORDONAVON,E07000221,normalized_exact_per_year
STRATFORD-ON-AVON,2021,STRATFORDONAVON,E07000221,normalized_exact_per_year
STRATFORD-ON-AVON,2022,STRATFORDONAVON,E07000221,normalized_exact_per_year
STRATFORD-ON-AVON,2023,STRATFORDONAVON,E07000221,normalized_exact_per_year
STRATFORD-ON-AVON,2024,STRATFORDONAVON,E07000221,normalized_exact_per_year
STRATFORD-ON-AVON,2025,STRATFORDONAVON,E07000221,normalized_exact_per_year
STROUD,2015,STROUD,E07000082,normalized_exact_per_year
STROUD,2016,STROUD,E07000082,normalized_exact_per_year
STROUD,2017,STROUD,E07000082,normalized_exact_per_year
STROUD,2018,STROUD,E07000082,normalized_exact_per_year
STROUD,2019,STROUD,E07000082,normalized_exact_per_year
STROUD,2020,STROUD,E07000082,normalized_exact_per_year
STROUD,2021,STROUD,E07000082,normalized_exact_per_year
STROUD,2022,STROUD,E07000082,normalized_exact_per_year
STROUD,2023,STROUD,E07000082,normalized_exact_per_year
STROUD,2024,STROUD,E07000082,normalized_exact_per_year
STROUD,2025,STROUD,E07000082,normalized_exact_per_year
SUFFOLK COASTAL,2015,SUFFOLK COASTAL,E07000205,normalized_exact_per_year
SUFFOLK COASTAL,2016,SUFFOLK COASTAL,E07000205,normalized_exact_per_year
SUFFOLK COASTAL,2017,SUFFOLK COASTAL,E07000205,normalized_exact_per_year
SUNDERLAND,2015,SUNDERLAND,E08000024,normalized_exact_per_year
SUNDERLAND,2016,SUNDERLAND,E08000024,normalized_exact_per_year
SUNDERLAND,2017,SUNDERLAND,E08000024,normalized_exact_per_year
SUNDERLAND,2018,SUNDERLAND,E08000024,normalized_exact_per_year
SUNDERLAND,2019,SUNDERLAND,E08000024,normalized_exact_per_year
SUNDERLAND,2020,SUNDERLAND,E08000024,normalized_exact_per_year
SUNDERLAND,2021,SUNDERLAND,E08000024,normalized_exact_per_year
SUNDERLAND,2022,SUNDERLAND,E08000024,normalized_exact_per_year
SUNDERLAND,2023,SUNDERLAND,E08000024,normalized_exact_per_year
SUNDERLAND,2024,SUNDERLAND,E08000024,normalized_exact_per_year
SUNDERLAND,2025,SUNDERLAND,E08000024,normalized_exact_per_year
SURREY HEATH,2015,SURREY HEATH,E07000214,normalized_exact_per_year
SURREY HEATH,2016,SURREY HEATH,E07000214,normalized_exact_per_year
SURREY HEATH,2017,SURREY HEATH,E07000214,normalized_exact_per_year
SURREY HEATH,2018,SURREY HEATH,E07000214,normalized_exact_per_year
SURREY HEATH,2019,SURREY HEATH,E07000214,normalized_exact_per_year
SURREY HEATH,2020,SURREY HEATH,E07000214,normalized_exact_per_year
SURREY HEATH,2021,SURREY HEATH,E07000214,normalized_exact_per_year
SURREY HEATH,2022,SURREY HEATH,E07000214,normalized_exact_per_year
SURREY HEATH,2023,SURREY HEATH,E07000214,normalized_exact_per_year
SURREY HEATH,2024,SURREY HEATH,E07000214,normalized_exact_per_year
SURREY HEATH,2025,SURREY HEATH,E07000214,normalized_exact_per_year
SUTTON,2015,SUTTON,E09000029,normalized_exact_per_year
SUTTON,2016,SUTTON,E09000029,normalized_exact_per_year
SUTTON,2017,SUTTON,E09000029,normalized_exact_per_year
SUTTON,2018,SUTTON,E09000029,normalized_exact_per_year
SUTTON,2019,SUTTON,E09000029,normalized_exact_per_year
SUTTON,2020,SUTTON,E09000029,normalized_exact_per_year
SUTTON,2021,SUTTON,E09000029,normalized_exact_per_year
SUTTON,2022,SUTTON,E09000029,normalized_exact_per_year
SUTTON,2023,SUTTON,E09000029,normalized_exact_per_year
SUTTON,2024,SUTTON,E09000029,normalized_exact_per_year
SUTTON,2025,SUTTON,E09000029,normalized_exact_per_year
SWALE,2015,SWALE,E07000113,normalized_exact_per_year
SWALE,2016,SWALE,E07000113,normalized_exact_per_year
SWALE,2017,SWALE,E07000113,normalized_exact_per_year
SWALE,2018,SWALE,E07000113,normalized_exact_per_year
SWALE,2019,SWALE,E07000113,normalized_exact_per_year
SWALE,2020,SWALE,E07000113,normalized_exact_per_year
SWALE,2021,SWALE,E07000113,normalized_exact_per_year
SWALE,2022,SWALE,E07000113,normalized_exact_per_year
SWALE,2023,SWALE,E07000113,normalized_exact_per_year
SWALE,2024,SWALE,E07000113,normalized_exact_per_year
SWALE,2025,SWALE,E07000113,normalized_exact_per_year
SWANSEA,2015,SWANSEA,W06000011,normalized_exact_per_year
SWANSEA,2016,SWANSEA,W06000011,normalized_exact_per_year
SWANSEA,2017,SWANSEA,W06000011,normalized_exact_per_year
SWANSEA,2018,SWANSEA,W06000011,normalized_exact_per_year
SWANSEA,2019,SWANSEA,W06000011,normalized_exact_per_year
SWANSEA,2020,SWANSEA,W06000011,normalized_exact_per_year
SWANSEA,2021,SWANSEA,W06000011,normalized_exact_per_year
SWANSEA,2022,SWANSEA,W06000011,normalized_exact_per_year
SWANSEA,2023,SWANSEA,W06000011,normalized_exact_per_year
SWANSEA,2024,SWANSEA,W06000011,normalized_exact_per_year
SWANSEA,2025,SWANSEA,W06000011,normalized_exact_per_year
SWINDON,2015,SWINDON,E06000030,normalized_exact_per_year
SWINDON,2016,SWINDON,E06000030,normalized_exact_per_year
SWINDON,2017,SWINDON,E06000030,normalized_exact_per_year
SWINDON,2018,SWINDON,E06000030,normalized_exact_per_year
SWINDON,2019,SWINDON,E06000030,normalized_exact_per_year
SWINDON,2020,SWINDON,E06000030,normalized_exact_per_year
SWINDON,2021,SWINDON,E06000030,normalized_exact_per_year
SWINDON,2022,SWINDON,E06000030,normalized_exact_per_year
SWINDON,2023,SWINDON,E06000030,normalized_exact_per_year
SWINDON,2024,SWINDON,E06000030,normalized_exact_per_year
SWINDON,2025,SWINDON,E06000030,normalized_exact_per_year
TAMESIDE,2015,TAMESIDE,E08000008,normalized_exact_per_year
TAMESIDE,2016,TAMESIDE,E08000008,normalized_exact_per_year
TAMESIDE,2017,TAMESIDE,E08000008,normalized_exact_per_year
TAMESIDE,2018,TAMESIDE,E08000008,normalized_exact_per_year
TAMESIDE,2019,TAMESIDE,E08000008,normalized_exact_per_year
TAMESIDE,2020,TAMESIDE,E08000008,normalized_exact_per_year
TAMESIDE,2021,TAMESIDE,E08000008,normalized_exact_per_year
TAMESIDE,2022,TAMESIDE,E08000008,normalized_exact_per_year
TAMESIDE,2023,TAMESIDE,E08000008,normalized_exact_per_year
TAMESIDE,2024,TAMESIDE,E08000008,normalized_exact_per_year
TAMESIDE,2025,TAMESIDE,E08000008,normalized_exact_per_year
TAMWORTH,2015,TAMWORTH,E07000199,normalized_exact_per_year
TAMWORTH,2016,TAMWORTH,E07000199,normalized_exact_per_year
TAMWORTH,2017,TAMWORTH,E07000199,normalized_exact_per_year
TAMWORTH,2018,TAMWORTH,E07000199,normalized_exact_per_year
TAMWORTH,2019,TAMWORTH,E07000199,normalized_exact_per_year
TAMWORTH,2020,TAMWORTH,E07000199,normalized_exact_per_year
TAMWORTH,2021,TAMWORTH,E07000199,normalized_exact_per_year
TAMWORTH,2022,TAMWORTH,E07000199,normalized_exact_per_year
TAMWORTH,2023,TAMWORTH,E07000199,normalized_exact_per_year
TAMWORTH,2024,TAMWORTH,E07000199,normalized_exact_per_year
TAMWORTH,2025,TAMWORTH,E07000199,normalized_exact_per_year
TANDRIDGE,2015,TANDRIDGE,E07000215,normalized_exact_per_year
TANDRIDGE,2016,TANDRIDGE,E07000215,normalized_exact_per_year
TANDRIDGE,2017,TANDRIDGE,E07000215,normalized_exact_per_year
TANDRIDGE,2018,TANDRIDGE,E07000215,normalized_exact_per_year
TANDRIDGE,2019,TANDRIDGE,E07000215,normalized_exact_per_year
TANDRIDGE,2020,TANDRIDGE,E07000215,normalized_exact_per_year
TANDRIDGE,2021,TANDRIDGE,E07000215,normalized_exact_per_year
TANDRIDGE,2022,TANDRIDGE,E07000215,normalized_exact_per_year
TANDRIDGE,2023,TANDRIDGE,E07000215,normalized_exact_per_year
TANDRIDGE,2024,TANDRIDGE,E07000215,normalized_exact_per_year
TANDRIDGE,2025,TANDRIDGE,E07000215,normalized_exact_per_year
TAUNTON DEANE,2015,TAUNTON DEANE,E07000190,normalized_exact_per_year
TAUNTON DEANE,2016,TAUNTON DEANE,E07000190,normalized_exact_per_year
TAUNTON DEANE,2017,TAUNTON DEANE,E07000190,normalized_exact_per_year
TEIGNBRIDGE,2015,TEIGNBRIDGE,E07000045,normalized_exact_per_year
TEIGNBRIDGE,2016,TEIGNBRIDGE,E07000045,normalized_exact_per_year
TEIGNBRIDGE,2017,TEIGNBRIDGE,E07000045,normalized_exact_per_year
TEIGNBRIDGE,2018,TEIGNBRIDGE,E07000045,normalized_exact_per_year
TEIGNBRIDGE,2019,TEIGNBRIDGE,E07000045,normalized_exact_per_year
TEIGNBRIDGE,2020,TEIGNBRIDGE,E07000045,normalized_exact_per_year
TEIGNBRIDGE,2021,TEIGNBRIDGE,E07000045,normalized_exact_per_year
TEIGNBRIDGE,2022,TEIGNBRIDGE,E07000045,normalized_exact_per_year
TEIGNBRIDGE,2023,TEIGNBRIDGE,E07000045,normalized_exact_per_year
TEIGNBRIDGE,2024,TEIGNBRIDGE,E07000045,normalized_exact_per_year
TEIGNBRIDGE,2025,TEIGNBRIDGE,E07000045,normalized_exact_per_year
TENDRING,2015,TENDRING,E07000076,normalized_exact_per_year
TENDRING,2016,TENDRING,E07000076,normalized_exact_per_year
TENDRING,2017,TENDRING,E07000076,normalized_exact_per_year
TENDRING,2018,TENDRING,E07000076,normalized_exact_per_year
TENDRING,2019,TENDRING,E07000076,normalized_exact_per_year
TENDRING,2020,TENDRING,E07000076,normalized_exact_per_year
TENDRING,2021,TENDRING,E07000076,normalized_exact_per_year
TENDRING,2022,TENDRING,E07000076,normalized_exact_per_year
TENDRING,2023,TENDRING,E07000076,normalized_exact_per_year
TENDRING,2024,TENDRING,E07000076,normalized_exact_per_year
TENDRING,2025,TENDRING,E07000076,normalized_exact_per_year
TEST VALLEY,2015,TEST VALLEY,E07000093,normalized_exact_per_year
TEST VALLEY,2016,TEST VALLEY,E07000093,normalized_exact_per_year
TEST VALLEY,2017,TEST VALLEY,E07000093,normalized_exact_per_year
TEST VALLEY,2018,TEST VALLEY,E07000093,normalized_exact_per_year
TEST VALLEY,2019,TEST VALLEY,E07000093,normalized_exact_per_year
TEST VALLEY,2020,TEST VALLEY,E07000093,normalized_exact_per_year
TEST VALLEY,2021,TEST VALLEY,E07000093,normalized_exact_per_year
TEST VALLEY,2022,TEST VALLEY,E07000093,normalized_exact_per_year
TEST VALLEY,2023,TEST VALLEY,E07000093,normalized_exact_per_year
TEST VALLEY,2024,TEST VALLEY,E07000093,normalized_exact_per_year
TEST VALLEY,2025,TEST VALLEY,E07000093,normalized_exact_per_year
TEWKESBURY,2015,TEWKESBURY,E07000083,normalized_exact_per_year
TEWKESBURY,2016,TEWKESBURY,E07000083,normalized_exact_per_year
TEWKESBURY,2017,TEWKESBURY,E07000083,normalized_exact_per_year
TEWKESBURY,2018,TEWKESBURY,E07000083,normalized_exact_per_year
TEWKESBURY,2019,TEWKESBURY,E07000083,normalized_exact_per_year
TEWKESBURY,2020,TEWKESBURY,E07000083,normalized_exact_per_year
TEWKESBURY,2021,TEWKESBURY,E07000083,normalized_exact_per_year
TEWKESBURY,2022,TEWKESBURY,E07000083,normalized_exact_per_year
TEWKESBURY,2023,TEWKESBURY,E07000083,normalized_exact_per_year
TEWKESBURY,2024,TEWKESBURY,E07000083,normalized_exact_per_year
TEWKESBURY,2025,TEWKESBURY,E07000083,normalized_exact_per_year
THANET,2015,THANET,E07000114,normalized_exact_per_year
THANET,2016,THANET,E07000114,normalized_exact_per_year
THANET,2017,THANET,E07000114,normalized_exact_per_year
THANET,2018,THANET,E07000114,normalized_exact_per_year
THANET,2019,THANET,E07000114,normalized_exact_per_year
THANET,2020,THANET,E07000114,normalized_exact_per_year
THANET,2021,THANET,E07000114,normalized_exact_per_year
THANET,2022,THANET,E07000114,normalized_exact_per_year
THANET,2023,THANET,E07000114,normalized_exact_per_year
THANET,2024,THANET,E07000114,normalized_exact_per_year
THANET,2025,THANET,E07000114,normalized_exact_per_year
THE VALE OF GLAMORGAN,2015,VALE OF GLAMORGAN,W06000014,normalized_exact_per_year
THE VALE OF GLAMORGAN,2016,VALE OF GLAMORGAN,W06000014,normalized_exact_per_year
THE VALE OF GLAMORGAN,2017,VALE OF GLAMORGAN,W06000014,normalized_exact_per_year
THE VALE OF GLAMORGAN,2018,VALE OF GLAMORGAN,W06000014,normalized_exact_per_year
THE VALE OF GLAMORGAN,2019,VALE OF GLAMORGAN,W06000014,normalized_exact_per_year
THE VALE OF GLAMORGAN,2020,VALE OF GLAMORGAN,W06000014,normalized_exact_per_year
THE VALE OF GLAMORGAN,2021,VALE OF GLAMORGAN,W06000014,normalized_exact_per_year
THE VALE OF GLAMORGAN,2022,VALE OF GLAMORGAN,W06000014,normalized_exact_per_year
THE VALE OF GLAMORGAN,2023,VALE OF GLAMORGAN,W06000014,normalized_exact_per_year
THE VALE OF GLAMORGAN,2024,VALE OF GLAMORGAN,W06000014,normalized_exact_per_year
THE VALE OF GLAMORGAN,2025,VALE OF GLAMORGAN,W06000014,normalized_exact_per_year
THREE RIVERS,2015,THREE RIVERS,E07000102,normalized_exact_per_year
THREE RIVERS,2016,THREE RIVERS,E07000102,normalized_exact_per_year
THREE RIVERS,2017,THREE RIVERS,E07000102,normalized_exact_per_year
THREE RIVERS,2018,THREE RIVERS,E07000102,normalized_exact_per_year
THREE RIVERS,2019,THREE RIVERS,E07000102,normalized_exact_per_year
THREE RIVERS,2020,THREE RIVERS,E07000102,normalized_exact_per_year
THREE RIVERS,2021,THREE RIVERS,E07000102,normalized_exact_per_year
THREE RIVERS,2022,THREE RIVERS,E07000102,normalized_exact_per_year
THREE RIVERS,2023,THREE RIVERS,E07000102,normalized_exact_per_year
THREE RIVERS,2024,THREE RIVERS,E07000102,normalized_exact_per_year
THREE RIVERS,2025,THREE RIVERS,E07000102,normalized_exact_per_year
THURROCK,2015,THURROCK,E06000034,normalized_exact_per_year
THURROCK,2016,THURROCK,E06000034,normalized_exact_per_year
THURROCK,2017,THURROCK,E06000034,normalized_exact_per_year
THURROCK,2018,THURROCK,E06000034,normalized_exact_per_year
THURROCK,2019,THURROCK,E06000034,normalized_exact_per_year
THURROCK,2020,THURROCK,E06000034,normalized_exact_per_year
THURROCK,2021,THURROCK,E06000034,normalized_exact_per_year
THURROCK,2022,THURROCK,E06000034,normalized_exact_per_year
THURROCK,2023,THURROCK,E06000034,normalized_exact_per_year
THURROCK,2024,THURROCK,E06000034,normalized_exact_per_year
THURROCK,2025,THURROCK,E06000034,normalized_exact_per_year
TONBRIDGE AND MALLING,2015,TONBRIDGE AND MALLING,E07000115,normalized_exact_per_year
TONBRIDGE AND MALLING,2016,TONBRIDGE AND MALLING,E07000115,normalized_exact_per_year
TONBRIDGE AND MALLING,2017,TONBRIDGE AND MALLING,E07000115,normalized_exact_per_year
TONBRIDGE AND MALLING,2018,TONBRIDGE AND MALLING,E07000115,normalized_exact_per_year
TONBRIDGE AND MALLING,2019,TONBRIDGE AND MALLING,E07000115,normalized_exact_per_year
TONBRIDGE AND MALLING,2020,TONBRIDGE AND MALLING,E07000115,normalized_exact_per_year
TONBRIDGE AND MALLING,2021,TONBRIDGE AND MALLING,E07000115,normalized_exact_per_year
TONBRIDGE AND MALLING,2022,TONBRIDGE AND MALLING,E07000115,normalized_exact_per_year
TONBRIDGE AND MALLING,2023,TONBRIDGE AND MALLING,E07000115,normalized_exact_per_year
TONBRIDGE AND MALLING,2024,TONBRIDGE AND MALLING,E07000115,normalized_exact_per_year
TONBRIDGE AND MALLING,2025,TONBRIDGE AND MALLING,E07000115,normalized_exact_per_year
TORBAY,2015,TORBAY,E06000027,normalized_exact_per_year
TORBAY,2016,TORBAY,E06000027,normalized_exact_per_year
TORBAY,2017,TORBAY,E06000027,normalized_exact_per_year
TORBAY,2018,TORBAY,E06000027,normalized_exact_per_year
TORBAY,2019,TORBAY,E06000027,normalized_exact_per_year
TORBAY,2020,TORBAY,E06000027,normalized_exact_per_year
TORBAY,2021,TORBAY,E06000027,normalized_exact_per_year
TORBAY,2022,TORBAY,E06000027,normalized_exact_per_year
TORBAY,2023,TORBAY,E06000027,normalized_exact_per_year
TORBAY,2024,TORBAY,E06000027,normalized_exact_per_year
TORBAY,2025,TORBAY,E06000027,normalized_exact_per_year
TORFAEN,2015,TORFAEN,W06000020,normalized_exact_per_year
TORFAEN,2016,TORFAEN,W06000020,normalized_exact_per_year
TORFAEN,2017,TORFAEN,W06000020,normalized_exact_per_year
TORFAEN,2018,TORFAEN,W06000020,normalized_exact_per_year
TORFAEN,2019,TORFAEN,W06000020,normalized_exact_per_year
TORFAEN,2020,TORFAEN,W06000020,normalized_exact_per_year
TORFAEN,2021,TORFAEN,W06000020,normalized_exact_per_year
TORFAEN,2022,TORFAEN,W06000020,normalized_exact_per_year
TORFAEN,2023,TORFAEN,W06000020,normalized_exact_per_year
TORFAEN,2024,TORFAEN,W06000020,normalized_exact_per_year
TORFAEN,2025,TORFAEN,W06000020,normalized_exact_per_year
TORRIDGE,2015,TORRIDGE,E07000046,normalized_exact_per_year
TORRIDGE,2016,TORRIDGE,E07000046,normalized_exact_per_year
TORRIDGE,2017,TORRIDGE,E07000046,normalized_exact_per_year
TORRIDGE,2018,TORRIDGE,E07000046,normalized_exact_per_year
TORRIDGE,2019,TORRIDGE,E07000046,normalized_exact_per_year
TORRIDGE,2020,TORRIDGE,E07000046,normalized_exact_per_year
TORRIDGE,2021,TORRIDGE,E07000046,normalized_exact_per_year
TORRIDGE,2022,TORRIDGE,E07000046,normalized_exact_per_year
TORRIDGE,2023,TORRIDGE,E07000046,normalized_exact_per_year
TORRIDGE,2024,TORRIDGE,E07000046,normalized_exact_per_year
TORRIDGE,2025,TORRIDGE,E07000046,normalized_exact_per_year
TOWER HAMLETS,2015,TOWER HAMLETS,E09000030,normalized_exact_per_year
TOWER HAMLETS,2016,TOWER HAMLETS,E09000030,normalized_exact_per_year
TOWER HAMLETS,2017,TOWER HAMLETS,E09000030,normalized_exact_per_year
TOWER HAMLETS,2018,TOWER HAMLETS,E09000030,normalized_exact_per_year
TOWER HAMLETS,2019,TOWER HAMLETS,E09000030,normalized_exact_per_year
TOWER HAMLETS,2020,TOWER HAMLETS,E09000030,normalized_exact_per_year
TOWER HAMLETS,2021,TOWER HAMLETS,E09000030,normalized_exact_per_year
TOWER HAMLETS,2022,TOWER HAMLETS,E09000030,normalized_exact_per_year
TOWER HAMLETS,2023,TOWER HAMLETS,E09000030,normalized_exact_per_year
TOWER HAMLETS,2024,TOWER HAMLETS,E09000030,normalized_exact_per_year
TOWER HAMLETS,2025,TOWER HAMLETS,E09000030,normalized_exact_per_year
TRAFFORD,2015,TRAFFORD,E08000009,normalized_exact_per_year
TRAFFORD,2016,TRAFFORD,E08000009,normalized_exact_per_year
TRAFFORD,2017,TRAFFORD,E08000009,normalized_exact_per_year
TRAFFORD,2018,TRAFFORD,E08000009,normalized_exact_per_year
TRAFFORD,2019,TRAFFORD,E08000009,normalized_exact_per_year
TRAFFORD,2020,TRAFFORD,E08000009,normalized_exact_per_year
TRAFFORD,2021,TRAFFORD,E08000009,normalized_exact_per_year
TRAFFORD,2022,TRAFFORD,E08000009,normalized_exact_per_year
TRAFFORD,2023,TRAFFORD,E08000009,normalized_exact_per_year
TRAFFORD,2024,TRAFFORD,E08000009,normalized_exact_per_year
TRAFFORD,2025,TRAFFORD,E08000009,normalized_exact_per_year
TUNBRIDGE WELLS,2015,TUNBRIDGE WELLS,E07000116,normalized_exact_per_year
TUNBRIDGE WELLS,2016,TUNBRIDGE WELLS,E07000116,normalized_exact_per_year
TUNBRIDGE WELLS,2017,TUNBRIDGE WELLS,E07000116,normalized_exact_per_year
TUNBRIDGE WELLS,2018,TUNBRIDGE WELLS,E07000116,normalized_exact_per_year
TUNBRIDGE WELLS,2019,TUNBRIDGE WELLS,E07000116,normalized_exact_per_year
TUNBRIDGE WELLS,2020,TUNBRIDGE WELLS,E07000116,normalized_exact_per_year
TUNBRIDGE WELLS,2021,TUNBRIDGE WELLS,E07000116,normalized_exact_per_year
TUNBRIDGE WELLS,2022,TUNBRIDGE WELLS,E07000116,normalized_exact_per_year
TUNBRIDGE WELLS,2023,TUNBRIDGE WELLS,E07000116,normalized_exact_per_year
TUNBRIDGE WELLS,2024,TUNBRIDGE WELLS,E07000116,normalized_exact_per_year
TUNBRIDGE WELLS,2025,TUNBRIDGE WELLS,E07000116,normalized_exact_per_year
UTTLESFORD,2015,UTTLESFORD,E07000077,normalized_exact_per_year
UTTLESFORD,2016,UTTLESFORD,E07000077,normalized_exact_per_year
UTTLESFORD,2017,UTTLESFORD,E07000077,normalized_exact_per_year
UTTLESFORD,2018,UTTLESFORD,E07000077,normalized_exact_per_year
UTTLESFORD,2019,UTTLESFORD,E07000077,normalized_exact_per_year
UTTLESFORD,2020,UTTLESFORD,E07000077,normalized_exact_per_year
UTTLESFORD,2021,UTTLESFORD,E07000077,normalized_exact_per_year
UTTLESFORD,2022,UTTLESFORD,E07000077,normalized_exact_per_year
UTTLESFORD,2023,UTTLESFORD,E07000077,normalized_exact_per_year
UTTLESFORD,2024,UTTLESFORD,E07000077,normalized_exact_per_year
UTTLESFORD,2025,UTTLESFORD,E07000077,normalized_exact_per_year
VALE OF WHITE HORSE,2015,VALE OF WHITE HORSE,E07000180,normalized_exact_per_year
VALE OF WHITE HORSE,2016,VALE OF WHITE HORSE,E07000180,normalized_exact_per_year
VALE OF WHITE HORSE,2017,VALE OF WHITE HORSE,E07000180,normalized_exact_per_year
VALE OF WHITE HORSE,2018,VALE OF WHITE HORSE,E07000180,normalized_exact_per_year
VALE OF WHITE HORSE,2019,VALE OF WHITE HORSE,E07000180,normalized_exact_per_year
VALE OF WHITE HORSE,2020,VALE OF WHITE HORSE,E07000180,normalized_exact_per_year
VALE OF WHITE HORSE,2021,VALE OF WHITE HORSE,E07000180,normalized_exact_per_year
VALE OF WHITE HORSE,2022,VALE OF WHITE HORSE,E07000180,normalized_exact_per_year
VALE OF WHITE HORSE,2023,VALE OF WHITE HORSE,E07000180,normalized_exact_per_year
VALE OF WHITE HORSE,2024,VALE OF WHITE HORSE,E07000180,normalized_exact_per_year
VALE OF WHITE HORSE,2025,VALE OF WHITE HORSE,E07000180,normalized_exact_per_year
WAKEFIELD,2015,WAKEFIELD,E08000036,normalized_exact_per_year
WAKEFIELD,2016,WAKEFIELD,E08000036,normalized_exact_per_year
WAKEFIELD,2017,WAKEFIELD,E08000036,normalized_exact_per_year
WAKEFIELD,2018,WAKEFIELD,E08000036,normalized_exact_per_year
WAKEFIELD,2019,WAKEFIELD,E08000036,normalized_exact_per_year
WAKEFIELD,2020,WAKEFIELD,E08000036,normalized_exact_per_year
WAKEFIELD,2021,WAKEFIELD,E08000036,normalized_exact_per_year
WAKEFIELD,2022,WAKEFIELD,E08000036,normalized_exact_per_year
WAKEFIELD,2023,WAKEFIELD,E08000036,normalized_exact_per_year
WAKEFIELD,2024,WAKEFIELD,E08000036,normalized_exact_per_year
WAKEFIELD,2025,WAKEFIELD,E08000036,normalized_exact_per_year
WALSALL,2015,WALSALL,E08000030,normalized_exact_per_year
WALSALL,2016,WALSALL,E08000030,normalized_exact_per_year
WALSALL,2017,WALSALL,E08000030,normalized_exact_per_year
WALSALL,2018,WALSALL,E08000030,normalized_exact_per_year
WALSALL,2019,WALSALL,E08000030,normalized_exact_per_year
WALSALL,2020,WALSALL,E08000030,normalized_exact_per_year
WALSALL,2021,WALSALL,E08000030,normalized_exact_per_year
WALSALL,2022,WALSALL,E08000030,normalized_exact_per_year
WALSALL,2023,WALSALL,E08000030,normalized_exact_per_year
WALSALL,2024,WALSALL,E08000030,normalized_exact_per_year
WALSALL,2025,WALSALL,E08000030,normalized_exact_per_year
WALTHAM FOREST,2015,WALTHAM FOREST,E09000031,normalized_exact_per_year
WALTHAM FOREST,2016,WALTHAM FOREST,E09000031,normalized_exact_per_year
WALTHAM FOREST,2017,WALTHAM FOREST,E09000031,normalized_exact_per_year
WALTHAM FOREST,2018,WALTHAM FOREST,E09000031,normalized_exact_per_year
WALTHAM FOREST,2019,WALTHAM FOREST,E09000031,normalized_exact_per_year
WALTHAM FOREST,2020,WALTHAM FOREST,E09000031,normalized_exact_per_year
WALTHAM FOREST,2021,WALTHAM FOREST,E09000031,normalized_exact_per_year
WALTHAM FOREST,2022,WALTHAM FOREST,E09000031,normalized_exact_per_year
WALTHAM FOREST,2023,WALTHAM FOREST,E09000031,normalized_exact_per_year
WALTHAM FOREST,2024,WALTHAM FOREST,E09000031,normalized_exact_per_year
WALTHAM FOREST,2025,WALTHAM FOREST,E09000031,normalized_exact_per_year
WANDSWORTH,2015,WANDSWORTH,E09000032,normalized_exact_per_year
WANDSWORTH,2016,WANDSWORTH,E09000032,normalized_exact_per_year
WANDSWORTH,2017,WANDSWORTH,E09000032,normalized_exact_per_year
WANDSWORTH,2018,WANDSWORTH,E09000032,normalized_exact_per_year
WANDSWORTH,2019,WANDSWORTH,E09000032,normalized_exact_per_year
WANDSWORTH,2020,WANDSWORTH,E09000032,normalized_exact_per_year
WANDSWORTH,2021,WANDSWORTH,E09000032,normalized_exact_per_year
WANDSWORTH,2022,WANDSWORTH,E09000032,normalized_exact_per_year
WANDSWORTH,2023,WANDSWORTH,E09000032,normalized_exact_per_year
WANDSWORTH,2024,WANDSWORTH,E09000032,normalized_exact_per_year
WANDSWORTH,2025,WANDSWORTH,E09000032,normalized_exact_per_year
WARRINGTON,2015,WARRINGTON,E06000007,normalized_exact_per_year
WARRINGTON,2016,WARRINGTON,E06000007,normalized_exact_per_year
WARRINGTON,2017,WARRINGTON,E06000007,normalized_exact_per_year
WARRINGTON,2018,WARRINGTON,E06000007,normalized_exact_per_year
WARRINGTON,2019,WARRINGTON,E06000007,normalized_exact_per_year
WARRINGTON,2020,WARRINGTON,E06000007,normalized_exact_per_year
WARRINGTON,2021,WARRINGTON,E06000007,normalized_exact_per_year
WARRINGTON,2022,WARRINGTON,E06000007,normalized_exact_per_year
WARRINGTON,2023,WARRINGTON,E06000007,normalized_exact_per_year
WARRINGTON,2024,WARRINGTON,E06000007,normalized_exact_per_year
WARRINGTON,2025,WARRINGTON,E06000007,normalized_exact_per_year
WARWICK,2015,WARWICK,E07000222,normalized_exact_per_year
WARWICK,2016,WARWICK,E07000222,normalized_exact_per_year
WARWICK,2017,WARWICK,E07000222,normalized_exact_per_year
WARWICK,2018,WARWICK,E07000222,normalized_exact_per_year
WARWICK,2019,WARWICK,E07000222,normalized_exact_per_year
WARWICK,2020,WARWICK,E07000222,normalized_exact_per_year
WARWICK,2021,WARWICK,E07000222,normalized_exact_per_year
WARWICK,2022,WARWICK,E07000222,normalized_exact_per_year
WARWICK,2023,WARWICK,E07000222,normalized_exact_per_year
WARWICK,2024,WARWICK,E07000222,normalized_exact_per_year
WARWICK,2025,WARWICK,E07000222,normalized_exact_per_year
WATFORD,2015,WATFORD,E07000103,normalized_exact_per_year
WATFORD,2016,WATFORD,E07000103,normalized_exact_per_year
WATFORD,2017,WATFORD,E07000103,normalized_exact_per_year
WATFORD,2018,WATFORD,E07000103,normalized_exact_per_year
WATFORD,2019,WATFORD,E07000103,normalized_exact_per_year
WATFORD,2020,WATFORD,E07000103,normalized_exact_per_year
WATFORD,2021,WATFORD,E07000103,normalized_exact_per_year
WATFORD,2022,WATFORD,E07000103,normalized_exact_per_year
WATFORD,2023,WATFORD,E07000103,normalized_exact_per_year
WATFORD,2024,WATFORD,E07000103,normalized_exact_per_year
WATFORD,2025,WATFORD,E07000103,normalized_exact_per_year
WAVENEY,2015,WAVENEY,E07000206,normalized_exact_per_year
WAVENEY,2016,WAVENEY,E07000206,normalized_exact_per_year
WAVENEY,2017,WAVENEY,E07000206,normalized_exact_per_year
WAVERLEY,2015,WAVERLEY,E07000216,normalized_exact_per_year
WAVERLEY,2016,WAVERLEY,E07000216,normalized_exact_per_year
WAVERLEY,2017,WAVERLEY,E07000216,normalized_exact_per_year
WAVERLEY,2018,WAVERLEY,E07000216,normalized_exact_per_year
WAVERLEY,2019,WAVERLEY,E07000216,normalized_exact_per_year
WAVERLEY,2020,WAVERLEY,E07000216,normalized_exact_per_year
WAVERLEY,2021,WAVERLEY,E07000216,normalized_exact_per_year
WAVERLEY,2022,WAVERLEY,E07000216,normalized_exact_per_year
WAVERLEY,2023,WAVERLEY,E07000216,normalized_exact_per_year
WAVERLEY,2024,WAVERLEY,E07000216,normalized_exact_per_year
WAVERLEY,2025,WAVERLEY,E07000216,normalized_exact_per_year
WEALDEN,2015,WEALDEN,E07000065,normalized_exact_per_year
WEALDEN,2016,WEALDEN,E07000065,normalized_exact_per_year
WEALDEN,2017,WEALDEN,E07000065,normalized_exact_per_year
WEALDEN,2018,WEALDEN,E07000065,normalized_exact_per_year
WEALDEN,2019,WEALDEN,E07000065,normalized_exact_per_year
WEALDEN,2020,WEALDEN,E07000065,normalized_exact_per_year
WEALDEN,2021,WEALDEN,E07000065,normalized_exact_per_year
WEALDEN,2022,WEALDEN,E07000065,normalized_exact_per_year
WEALDEN,2023,WEALDEN,E07000065,normalized_exact_per_year
WEALDEN,2024,WEALDEN,E07000065,normalized_exact_per_year
WEALDEN,2025,WEALDEN,E07000065,normalized_exact_per_year
WELLINGBOROUGH,2015,WELLINGBOROUGH,E07000156,normalized_exact_per_year
WELLINGBOROUGH,2016,WELLINGBOROUGH,E07000156,normalized_exact_per_year
WELLINGBOROUGH,2017,WELLINGBOROUGH,E07000156,normalized_exact_per_year
WELLINGBOROUGH,2018,WELLINGBOROUGH,E07000156,normalized_exact_per_year
WELLINGBOROUGH,2019,WELLINGBOROUGH,E07000156,normalized_exact_per_year
WELWYN HATFIELD,2015,WELWYN HATFIELD,E07000241,normalized_exact_per_year
WELWYN HATFIELD,2016,WELWYN HATFIELD,E07000241,normalized_exact_per_year
WELWYN HATFIELD,2017,WELWYN HATFIELD,E07000241,normalized_exact_per_year
WELWYN HATFIELD,2018,WELWYN HATFIELD,E07000241,normalized_exact_per_year
WELWYN HATFIELD,2019,WELWYN HATFIELD,E07000241,normalized_exact_per_year
WELWYN HATFIELD,2020,WELWYN HATFIELD,E07000241,normalized_exact_per_year
WELWYN HATFIELD,2021,WELWYN HATFIELD,E07000241,normalized_exact_per_year
WELWYN HATFIELD,2022,WELWYN HATFIELD,E07000241,normalized_exact_per_year
WELWYN HATFIELD,2023,WELWYN HATFIELD,E07000241,normalized_exact_per_year
WELWYN HATFIELD,2024,WELWYN HATFIELD,E07000241,normalized_exact_per_year
WELWYN HATFIELD,2025,WELWYN HATFIELD,E07000241,normalized_exact_per_year
WEST BERKSHIRE,2015,WEST BERKSHIRE,E06000037,normalized_exact_per_year
WEST BERKSHIRE,2016,WEST BERKSHIRE,E06000037,normalized_exact_per_year
WEST BERKSHIRE,2017,WEST BERKSHIRE,E06000037,normalized_exact_per_year
WEST BERKSHIRE,2018,WEST BERKSHIRE,E06000037,normalized_exact_per_year
WEST BERKSHIRE,2019,WEST BERKSHIRE,E06000037,normalized_exact_per_year
WEST BERKSHIRE,2020,WEST BERKSHIRE,E06000037,normalized_exact_per_year
WEST BERKSHIRE,2021,WEST BERKSHIRE,E06000037,normalized_exact_per_year
WEST BERKSHIRE,2022,WEST BERKSHIRE,E06000037,normalized_exact_per_year
WEST BERKSHIRE,2023,WEST BERKSHIRE,E06000037,normalized_exact_per_year
WEST BERKSHIRE,2024,WEST BERKSHIRE,E06000037,normalized_exact_per_year
WEST BERKSHIRE,2025,WEST BERKSHIRE,E06000037,normalized_exact_per_year
WEST DEVON,2015,WEST DEVON,E07000047,normalized_exact_per_year
WEST DEVON,2016,WEST DEVON,E07000047,normalized_exact_per_year
WEST DEVON,2017,WEST DEVON,E07000047,normalized_exact_per_year
WEST DEVON,2018,WEST DEVON,E07000047,normalized_exact_per_year
WEST DEVON,2019,WEST DEVON,E07000047,normalized_exact_per_year
WEST DEVON,2020,WEST DEVON,E07000047,normalized_exact_per_year
WEST DEVON,2021,WEST DEVON,E07000047,normalized_exact_per_year
WEST DEVON,2022,WEST DEVON,E07000047,normalized_exact_per_year
WEST DEVON,2023,WEST DEVON,E07000047,normalized_exact_per_year
WEST DEVON,2024,WEST DEVON,E07000047,normalized_exact_per_year
WEST DEVON,2025,WEST DEVON,E07000047,normalized_exact_per_year
WEST DORSET,2015,WEST DORSET,E07000052,normalized_exact_per_year
WEST DORSET,2016,WEST DORSET,E07000052,normalized_exact_per_year
WEST DORSET,2017,WEST DORSET,E07000052,normalized_exact_per_year
WEST LANCASHIRE,2015,WEST LANCASHIRE,E07000127,normalized_exact_per_year
WEST LANCASHIRE,2016,WEST LANCASHIRE,E07000127,normalized_exact_per_year
WEST LANCASHIRE,2017,WEST LANCASHIRE,E07000127,normalized_exact_per_year
WEST LANCASHIRE,2018,WEST LANCASHIRE,E07000127,normalized_exact_per_year
WEST LANCASHIRE,2019,WEST LANCASHIRE,E07000127,normalized_exact_per_year
WEST LANCASHIRE,2020,WEST LANCASHIRE,E07000127,normalized_exact_per_year
WEST LANCASHIRE,2021,WEST LANCASHIRE,E07000127,normalized_exact_per_year
WEST LANCASHIRE,2022,WEST LANCASHIRE,E07000127,normalized_exact_per_year
WEST LANCASHIRE,2023,WEST LANCASHIRE,E07000127,normalized_exact_per_year
WEST LANCASHIRE,2024,WEST LANCASHIRE,E07000127,normalized_exact_per_year
WEST LANCASHIRE,2025,WEST LANCASHIRE,E07000127,normalized_exact_per_year
WEST LINDSEY,2015,WEST LINDSEY,E07000142,normalized_exact_per_year
WEST LINDSEY,2016,WEST LINDSEY,E07000142,normalized_exact_per_year
WEST LINDSEY,2017,WEST LINDSEY,E07000142,normalized_exact_per_year
WEST LINDSEY,2018,WEST LINDSEY,E07000142,normalized_exact_per_year
WEST LINDSEY,2019,WEST LINDSEY,E07000142,normalized_exact_per_year
WEST LINDSEY,2020,WEST LINDSEY,E07000142,normalized_exact_per_year
WEST LINDSEY,2021,WEST LINDSEY,E07000142,normalized_exact_per_year
WEST LINDSEY,2022,WEST LINDSEY,E07000142,normalized_exact_per_year
WEST LINDSEY,2023,WEST LINDSEY,E07000142,normalized_exact_per_year
WEST LINDSEY,2024,WEST LINDSEY,E07000142,normalized_exact_per_year
WEST LINDSEY,2025,WEST LINDSEY,E07000142,normalized_exact_per_year
WEST NORTHAMPTONSHIRE,2020,WEST NORTHAMPTONSHIRE,E06000062,normalized_exact_per_year
WEST NORTHAMPTONSHIRE,2021,WEST NORTHAMPTONSHIRE,E06000062,normalized_exact_per_year
WEST NORTHAMPTONSHIRE,2022,WEST NORTHAMPTONSHIRE,E06000062,normalized_exact_per_year
WEST NORTHAMPTONSHIRE,2023,WEST NORTHAMPTONSHIRE,E06000062,normalized_exact_per_year
WEST NORTHAMPTONSHIRE,2024,WEST NORTHAMPTONSHIRE,E06000062,normalized_exact_per_year
WEST NORTHAMPTONSHIRE,2025,WEST NORTHAMPTONSHIRE,E06000062,normalized_exact_per_year
WEST OXFORDSHIRE,2015,WEST OXFORDSHIRE,E07000181,normalized_exact_per_year
WEST OXFORDSHIRE,2016,WEST OXFORDSHIRE,E07000181,normalized_exact_per_year
WEST OXFORDSHIRE,2017,WEST OXFORDSHIRE,E07000181,normalized_exact_per_year
WEST OXFORDSHIRE,2018,WEST OXFORDSHIRE,E07000181,normalized_exact_per_year
WEST OXFORDSHIRE,2019,WEST OXFORDSHIRE,E07000181,normalized_exact_per_year
WEST OXFORDSHIRE,2020,WEST OXFORDSHIRE,E07000181,normalized_exact_per_year
WEST OXFORDSHIRE,2021,WEST OXFORDSHIRE,E07000181,normalized_exact_per_year
WEST OXFORDSHIRE,2022,WEST OXFORDSHIRE,E07000181,normalized_exact_per_year
WEST OXFORDSHIRE,2023,WEST OXFORDSHIRE,E07000181,normalized_exact_per_year
WEST OXFORDSHIRE,2024,WEST OXFORDSHIRE,E07000181,normalized_exact_per_year
WEST OXFORDSHIRE,2025,WEST OXFORDSHIRE,E07000181,normalized_exact_per_year
WEST SOMERSET,2015,WEST SOMERSET,E07000191,normalized_exact_per_year
WEST SOMERSET,2016,WEST SOMERSET,E07000191,normalized_exact_per_year
WEST SOMERSET,2017,WEST SOMERSET,E07000191,normalized_exact_per_year
WEST SUFFOLK,2018,WEST SUFFOLK,E07000245,normalized_exact_per_year
WEST SUFFOLK,2019,WEST SUFFOLK,E07000245,normalized_exact_per_year
WEST SUFFOLK,2020,WEST SUFFOLK,E07000245,normalized_exact_per_year
WEST SUFFOLK,2021,WEST SUFFOLK,E07000245,normalized_exact_per_year
WEST SUFFOLK,2022,WEST SUFFOLK,E07000245,normalized_exact_per_year
WEST SUFFOLK,2023,WEST SUFFOLK,E07000245,normalized_exact_per_year
WEST SUFFOLK,2024,WEST SUFFOLK,E07000245,normalized_exact_per_year
WEST SUFFOLK,2025,WEST SUFFOLK,E07000245,normalized_exact_per_year
WESTMORLAND AND FURNESS,2022,WESTMORLAND AND FURNESS,E06000064,normalized_exact_per_year
WESTMORLAND AND FURNESS,2023,WESTMORLAND AND FURNESS,E06000064,normalized_exact_per_year
WESTMORLAND AND FURNESS,2024,WESTMORLAND AND FURNESS,E06000064,normalized_exact_per_year
WESTMORLAND AND FURNESS,2025,WESTMORLAND AND FURNESS,E06000064,normalized_exact_per_year
WEYMOUTH AND PORTLAND,2015,WEYMOUTH AND PORTLAND,E07000053,normalized_exact_per_year
WEYMOUTH AND PORTLAND,2016,WEYMOUTH AND PORTLAND,E07000053,normalized_exact_per_year
WEYMOUTH AND PORTLAND,2017,WEYMOUTH AND PORTLAND,E07000053,normalized_exact_per_year
WIGAN,2015,WIGAN,E08000010,normalized_exact_per_year
WIGAN,2016,WIGAN,E08000010,normalized_exact_per_year
WIGAN,2017,WIGAN,E08000010,normalized_exact_per_year
WIGAN,2018,WIGAN,E08000010,normalized_exact_per_year
WIGAN,2019,WIGAN,E08000010,normalized_exact_per_year
WIGAN,2020,WIGAN,E08000010,normalized_exact_per_year
WIGAN,2021,WIGAN,E08000010,normalized_exact_per_year
WIGAN,2022,WIGAN,E08000010,normalized_exact_per_year
WIGAN,2023,WIGAN,E08000010,normalized_exact_per_year
WIGAN,2024,WIGAN,E08000010,normalized_exact_per_year
WIGAN,2025,WIGAN,E08000010,normalized_exact_per_year
WILTSHIRE,2015,WILTSHIRE,E06000054,normalized_exact_per_year
WILTSHIRE,2016,WILTSHIRE,E06000054,normalized_exact_per_year
WILTSHIRE,2017,WILTSHIRE,E06000054,normalized_exact_per_year
WILTSHIRE,2018,WILTSHIRE,E06000054,normalized_exact_per_year
WILTSHIRE,2019,WILTSHIRE,E06000054,normalized_exact_per_year
WILTSHIRE,2020,WILTSHIRE,E06000054,normalized_exact_per_year
WILTSHIRE,2021,WILTSHIRE,E06000054,normalized_exact_per_year
WILTSHIRE,2022,WILTSHIRE,E06000054,normalized_exact_per_year
WILTSHIRE,2023,WILTSHIRE,E06000054,normalized_exact_per_year
WILTSHIRE,2024,WILTSHIRE,E06000054,normalized_exact_per_year
WILTSHIRE,2025,WILTSHIRE,E06000054,normalized_exact_per_year
WINCHESTER,2015,WINCHESTER,E07000094,normalized_exact_per_year
WINCHESTER,2016,WINCHESTER,E07000094,normalized_exact_per_year
WINCHESTER,2017,WINCHESTER,E07000094,normalized_exact_per_year
WINCHESTER,2018,WINCHESTER,E07000094,normalized_exact_per_year
WINCHESTER,2019,WINCHESTER,E07000094,normalized_exact_per_year
WINCHESTER,2020,WINCHESTER,E07000094,normalized_exact_per_year
WINCHESTER,2021,WINCHESTER,E07000094,normalized_exact_per_year
WINCHESTER,2022,WINCHESTER,E07000094,normalized_exact_per_year
WINCHESTER,2023,WINCHESTER,E07000094,normalized_exact_per_year
WINCHESTER,2024,WINCHESTER,E07000094,normalized_exact_per_year
WINCHESTER,2025,WINCHESTER,E07000094,normalized_exact_per_year
WINDSOR AND MAIDENHEAD,2015,WINDSOR AND MAIDENHEAD,E06000040,normalized_exact_per_year
WINDSOR AND MAIDENHEAD,2016,WINDSOR AND MAIDENHEAD,E06000040,normalized_exact_per_year
WINDSOR AND MAIDENHEAD,2017,WINDSOR AND MAIDENHEAD,E06000040,normalized_exact_per_year
WINDSOR AND MAIDENHEAD,2018,WINDSOR AND MAIDENHEAD,E06000040,normalized_exact_per_year
WINDSOR AND MAIDENHEAD,2019,WINDSOR AND MAIDENHEAD,E06000040,normalized_exact_per_year
WINDSOR AND MAIDENHEAD,2020,WINDSOR AND MAIDENHEAD,E06000040,normalized_exact_per_year
WINDSOR AND MAIDENHEAD,2021,WINDSOR AND MAIDENHEAD,E06000040,normalized_exact_per_year
WINDSOR AND MAIDENHEAD,2022,WINDSOR AND MAIDENHEAD,E06000040,normalized_exact_per_year
WINDSOR AND MAIDENHEAD,2023,WINDSOR AND MAIDENHEAD,E06000040,normalized_exact_per_year
WINDSOR AND MAIDENHEAD,2024,WINDSOR AND MAIDENHEAD,E06000040,normalized_exact_per_year
WINDSOR AND MAIDENHEAD,2025,WINDSOR AND MAIDENHEAD,E06000040,normalized_exact_per_year
WIRRAL,2015,WIRRAL,E08000015,normalized_exact_per_year
WIRRAL,2016,WIRRAL,E08000015,normalized_exact_per_year
WIRRAL,2017,WIRRAL,E08000015,normalized_exact_per_year
WIRRAL,2018,WIRRAL,E08000015,normalized_exact_per_year
WIRRAL,2019,WIRRAL,E08000015,normalized_exact_per_year
WIRRAL,2020,WIRRAL,E08000015,normalized_exact_per_year
WIRRAL,2021,WIRRAL,E08000015,normalized_exact_per_year
WIRRAL,2022,WIRRAL,E08000015,normalized_exact_per_year
WIRRAL,2023,WIRRAL,E08000015,normalized_exact_per_year
WIRRAL,2024,WIRRAL,E08000015,normalized_exact_per_year
WIRRAL,2025,WIRRAL,E08000015,normalized_exact_per_year
WOKING,2015,WOKING,E07000217,normalized_exact_per_year
WOKING,2016,WOKING,E07000217,normalized_exact_per_year
WOKING,2017,WOKING,E07000217,normalized_exact_per_year
WOKING,2018,WOKING,E07000217,normalized_exact_per_year
WOKING,2019,WOKING,E07000217,normalized_exact_per_year
WOKING,2020,WOKING,E07000217,normalized_exact_per_year
WOKING,2021,WOKING,E07000217,normalized_exact_per_year
WOKING,2022,WOKING,E07000217,normalized_exact_per_year
WOKING,2023,WOKING,E07000217,normalized_exact_per_year
WOKING,2024,WOKING,E07000217,normalized_exact_per_year
WOKING,2025,WOKING,E07000217,normalized_exact_per_year
WOKINGHAM,2015,WOKINGHAM,E06000041,normalized_exact_per_year
WOKINGHAM,2016,WOKINGHAM,E06000041,normalized_exact_per_year
WOKINGHAM,2017,WOKINGHAM,E06000041,normalized_exact_per_year
WOKINGHAM,2018,WOKINGHAM,E06000041,normalized_exact_per_year
WOKINGHAM,2019,WOKINGHAM,E06000041,normalized_exact_per_year
WOKINGHAM,2020,WOKINGHAM,E06000041,normalized_exact_per_year
WOKINGHAM,2021,WOKINGHAM,E06000041,normalized_exact_per_year
WOKINGHAM,2022,WOKINGHAM,E06000041,normalized_exact_per_year
WOKINGHAM,2023,WOKINGHAM,E06000041,normalized_exact_per_year
WOKINGHAM,2024,WOKINGHAM,E06000041,normalized_exact_per_year
WOKINGHAM,2025,WOKINGHAM,E06000041,normalized_exact_per_year
WOLVERHAMPTON,2015,WOLVERHAMPTON,E08000031,normalized_exact_per_year
WOLVERHAMPTON,2016,WOLVERHAMPTON,E08000031,normalized_exact_per_year
WOLVERHAMPTON,2017,WOLVERHAMPTON,E08000031,normalized_exact_per_year
WOLVERHAMPTON,2018,WOLVERHAMPTON,E08000031,normalized_exact_per_year
WOLVERHAMPTON,2019,WOLVERHAMPTON,E08000031,normalized_exact_per_year
WOLVERHAMPTON,2020,WOLVERHAMPTON,E08000031,normalized_exact_per_year
WOLVERHAMPTON,2021,WOLVERHAMPTON,E08000031,normalized_exact_per_year
WOLVERHAMPTON,2022,WOLVERHAMPTON,E08000031,normalized_exact_per_year
WOLVERHAMPTON,2023,WOLVERHAMPTON,E08000031,normalized_exact_per_year
WOLVERHAMPTON,2024,WOLVERHAMPTON,E08000031,normalized_exact_per_year
WOLVERHAMPTON,2025,WOLVERHAMPTON,E08000031,normalized_exact_per_year
WORCESTER,2015,WORCESTER,E07000237,normalized_exact_per_year
WORCESTER,2016,WORCESTER,E07000237,normalized_exact_per_year
WORCESTER,2017,WORCESTER,E07000237,normalized_exact_per_year
WORCESTER,2018,WORCESTER,E07000237,normalized_exact_per_year
WORCESTER,2019,WORCESTER,E07000237,normalized_exact_per_year
WORCESTER,2020,WORCESTER,E07000237,normalized_exact_per_year
WORCESTER,2021,WORCESTER,E07000237,normalized_exact_per_year
WORCESTER,2022,WORCESTER,E07000237,normalized_exact_per_year
WORCESTER,2023,WORCESTER,E07000237,normalized_exact_per_year
WORCESTER,2024,WORCESTER,E07000237,normalized_exact_per_year
WORCESTER,2025,WORCESTER,E07000237,normalized_exact_per_year
WORTHING,2015,WORTHING,E07000229,normalized_exact_per_year
WORTHING,2016,WORTHING,E07000229,normalized_exact_per_year
WORTHING,2017,WORTHING,E07000229,normalized_exact_per_year
WORTHING,2018,WORTHING,E07000229,normalized_exact_per_year
WORTHING,2019,WORTHING,E07000229,normalized_exact_per_year
WORTHING,2020,WORTHING,E07000229,normalized_exact_per_year
WORTHING,2021,WORTHING,E07000229,normalized_exact_per_year
WORTHING,2022,WORTHING,E07000229,normalized_exact_per_year
WORTHING,2023,WORTHING,E07000229,normalized_exact_per_year
WORTHING,2024,WORTHING,E07000229,normalized_exact_per_year
WORTHING,2025,WORTHING,E07000229,normalized_exact_per_year
WREKIN,2015,TELFORD AND WREKIN,E06000020,normalized_exact_per_year
WREKIN,2016,TELFORD AND WREKIN,E06000020,normalized_exact_per_year
WREKIN,2017,TELFORD AND WREKIN,E06000020,normalized_exact_per_year
WREKIN,2018,TELFORD AND WREKIN,E06000020,normalized_exact_per_year
WREKIN,2019,TELFORD AND WREKIN,E06000020,normalized_exact_per_year
WREKIN,2020,TELFORD AND WREKIN,E06000020,normalized_exact_per_year
WREKIN,2021,TELFORD AND WREKIN,E06000020,normalized_exact_per_year
WREKIN,2022,TELFORD AND WREKIN,E06000020,normalized_exact_per_year
WREKIN,2023,TELFORD AND WREKIN,E06000020,normalized_exact_per_year
WREKIN,2024,TELFORD AND WREKIN,E06000020,normalized_exact_per_year
WREKIN,2025,TELFORD AND WREKIN,E06000020,normalized_exact_per_year
WREXHAM,2015,WREXHAM,W06000006,normalized_exact_per_year
WREXHAM,2016,WREXHAM,W06000006,normalized_exact_per_year
WREXHAM,2017,WREXHAM,W06000006,normalized_exact_per_year
WREXHAM,2018,WREXHAM,W06000006,normalized_exact_per_year
WREXHAM,2019,WREXHAM,W06000006,normalized_exact_per_year
WREXHAM,2020,WREXHAM,W06000006,normalized_exact_per_year
WREXHAM,2021,WREXHAM,W06000006,normalized_exact_per_year
WREXHAM,2022,WREXHAM,W06000006,normalized_exact_per_year
WREXHAM,2023,WREXHAM,W06000006,normalized_exact_per_year
WREXHAM,2024,WREXHAM,W06000006,normalized_exact_per_year
WREXHAM,2025,WREXHAM,W06000006,normalized_exact_per_year
WYCHAVON,2015,WYCHAVON,E07000238,normalized_exact_per_year
WYCHAVON,2016,WYCHAVON,E07000238,normalized_exact_per_year
WYCHAVON,2017,WYCHAVON,E07000238,normalized_exact_per_year
WYCHAVON,2018,WYCHAVON,E07000238,normalized_exact_per_year
WYCHAVON,2019,WYCHAVON,E07000238,normalized_exact_per_year
WYCHAVON,2020,WYCHAVON,E07000238,normalized_exact_per_year
WYCHAVON,2021,WYCHAVON,E07000238,normalized_exact_per_year
WYCHAVON,2022,WYCHAVON,E07000238,normalized_exact_per_year
WYCHAVON,2023,WYCHAVON,E07000238,normalized_exact_per_year
WYCHAVON,2024,WYCHAVON,E07000238,normalized_exact_per_year
WYCHAVON,2025,WYCHAVON,E07000238,normalized_exact_per_year
WYCOMBE,2015,WYCOMBE,E07000007,normalized_exact_per_year
WYCOMBE,2016,WYCOMBE,E07000007,normalized_exact_per_year
WYCOMBE,2017,WYCOMBE,E07000007,normalized_exact_per_year
WYCOMBE,2018,WYCOMBE,E07000007,normalized_exact_per_year
WYRE,2015,WYRE,E07000128,normalized_exact_per_year
WYRE,2016,WYRE,E07000128,normalized_exact_per_year
WYRE,2017,WYRE,E07000128,normalized_exact_per_year
WYRE,2018,WYRE,E07000128,normalized_exact_per_year
WYRE,2019,WYRE,E07000128,normalized_exact_per_year
WYRE,2020,WYRE,E07000128,normalized_exact_per_year
WYRE,2021,WYRE,E07000128,normalized_exact_per_year
WYRE,2022,WYRE,E07000128,normalized_exact_per_year
WYRE,2023,WYRE,E07000128,normalized_exact_per_year
WYRE,2024,WYRE,E07000128,normalized_exact_per_year
WYRE,2025,WYRE,E07000128,normalized_exact_per_year
WYRE FOREST,2015,WYRE FOREST,E07000239,normalized_exact_per_year
WYRE FOREST,2016,WYRE FOREST,E07000239,normalized_exact_per_year
WYRE FOREST,2017,WYRE FOREST,E07000239,normalized_exact_per_year
WYRE FOREST,2018,WYRE FOREST,E07000239,normalized_exact_per_year
WYRE FOREST,2019,WYRE FOREST,E07000239,normalized_exact_per_year
WYRE FOREST,2020,WYRE FOREST,E07000239,normalized_exact_per_year
WYRE FOREST,2021,WYRE FOREST,E07000239,normalized_exact_per_year
WYRE FOREST,2022,WYRE FOREST,E07000239,normalized_exact_per_year
WYRE FOREST,2023,WYRE FOREST,E07000239,normalized_exact_per_year
WYRE FOREST,2024,WYRE FOREST,E07000239,normalized_exact_per_year
WYRE FOREST,2025,WYRE FOREST,E07000239,normalized_exact_per_year
YORK,2015,YORK,E06000014,normalized_exact_per_year
YORK,2016,YORK,E06000014,normalized_exact_per_year
YORK,2017,YORK,E06000014,normalized_exact_per_year
YORK,2018,YORK,E06000014,normalized_exact_per_year
YORK,2019,YORK,E06000014,normalized_exact_per_year
YORK,2020,YORK,E06000014,normalized_exact_per_year
YORK,2021,YORK,E06000014,normalized_exact_per_year
YORK,2022,YORK,E06000014,normalized_exact_per_year
YORK,2023,YORK,E06000014,normalized_exact_per_year
YORK,2024,YORK,E06000014,normalized_exact_per_year
YORK,2025,YORK,E06000014,normalized_exact_per_year
