district,year,median_price,transaction_count,mean_price,min_price,max_price
ADUR,2015,265000,1088,289410,67500,1580000
ADUR,2016,290500,1097,319686,60000,1795715
ADUR,2017,300000,1041,328144,80000,1600000
ADUR,2018,312500,987,335015,115000,1500000
ADUR,2019,312500,1000,333091,116000,1300000
ADUR,2020,325000,890,365096,118000,1650000
ADUR,2021,360000,1303,389266,113000,1560000
ADUR,2022,385000,1035,422496,115000,2350000
ADUR,2023,377750,838,404632,20000,2785000
ADUR,2024,375000,882,399762,115000,1435000
ADUR,2025,375000,952,403149,90000,2275000
ADUR,2026,390000,317,418748,125000,1750000
ALLERDALE,2015,145000,1542,166290,15000,875000
ALLERDALE,2016,145000,1469,172881,22000,1350000
ALLERDALE,2017,160000,1566,182107,32500,820000
ALLERDALE,2018,165000,1537,189821,30000,1355000
ALLERDALE,2019,164950,1609,191505,30500,1875000
ALLERDALE,2020,172500,1387,203113,38000,2100000
ALLERDALE,2021,165000,1805,202179,33000,1341000
ALLERDALE,2022,170000,1296,210634,36000,1475000
ALLERDALE,2023,155000,159,203359,39500,685000
AMBER VALLEY,2015,153250,2240,181690,25000,1375000
AMBER VALLEY,2016,156000,2391,184625,33500,1600000
AMBER VALLEY,2017,163000,2299,195782,50000,1200000
AMBER VALLEY,2018,174000,2287,203252,30000,1150000
AMBER VALLEY,2019,177000,2280,212030,42000,1460000
AMBER VALLEY,2020,184000,1937,224609,50000,2053250
AMBER VALLEY,2021,213500,2577,251287,50000,1900000
AMBER VALLEY,2022,224000,2502,258428,50000,1500000
AMBER VALLEY,2023,234950,1935,266227,55000,2200000
AMBER VALLEY,2024,237500,2057,275172,50000,2000000
AMBER VALLEY,2025,235000,2134,279755,52500,1900000
AMBER VALLEY,2026,220000,741,281448,60000,18000000
ARUN,2015,245000,3565,279255,35000,1950000
ARUN,2016,266000,3407,298559,46000,2550000
ARUN,2017,280000,3490,313296,50000,2250000
ARUN,2018,290000,3158,324878,47100,4000000
ARUN,2019,285000,2962,322881,49000,2450000
ARUN,2020,300000,2728,348513,50000,2850000
ARUN,2021,325000,3797,378411,46813,4825000
ARUN,2022,360000,3367,403466,49000,4500000
ARUN,2023,355000,2645,393447,48750,2600000
ARUN,2024,345000,2746,387606,44000,5150000
ARUN,2025,350000,2953,398484,45000,3500000
ARUN,2026,330000,1032,365965,50000,1900000
ASHFIELD,2015,125000,1982,136971,28000,595500
ASHFIELD,2016,136997.5,2386,150338,35000,615000
ASHFIELD,2017,137500,2272,151076,22000,580000
ASHFIELD,2018,145000,1954,158691,37000,580000
ASHFIELD,2019,144500,1981,159659,37500,692500
ASHFIELD,2020,155000,1748,170534,37400,522000
ASHFIELD,2021,174000,2323,192522,39950,766000
ASHFIELD,2022,190000,2007,208281,40000,775000
ASHFIELD,2023,185500,1494,206407,39000,715000
ASHFIELD,2024,200000,1862,218701,52500,950000
ASHFIELD,2025,200000,1901,221500,47000,850000
ASHFIELD,2026,182500,555,207769,60000,1500000
ASHFORD,2015,233000,2361,275940,33000,1800000
ASHFORD,2016,250000,2444,287513,39600,1650000
ASHFORD,2017,270000,2291,307906,45000,1900000
ASHFORD,2018,285000,2095,328349,48750,1865000
ASHFORD,2019,283000,2016,327739,45000,1925000
ASHFORD,2020,310000,2072,363484,48000,2750000
ASHFORD,2021,325000,2978,373823,45000,3975000
ASHFORD,2022,350000,2298,397395,50750,2500000
ASHFORD,2023,355000,1706,405637,45000,1600000
ASHFORD,2024,346750,1758,401740,47500,2210000
ASHFORD,2025,347500,1853,400408,66500,1525000
ASHFORD,2026,340000,726,386622,69000,2850000
AYLESBURY VALE,2015,274000,4101,310262,37800,1828500
AYLESBURY VALE,2016,310000,3905,347049,72500,1800000
AYLESBURY VALE,2017,328000,3404,369860,71250,2650000
AYLESBURY VALE,2018,337000,3529,375475,84000,5040000
AYLESBURY VALE,2019,334995,3277,377439,80000,3500000
AYLESBURY VALE,2020,337500,348,389223,85500,2600000
BABERGH,2015,231500,1459,270759,42000,1725000
BABERGH,2016,250000,1478,295007,60000,1650000
BABERGH,2017,274247.5,1536,311941,55000,2030000
BABERGH,2018,275000,1475,318327,60000,1510000
BABERGH,2019,280000,1493,325503,55000,2200000
BABERGH,2020,300000,1436,346812,56000,2550000
BABERGH,2021,320000,2170,370381,60000,2850000
BABERGH,2022,340000,1730,384151,60000,2875000
BABERGH,2023,338000,1293,388007,58000,2770000
BABERGH,2024,325000,1410,371172,60000,1995000
BABERGH,2025,332500,1517,384613,65000,2425000
BABERGH,2026,319000,504,359966,65000,2425000
BARKING AND DAGENHAM,2015,246500,2249,244578,70000,695000
BARKING AND DAGENHAM,2016,290000,2070,290235,67500,2550000
BARKING AND DAGENHAM,2017,300000,1934,301107,66000,650000
BARKING AND DAGENHAM,2018,310000,1817,310133,81000,666500
BARKING AND DAGENHAM,2019,315000,1534,319239,78750,675000
BARKING AND DAGENHAM,2020,325000,1271,329533,78750,660000
BARKING AND DAGENHAM,2021,340000,1829,340826,80500,925000
BARKING AND DAGENHAM,2022,375000,1664,367619,80000,992000
BARKING AND DAGENHAM,2023,375000,1266,369913,80000,900000
BARKING AND DAGENHAM,2024,362000,1266,356898,79375,760000
BARKING AND DAGENHAM,2025,385000,1343,376680,87500,975000
BARKING AND DAGENHAM,2026,383000,461,370841,87500,935000
BARNET,2015,450000,4973,567131,90000,6600000
BARNET,2016,479250,4933,584969,67500,8450000
BARNET,2017,530000,3906,664807,750,15704000
BARNET,2018,505900,3753,627441,64250,15000000
BARNET,2019,520000,3674,623865,98000,15000000
BARNET,2020,560000,3333,690626,45190,23500000
BARNET,2021,579000,5027,716712,97000,12500000
BARNET,2022,581000,4491,757545,97500,35100000
BARNET,2023,565000,3126,753359,46500,19100000
BARNET,2024,580000,3461,753315,83000,24500000
BARNET,2025,583000,3567,732601,100000,8750000
BARNET,2026,565000,1080,713598,102500,30000000
BARNSLEY,2015,115000,3189,130404,17500,1175000
BARNSLEY,2016,118250,3544,134658,18000,1050000
BARNSLEY,2017,125000,3836,143006,30000,875000
BARNSLEY,2018,130000,3919,150549,15000,1500000
BARNSLEY,2019,137000,3841,155807,32500,1050000
BARNSLEY,2020,140000,3190,160225,32500,910000
BARNSLEY,2021,150000,4336,175030,34300,2400000
BARNSLEY,2022,165000,4044,188638,33500,895000
BARNSLEY,2023,162500,3207,189585,34000,1375000
BARNSLEY,2024,175000,3454,199430,33000,1115000
BARNSLEY,2025,180000,3350,209237,33000,1035000
BARNSLEY,2026,180000,1202,200295,37000,950000
BARROW-IN-FURNESS,2015,110000,1295,122504,20000,500000
BARROW-IN-FURNESS,2016,116500,1274,132702,15000,470000
BARROW-IN-FURNESS,2017,120000,1227,135491,27000,505000
BARROW-IN-FURNESS,2018,125000,1171,143980,27000,490000
BARROW-IN-FURNESS,2019,126250,1196,148729,22500,449995
BARROW-IN-FURNESS,2020,130000,998,150752,35000,830000
BARROW-IN-FURNESS,2021,144000,1489,167236,25000,820000
BARROW-IN-FURNESS,2022,145000,1080,166705,35000,790000
BARROW-IN-FURNESS,2023,133000,141,159025,49000,511000
BASILDON,2015,230000,3354,263718,40000,2700000
BASILDON,2016,270000,2921,305356,51000,3000000
BASILDON,2017,282000,2921,320684,17500,1700000
BASILDON,2018,295000,2677,335005,65000,2250000
BASILDON,2019,300000,2487,339664,70000,2205000
BASILDON,2020,320000,2143,360267,64500,2000000
BASILDON,2021,340000,3370,379767,81000,1750000
BASILDON,2022,360000,2681,409228,66000,3950000
BASILDON,2023,350000,1947,387258,65000,2460000
BASILDON,2024,350000,2266,394549,66000,2250000
BASILDON,2025,365000,2591,408767,65000,2860000
BASILDON,2026,360000,956,391278,79000,1600000
BASINGSTOKE AND DEANE,2015,250000,3049,292376,22500,3410000
BASINGSTOKE AND DEANE,2016,280000,3018,322266,67000,2475000
BASINGSTOKE AND DEANE,2017,310000,2892,347003,60000,3317000
BASINGSTOKE AND DEANE,2018,321000,3037,353046,70000,1875000
BASINGSTOKE AND DEANE,2019,302000,3015,345402,70000,5300000
BASINGSTOKE AND DEANE,2020,327000,2645,370485,70000,2700000
BASINGSTOKE AND DEANE,2021,335000,3684,392344,74000,7675000
BASINGSTOKE AND DEANE,2022,355000,2755,412822,70000,10500000
BASINGSTOKE AND DEANE,2023,360000,2309,415556,69000,9000000
BASINGSTOKE AND DEANE,2024,365000,2596,420394,72000,15881552
BASINGSTOKE AND DEANE,2025,375000,2658,429903,71000,9600998
BASINGSTOKE AND DEANE,2026,375000,1020,417382,69000,2500000
BASSETLAW,2015,134995,1756,155571,19000,815000
BASSETLAW,2016,140000,1970,165307,31000,810000
BASSETLAW,2017,148000,1994,171824,39500,900000
BASSETLAW,2018,157000,1907,182864,43000,900000
BASSETLAW,2019,163500,1991,189097,45000,895000
BASSETLAW,2020,178000,1903,206255,43000,2000000
BASSETLAW,2021,195000,2443,226289,42000,1300000
BASSETLAW,2022,205000,2296,232909,49000,1500000
BASSETLAW,2023,200000,1848,226726,45000,1250000
BASSETLAW,2024,205250,1902,236856,47500,1500000
BASSETLAW,2025,210000,1979,243907,45000,1450000
BASSETLAW,2026,205000,612,236974,60000,980000
BATH AND NORTH EAST SOMERSET,2015,270000,3393,335479,36250,4025000
BATH AND NORTH EAST SOMERSET,2016,305000,3302,378124,80000,4000000
BATH AND NORTH EAST SOMERSET,2017,319012.5,3012,390733,30000,4300000
BATH AND NORTH EAST SOMERSET,2018,327500,3092,397985,90000,3509000
BATH AND NORTH EAST SOMERSET,2019,324995,2872,410475,90000,6000000
BATH AND NORTH EAST SOMERSET,2020,345000,2566,433719,90000,4750000
BATH AND NORTH EAST SOMERSET,2021,365750,3724,464904,73000,4650000
BATH AND NORTH EAST SOMERSET,2022,386675,2943,505866,92500,3850000
BATH AND NORTH EAST SOMERSET,2023,393590,2442,502390,93000,6000000
BATH AND NORTH EAST SOMERSET,2024,400000,2568,509827,100000,4400000
BATH AND NORTH EAST SOMERSET,2025,400000,2774,504925,103250,4834000
BATH AND NORTH EAST SOMERSET,2026,375000,987,439937,112000,3500000
BEDFORD,2015,229850,3120,256370,37500,1600000
BEDFORD,2016,245000,3175,270837,50000,2700000
BEDFORD,2017,270000,3085,297271,40000,1700000
BEDFORD,2018,282500,2884,309572,60000,2200000
BEDFORD,2019,282000,2806,311329,57225,1700000
BEDFORD,2020,290000,2664,321246,57500,1500000
BEDFORD,2021,310000,3639,347662,39500,2250000
BEDFORD,2022,335000,2891,369420,66000,1810000
BEDFORD,2023,330000,2125,368820,60000,2654850
BEDFORD,2024,335000,2410,374300,71750,2500000
BEDFORD,2025,350000,2531,390479,73000,1650000
BEDFORD,2026,341500,798,378424,73000,1545000
BEXLEY,2015,285000,3838,295560,1000,1267000
BEXLEY,2016,328000,3378,340559,62500,1200000
BEXLEY,2017,340000,3209,357237,82000,1425000
BEXLEY,2018,350000,2994,365385,84000,1850000
BEXLEY,2019,356750,2918,372307,82250,1300000
BEXLEY,2020,375000,2749,392389,82500,1335000
BEXLEY,2021,385300,4078,407801,84000,1450000
BEXLEY,2022,420000,3246,430975,84000,1350000
BEXLEY,2023,415000,2414,423941,84000,1415111
BEXLEY,2024,425000,2716,436673,84000,1550000
BEXLEY,2025,430000,2912,445154,87500,1999998
BEXLEY,2026,428000,967,438232,83000,1250000
BIRMINGHAM,2015,145000,12601,178076,10100,2673000
BIRMINGHAM,2016,153600,13111,185656,2500,2575000
BIRMINGHAM,2017,164950,12833,199664,10000,2800000
BIRMINGHAM,2018,175000,13163,210430,37440,3275000
BIRMINGHAM,2019,180000,12232,213941,40000,4725000
BIRMINGHAM,2020,195000,9784,230607,30000,3500000
BIRMINGHAM,2021,210000,13148,249123,13000,3700000
BIRMINGHAM,2022,225000,11842,260254,11900,2800000
BIRMINGHAM,2023,225000,8962,264196,12000,2900000
BIRMINGHAM,2024,230000,9460,267935,10000,2050000
BIRMINGHAM,2025,239950,9767,274643,10950,2950000
BIRMINGHAM,2026,240000,3400,275415,10000,2445000
BLABY,2015,176000,1833,207470,32500,1600000
BLABY,2016,199125,2006,223400,35000,810000
BLABY,2017,208000,2033,234976,66000,3200000
BLABY,2018,220000,1848,245597,62500,1160000
BLABY,2019,217995,1701,243886,50000,1850000
BLABY,2020,235000,1516,261732,70000,1250000
BLABY,2021,255000,2064,282497,60000,1540000
BLABY,2022,275000,1569,303974,65000,1225000
BLABY,2023,271475,1262,305137,70000,2375000
BLABY,2024,274000,1431,303138,64000,2075000
BLABY,2025,280000,1504,308403,67000,3000000
BLABY,2026,288000,517,300585,68000,1200000
BLACKBURN WITH DARWEN,2015,103000,1653,121396,18000,1000000
BLACKBURN WITH DARWEN,2016,105000,1677,124255,10000,750000
BLACKBURN WITH DARWEN,2017,111000,1771,134431,36000,1000000
BLACKBURN WITH DARWEN,2018,120000,1847,141237,29000,1170000
BLACKBURN WITH DARWEN,2019,123000,1905,146831,35000,925000
BLACKBURN WITH DARWEN,2020,130000,1731,156348,650,1000000
BLACKBURN WITH DARWEN,2021,140000,2300,165589,27000,995000
BLACKBURN WITH DARWEN,2022,150000,2082,175245,39500,1250000
BLACKBURN WITH DARWEN,2023,160000,1840,185647,41166,1520000
BLACKBURN WITH DARWEN,2024,166625,2066,187711,42000,925000
BLACKBURN WITH DARWEN,2025,171000,1974,199270,45000,1550000
BLACKBURN WITH DARWEN,2026,162000,655,190541,50000,960000
BLACKPOOL,2015,103000,1828,109166,15000,670000
BLACKPOOL,2016,105000,2051,113844,15000,675000
BLACKPOOL,2017,112000,2029,120306,37500,725000
BLACKPOOL,2018,110000,2137,122386,32500,640000
BLACKPOOL,2019,115000,2058,124767,32000,685000
BLACKPOOL,2020,119950,1795,128156,37000,630000
BLACKPOOL,2021,127500,2720,140506,31000,625000
BLACKPOOL,2022,135000,2604,148381,38000,875000
BLACKPOOL,2023,133250,1978,145706,32000,585000
BLACKPOOL,2024,135000,2015,148429,27000,925000
BLACKPOOL,2025,137500,2071,151063,32000,675000
BLACKPOOL,2026,144000,739,155846,39950,470000
BLAENAU GWENT,2015,78000,753,89097,18000,296000
BLAENAU GWENT,2016,80000,766,94494,12000,310000
BLAENAU GWENT,2017,82000,856,99484,25000,370000
BLAENAU GWENT,2018,84975,936,100607,22000,330000
BLAENAU GWENT,2019,90000,869,109119,23000,399950
BLAENAU GWENT,2020,97000,755,115187,28750,377000
BLAENAU GWENT,2021,110000,1122,126373,13000,435000
BLAENAU GWENT,2022,133000,1041,153078,25000,585000
BLAENAU GWENT,2023,130000,728,148632,32000,750000
BLAENAU GWENT,2024,135000,690,154468,32000,600000
BLAENAU GWENT,2025,140000,786,160756,35000,550000
BLAENAU GWENT,2026,135000,264,163712,43000,445000
BOLSOVER,2015,115000,1214,128779,20000,550000
BOLSOVER,2016,121000,1448,138179,25000,750000
BOLSOVER,2017,125000,1346,139340,39000,560000
BOLSOVER,2018,132000,1341,146869,39950,670000
BOLSOVER,2019,135125,1402,151952,39500,780000
BOLSOVER,2020,149950,1305,164590,40000,645000
BOLSOVER,2021,163997.5,1774,183423,39999,1025000
BOLSOVER,2022,178000,1597,193820,25000,750000
BOLSOVER,2023,174950,1215,197437,45000,1650000
BOLSOVER,2024,185000,1315,200536,39440,740000
BOLSOVER,2025,185000,1326,207160,35000,800000
BOLSOVER,2026,175000,428,197990,65928,715000
BOLTON,2015,120000,3642,142288,15500,1800000
BOLTON,2016,125000,4002,147007,20000,1310000
BOLTON,2017,128000,4028,152969,30000,2750000
BOLTON,2018,135000,3878,159983,2900,2750000
BOLTON,2019,138000,3785,163453,2115,1200000
BOLTON,2020,150000,3518,177731,24838,2300000
BOLTON,2021,165000,4505,199975,31600,2827500
BOLTON,2022,180000,4017,214524,5000,2425000
BOLTON,2023,182000,3062,214359,32000,2100000
BOLTON,2024,200050,3280,231285,30000,2775000
BOLTON,2025,210000,3497,237796,625,2600000
BOLTON,2026,203000,1256,232355,41200,1750000
BOSTON,2015,138000,1005,152057,30000,580000
BOSTON,2016,140000,1028,155034,40000,650000
BOSTON,2017,150000,1074,165265,57000,575000
BOSTON,2018,158000,1077,170043,56500,595000
BOSTON,2019,168250,996,186056,55000,710000
BOSTON,2020,169950,786,185576,54950,610000
BOSTON,2021,189950,1373,209760,55000,780000
BOSTON,2022,197000,1104,216789,54250,995000
BOSTON,2023,197500,923,216877,55000,675000
BOSTON,2024,200000,937,218709,55000,1800000
BOSTON,2025,213000,926,228335,60000,850000
BOSTON,2026,193975,306,215266,56500,715000
BOURNEMOUTH,2015,220000,4039,244341,30000,1725000
BOURNEMOUTH,2016,228000,3993,250620,44000,1295000
BOURNEMOUTH,2017,241000,3592,265558,58000,1350000
BOURNEMOUTH,2018,250000,3306,280622,52500,1500000
BOURNEMOUTH,2019,268000,509,300292,57000,875000
"BOURNEMOUTH, CHRISTCHURCH AND POOLE",2015,225000,63,318537,84000,1550000
"BOURNEMOUTH, CHRISTCHURCH AND POOLE",2016,191500,46,264282,99950,885000
"BOURNEMOUTH, CHRISTCHURCH AND POOLE",2017,282500,46,397215,35000,1925000
"BOURNEMOUTH, CHRISTCHURCH AND POOLE",2018,227500,195,278521,62700,1450000
"BOURNEMOUTH, CHRISTCHURCH AND POOLE",2019,282500,5724,333837,8370,4800000
"BOURNEMOUTH, CHRISTCHURCH AND POOLE",2020,295250,6258,361449,44000,6850000
"BOURNEMOUTH, CHRISTCHURCH AND POOLE",2021,315000,9214,386762,55000,8000000
"BOURNEMOUTH, CHRISTCHURCH AND POOLE",2022,337000,7070,413980,54000,6850000
"BOURNEMOUTH, CHRISTCHURCH AND POOLE",2023,330000,5418,405622,53700,13500000
"BOURNEMOUTH, CHRISTCHURCH AND POOLE",2024,333000,5699,402582,61000,9300000
"BOURNEMOUTH, CHRISTCHURCH AND POOLE",2025,337500,5761,396983,62000,5030000
"BOURNEMOUTH, CHRISTCHURCH AND POOLE",2026,340000,2293,387924,62500,3600000
BRACKNELL FOREST,2015,290500,2168,342871,80000,2750000
BRACKNELL FOREST,2016,330000,2061,380001,95000,3425000
BRACKNELL FOREST,2017,330000,1877,381338,103500,3400000
BRACKNELL FOREST,2018,340000,1942,385758,81900,2700000
BRACKNELL FOREST,2019,350000,2311,403204,101250,3400000
BRACKNELL FOREST,2020,375000,2008,418465,85000,2850000
BRACKNELL FOREST,2021,385000,2756,438974,90000,8000000
BRACKNELL FOREST,2022,415000,2100,474808,101250,10000000
BRACKNELL FOREST,2023,395000,1840,452384,102500,5200000
BRACKNELL FOREST,2024,403000,1841,453064,102000,4600000
BRACKNELL FOREST,2025,425000,1818,484211,101250,27300000
BRACKNELL FOREST,2026,415000,647,452987,102873,3625000
BRADFORD,2015,126000,6906,156693,16000,2500000
BRADFORD,2016,130000,7033,160796,14100,2200000
BRADFORD,2017,132000,7517,165683,25000,2000000
BRADFORD,2018,136000,7363,168050,10000,1797000
BRADFORD,2019,139950,7394,171932,26000,1750000
BRADFORD,2020,148000,6183,182747,31750,1885000
BRADFORD,2021,155000,8677,194778,32000,4600000
BRADFORD,2022,163000,7483,202091,10000,3750000
BRADFORD,2023,165000,5867,209558,10500,4875000
BRADFORD,2024,175000,6442,214467,10000,3150000
BRADFORD,2025,187500,6757,227903,13500,3120000
BRADFORD,2026,187000,2492,225457,10000,2230000
BRAINTREE,2015,230000,2881,261413,35000,2350000
BRAINTREE,2016,255000,2750,281737,42000,1600000
BRAINTREE,2017,266000,2408,301184,70000,1250000
BRAINTREE,2018,280000,2407,315130,75000,1595800
BRAINTREE,2019,290000,2507,316062,70000,1600000
BRAINTREE,2020,300000,2373,338972,70000,2250000
BRAINTREE,2021,320525,3626,358402,70000,2050000
BRAINTREE,2022,345000,2955,385203,72000,2250000
BRAINTREE,2023,350000,2221,386906,70000,2585000
BRAINTREE,2024,345000,2373,376734,75000,3100000
BRAINTREE,2025,348000,2477,383776,72000,2425000
BRAINTREE,2026,335000,883,367365,70000,1500000
BRECKLAND,2015,182500,2655,209372,20000,1347500
BRECKLAND,2016,199950,2633,223421,45000,1100000
BRECKLAND,2017,214000,2516,238674,62000,1250000
BRECKLAND,2018,220035,2384,245310,65000,1335000
BRECKLAND,2019,219995,2302,245109,66000,1225000
BRECKLAND,2020,235000,2101,268984,62000,2000000
BRECKLAND,2021,255000,3232,293595,65000,1800000
BRECKLAND,2022,275750,2622,314890,75000,2600000
BRECKLAND,2023,275000,2151,308523,65000,2200000
BRECKLAND,2024,272000,2241,305355,66000,2000000
BRECKLAND,2025,271375,2254,307006,70000,1395000
BRECKLAND,2026,257250,834,289279,70000,1550000
BRENT,2015,415000,2922,506465,72000,5499000
BRENT,2016,445000,2875,517861,85000,3550000
BRENT,2017,496250,2088,575394,22000,4900000
BRENT,2018,495000,1848,583156,35000,3900000
BRENT,2019,486000,1635,583259,80000,4530000
BRENT,2020,500000,1654,608287,82500,6050000
BRENT,2021,520000,2447,611615,40000,3999950
BRENT,2022,543000,2418,655228,90000,5250000
BRENT,2023,545000,1661,655138,90000,4350001
BRENT,2024,560000,1761,695003,90000,5000000
BRENT,2025,550000,2057,656137,90000,5100000
BRENT,2026,540000,569,632309,90000,3750000
BRENTWOOD,2015,340000,1493,406762,63700,2725000
BRENTWOOD,2016,400000,1278,480177,44000,3675000
BRENTWOOD,2017,415000,1298,491157,80000,2850000
BRENTWOOD,2018,425000,1296,506506,84000,3900000
BRENTWOOD,2019,415000,1188,493870,80000,3500000
BRENTWOOD,2020,467500,1089,559179,80000,4700000
BRENTWOOD,2021,470000,1719,572302,79750,4200000
BRENTWOOD,2022,465000,1571,550591,81250,3800000
BRENTWOOD,2023,475000,1100,581279,79500,6850000
BRENTWOOD,2024,495000,1197,597788,90000,4900000
BRENTWOOD,2025,500000,1344,614856,84000,4850000
BRENTWOOD,2026,490000,422,557185,87500,3125000
BRIDGEND,2015,137500,2320,151985,12000,1750000
BRIDGEND,2016,145000,2211,158197,22000,730000
BRIDGEND,2017,149995,2358,164793,8413,925000
BRIDGEND,2018,152000,2499,166715,12000,798000
BRIDGEND,2019,159000,2383,174627,33000,900000
BRIDGEND,2020,169000,1855,186533,35000,1100000
BRIDGEND,2021,180000,2572,206517,37000,1400000
BRIDGEND,2022,199995,2327,223785,35000,1300000
BRIDGEND,2023,195000,1819,224765,40000,1000000
BRIDGEND,2024,210000,1940,232107,45000,910000
BRIDGEND,2025,215000,2026,237906,52500,950000
BRIDGEND,2026,225000,798,244045,43750,1135000
BRIGHTON AND HOVE,2015,300000,5235,352440,21500,2500000
BRIGHTON AND HOVE,2016,325000,4783,383261,50000,3400000
BRIGHTON AND HOVE,2017,350000,4359,409153,67500,3000000
BRIGHTON AND HOVE,2018,350000,3820,405581,70000,3150000
BRIGHTON AND HOVE,2019,352525,3678,414079,68750,2800000
BRIGHTON AND HOVE,2020,380000,3409,438762,71250,2400000
BRIGHTON AND HOVE,2021,400000,5475,467145,70000,3500000
BRIGHTON AND HOVE,2022,422500,4439,502940,71250,4550000
BRIGHTON AND HOVE,2023,415000,3223,500590,68000,7500000
BRIGHTON AND HOVE,2024,410000,3718,493300,72500,2900000
BRIGHTON AND HOVE,2025,412500,3794,496215,103750,3800000
BRIGHTON AND HOVE,2026,428500,1315,485255,108750,2750000
BROADLAND,2015,215000,2301,235971,10000,1430000
BROADLAND,2016,225000,2489,250676,80000,1200000
BROADLAND,2017,240000,2442,265987,55000,1575000
BROADLAND,2018,250000,2339,274694,52500,1550000
BROADLAND,2019,253000,2405,278037,40000,1225000
BROADLAND,2020,265000,2159,292647,70000,1250000
BROADLAND,2021,280000,3001,315326,78000,1600000
BROADLAND,2022,315000,2631,343494,79000,1850000
BROADLAND,2023,305000,2073,337785,46000,1500000
BROADLAND,2024,300000,2237,330495,20000,1500000
BROADLAND,2025,307650,2421,335656,77500,2750000
BROADLAND,2026,300000,785,325819,52000,2800000
BROMLEY,2015,375000,5977,441385,60000,4150000
BROMLEY,2016,420000,5264,478084,65000,4250000
BROMLEY,2017,438000,4744,500811,82500,4000000
BROMLEY,2018,438000,4624,496947,79500,5150000
BROMLEY,2019,440000,4633,498590,80000,3200000
BROMLEY,2020,470000,4338,527898,1,3500000
BROMLEY,2021,490000,6173,559208,84000,6400000
BROMLEY,2022,507500,5009,587582,80000,15375000
BROMLEY,2023,502500,3585,580086,80000,10000000
BROMLEY,2024,500000,4294,580537,80000,6480000
BROMLEY,2025,525000,4410,597185,80000,5100000
BROMLEY,2026,515000,1569,574483,81000,4700000
BROMSGROVE,2015,245000,1720,277726,58000,1800000
BROMSGROVE,2016,258000,1831,294287,59000,1675000
BROMSGROVE,2017,268000,1799,309232,68750,1600000
BROMSGROVE,2018,285000,1754,325677,64500,2800000
BROMSGROVE,2019,285000,1589,326582,68000,1900000
BROMSGROVE,2020,300000,1436,343635,66500,2500000
BROMSGROVE,2021,320000,1872,363337,64000,2700000
BROMSGROVE,2022,337000,1508,382453,65000,2000000
BROMSGROVE,2023,340000,1207,381038,70000,2000000
BROMSGROVE,2024,335000,1381,379058,65000,2500000
BROMSGROVE,2025,345000,1431,389413,65000,2000000
BROMSGROVE,2026,340000,516,387194,65000,1490000
BROXBOURNE,2015,290000,1574,318403,47250,1650000
BROXBOURNE,2016,325000,1508,356376,78000,1712500
BROXBOURNE,2017,340000,1514,374275,84000,1799950
BROXBOURNE,2018,350000,1405,384782,88000,1569500
BROXBOURNE,2019,356000,1208,390369,90500,2200000
BROXBOURNE,2020,375000,1190,416078,88000,3000000
BROXBOURNE,2021,395000,1848,432494,86000,2500000
BROXBOURNE,2022,435000,1442,475102,83532,2485000
BROXBOURNE,2023,430000,1214,463959,88000,3450000
BROXBOURNE,2024,425000,1275,454872,83000,2875000
BROXBOURNE,2025,437000,1387,461163,83000,2800000
BROXBOURNE,2026,425000,459,458164,105000,1799500
BROXTOWE,2015,149000,1798,173234,28500,1110000
BROXTOWE,2016,160000,1957,181360,28000,1350000
BROXTOWE,2017,165000,1880,189645,60000,1300000
BROXTOWE,2018,177000,1987,198118,52500,1275000
BROXTOWE,2019,186000,1697,208969,55000,1000000
BROXTOWE,2020,201000,1475,229918,52000,860000
BROXTOWE,2021,220000,2108,249224,52500,1300000
BROXTOWE,2022,240000,1779,268783,62500,1600000
BROXTOWE,2023,247725,1470,271943,50250,1600000
BROXTOWE,2024,251000,1608,279902,60000,2100000
BROXTOWE,2025,252000,1675,282260,65000,1550000
BROXTOWE,2026,252500,623,275289,79000,1100000
BUCKINGHAMSHIRE,2015,410000,31,544130,143000,1825000
BUCKINGHAMSHIRE,2016,285750,38,353725,155950,1500000
BUCKINGHAMSHIRE,2017,430100,23,605087,150000,2150000
BUCKINGHAMSHIRE,2018,423250,50,468258,145000,1050000
BUCKINGHAMSHIRE,2019,402475,372,487340,91000,1950000
BUCKINGHAMSHIRE,2020,415000,6634,514025,80000,8250000
BUCKINGHAMSHIRE,2021,430000,11574,542524,80000,10000000
BUCKINGHAMSHIRE,2022,450000,9009,572973,80000,6250000
BUCKINGHAMSHIRE,2023,450000,6485,562712,80000,8000000
BUCKINGHAMSHIRE,2024,450000,7309,566451,83250,10950000
BUCKINGHAMSHIRE,2025,460830,7939,569479,51250,7500000
BUCKINGHAMSHIRE,2026,460000,2543,540221,87000,3450000
BURNLEY,2015,78750,1318,94949,10000,620000
BURNLEY,2016,86000,1470,99074,10000,425000
BURNLEY,2017,91995,1589,104329,15000,500000
BURNLEY,2018,90000,1538,106338,10000,530000
BURNLEY,2019,94000,1425,110697,15000,564000
BURNLEY,2020,104950,1231,123200,16000,848000
BURNLEY,2021,119995,1812,136105,650,650000
BURNLEY,2022,130000,1716,149471,15000,825000
BURNLEY,2023,116000,1341,142656,22000,975000
BURNLEY,2024,130000,1483,153690,15000,840000
BURNLEY,2025,135000,1371,156103,15000,850000
BURNLEY,2026,135000,528,154390,20000,935000
BURY,2015,146995,2912,165266,11000,1500000
BURY,2016,150995,3128,172321,13000,1200000
BURY,2017,159000,3013,182358,33250,1600000
BURY,2018,167725,2898,192686,32000,1950000
BURY,2019,175000,2725,199797,700,1300000
BURY,2020,190000,2233,214152,13000,2300000
BURY,2021,215000,3234,241441,2000,1300000
BURY,2022,229000,2765,253650,30000,2500000
BURY,2023,225000,2125,249754,1800,1340000
BURY,2024,240000,2380,267092,33750,1500000
BURY,2025,255000,2439,277534,44000,1600000
BURY,2026,240000,934,265045,40000,995000
CAERPHILLY,2015,119000,2128,130042,4700,775000
CAERPHILLY,2016,120000,2270,132835,21700,950000
CAERPHILLY,2017,125000,2620,140497,30000,750000
CAERPHILLY,2018,129950,2309,145141,35000,975000
CAERPHILLY,2019,137500,2436,152898,35000,1200000
CAERPHILLY,2020,145000,1856,162679,35000,830000
CAERPHILLY,2021,160000,2834,180751,39500,1995000
CAERPHILLY,2022,175000,2478,196718,35000,900000
CAERPHILLY,2023,175000,1858,198242,39999,1340000
CAERPHILLY,2024,185000,2163,206846,39999,825000
CAERPHILLY,2025,192500,2186,213475,39500,790000
CAERPHILLY,2026,200000,817,222485,35000,760000
CALDERDALE,2015,130000,3199,155076,15000,735000
CALDERDALE,2016,135000,3192,161770,25000,1000000
CALDERDALE,2017,135000,3279,162078,32500,930000
CALDERDALE,2018,143000,3436,168862,22250,850000
CALDERDALE,2019,147500,3148,175615,30000,1550000
CALDERDALE,2020,152750,2670,182629,33000,1150000
CALDERDALE,2021,165000,4055,200281,35000,1200000
CALDERDALE,2022,171000,3252,206392,35000,1250000
CALDERDALE,2023,172500,2720,208376,35000,1500000
CALDERDALE,2024,180000,2845,212875,35000,1200000
CALDERDALE,2025,195000,3137,232403,35000,2150000
CALDERDALE,2026,187000,1145,228167,32500,1625000
CAMBRIDGE,2015,405000,1658,486635,48750,3000000
CAMBRIDGE,2016,420000,1640,488936,62500,2800000
CAMBRIDGE,2017,435000,1644,524059,93000,2525000
CAMBRIDGE,2018,425000,1373,528144,94500,5600000
CAMBRIDGE,2019,435000,1390,516546,94000,3000000
CAMBRIDGE,2020,444495,1222,520050,95000,3500000
CAMBRIDGE,2021,455000,1721,553349,70500,5500000
CAMBRIDGE,2022,470400,1663,561765,95000,3277700
CAMBRIDGE,2023,484950,1375,585639,96100,5500000
CAMBRIDGE,2024,495000,1234,597628,103250,4500000
CAMBRIDGE,2025,495000,1336,594619,76000,5000000
CAMBRIDGE,2026,460000,416,531108,120000,2490000
CAMDEN,2015,701800,2472,1037001,80000,22500000
CAMDEN,2016,730000,2160,1059498,100000,24850000
CAMDEN,2017,760000,2163,1093034,118835,17500000
CAMDEN,2018,780000,1805,1111894,176000,12330000
CAMDEN,2019,783113,1619,1157666,183333,38500000
CAMDEN,2020,810000,1749,1144773,160000,14662000
CAMDEN,2021,790000,2441,1176398,133750,25900000
CAMDEN,2022,800000,2123,1226400,175000,22000000
CAMDEN,2023,800000,1917,1209816,178000,26000000
CAMDEN,2024,800000,2188,1168671,189000,22500000
CAMDEN,2025,780000,1944,1226028,175000,53000000
CAMDEN,2026,675000,594,976283,177926,12925000
CANNOCK CHASE,2015,138000,1412,156765,25000,760000
CANNOCK CHASE,2016,149000,1682,167230,44750,800000
CANNOCK CHASE,2017,161750,1842,177569,5300,750000
CANNOCK CHASE,2018,165000,1592,184396,57000,899950
CANNOCK CHASE,2019,172500,1695,189319,53500,1170000
CANNOCK CHASE,2020,190000,1475,208690,52000,875000
CANNOCK CHASE,2021,199975,1964,219679,10270,1100000
CANNOCK CHASE,2022,219950,1673,235281,1,885000
CANNOCK CHASE,2023,220000,1184,240028,10966,1250000
CANNOCK CHASE,2024,220000,1299,235000,60000,985000
CANNOCK CHASE,2025,230000,1495,249442,64000,1850000
CANNOCK CHASE,2026,223000,475,242749,56000,800000
CANTERBURY,2015,245000,2818,274867,15000,1450000
CANTERBURY,2016,270000,2598,302488,40500,1730000
CANTERBURY,2017,289250,2379,318480,51600,1450000
CANTERBURY,2018,299995,2301,335549,65500,1320000
CANTERBURY,2019,302500,2285,345393,65000,1775000
CANTERBURY,2020,325000,2097,360706,73000,2300000
CANTERBURY,2021,340000,3170,380796,65000,2100000
CANTERBURY,2022,360000,2541,400719,65000,2250000
CANTERBURY,2023,351498,1934,396238,62000,2820000
CANTERBURY,2024,350000,2134,389781,55500,3125000
CANTERBURY,2025,345000,2206,386454,65000,2550000
CANTERBURY,2026,335000,794,371020,66000,1400000
CARDIFF,2015,172000,5413,202790,27500,1999999
CARDIFF,2016,180000,5533,213654,10000,1480000
CARDIFF,2017,185000,5472,221714,45000,2000000
CARDIFF,2018,200000,5618,233705,500,2000000
CARDIFF,2019,208000,5447,238331,4000,960000
CARDIFF,2020,220995,3987,252184,48000,1500000
CARDIFF,2021,247000,5735,279799,21670,1775000
CARDIFF,2022,258997.5,5490,294554,46000,1675000
CARDIFF,2023,256000,4196,298765,45000,2000000
CARDIFF,2024,265000,4484,302508,35000,1850000
CARDIFF,2025,270000,4554,317179,30000,20000000
CARDIFF,2026,270000,1666,303188,30000,1585000
CARLISLE,2015,130000,1895,150991,26250,760000
CARLISLE,2016,132500,1901,154768,30000,685000
CARLISLE,2017,139500,2083,157154,40000,700000
CARLISLE,2018,140000,2076,163345,33000,1688295
CARLISLE,2019,145000,1936,164273,40000,885000
CARLISLE,2020,153000,1820,174970,40000,745000
CARLISLE,2021,157000,2498,181481,40000,870000
CARLISLE,2022,150000,1717,180307,45000,1050000
CARLISLE,2023,140000,208,175199,43120,610000
CARMARTHENSHIRE,2015,130000,2489,147768,27000,590000
CARMARTHENSHIRE,2016,135000,2799,149264,22000,750000
CARMARTHENSHIRE,2017,135000,2963,153150,15000,1800000
CARMARTHENSHIRE,2018,137750,2900,157589,30000,865000
CARMARTHENSHIRE,2019,145000,2769,164176,9000,670000
CARMARTHENSHIRE,2020,153355,2322,174562,30000,840000
CARMARTHENSHIRE,2021,170000,3399,201635,30000,1125000
CARMARTHENSHIRE,2022,180000,2769,220149,30000,1750000
CARMARTHENSHIRE,2023,178990,2136,212068,32500,1200000
CARMARTHENSHIRE,2024,187500,2148,220663,35000,1200000
CARMARTHENSHIRE,2025,200000,2372,228514,30000,1250000
CARMARTHENSHIRE,2026,198725,900,227337,66000,800000
CASTLE POINT,2015,248000,1599,265365,45000,1100000
CASTLE POINT,2016,270000,1519,289245,100000,1350000
CASTLE POINT,2017,294500,1438,322214,112000,1270000
CASTLE POINT,2018,300000,1315,321579,125000,2050000
CASTLE POINT,2019,300000,1365,320615,112000,1500000
CASTLE POINT,2020,315000,1271,339917,118000,1200000
CASTLE POINT,2021,335000,1860,363651,110000,1425000
CASTLE POINT,2022,365000,1337,391996,1,1600000
CASTLE POINT,2023,360000,1078,382064,110000,1840000
CASTLE POINT,2024,355500,1237,377542,120000,1250000
CASTLE POINT,2025,370000,1355,394253,110000,2300000
CASTLE POINT,2026,365000,462,393276,115000,1375000
CENTRAL BEDFORDSHIRE,2015,246000,5938,271966,32500,1995000
CENTRAL BEDFORDSHIRE,2016,272000,5787,297516,34375,1720000
CENTRAL BEDFORDSHIRE,2017,300000,5510,329285,39663,2000000
CENTRAL BEDFORDSHIRE,2018,315000,5240,337748,54000,2180000
CENTRAL BEDFORDSHIRE,2019,315000,5234,342617,50000,1825000
CENTRAL BEDFORDSHIRE,2020,325000,4868,356016,46250,1975000
CENTRAL BEDFORDSHIRE,2021,342000,7490,374492,56250,1900000
CENTRAL BEDFORDSHIRE,2022,375000,5931,398892,52500,2600000
CENTRAL BEDFORDSHIRE,2023,370000,4206,394217,50750,1850000
CENTRAL BEDFORDSHIRE,2024,370000,4727,398974,51250,3600000
CENTRAL BEDFORDSHIRE,2025,365000,5119,396317,52000,1800000
CENTRAL BEDFORDSHIRE,2026,365000,1656,386557,53129,1617500
CEREDIGION,2015,169000,849,184505,38500,600000
CEREDIGION,2016,173000,859,188087,35000,650000
CEREDIGION,2017,180000,1035,196740,56000,810000
CEREDIGION,2018,177750,998,197407,56000,620000
CEREDIGION,2019,185500,1007,203587,57000,750000
CEREDIGION,2020,190000,877,215495,58000,1000000
CEREDIGION,2021,223000,1243,243180,65000,1347964
CEREDIGION,2022,240125,1047,270817,70000,1567100
CEREDIGION,2023,235000,739,263520,50000,851000
CEREDIGION,2024,237500,845,263801,59000,923596
CEREDIGION,2025,225000,868,252392,56000,750000
CEREDIGION,2026,235000,346,252264,73000,855000
CHARNWOOD,2015,179950,2900,211639,30375,1500000
CHARNWOOD,2016,190000,3040,226051,42000,3280000
CHARNWOOD,2017,204975,3092,234582,45500,1600000
CHARNWOOD,2018,213000,3231,240395,43000,2100000
CHARNWOOD,2019,222000,2931,252498,55000,5200000
CHARNWOOD,2020,230000,2398,263698,52500,2190000
CHARNWOOD,2021,249950,3190,279764,52500,1988180
CHARNWOOD,2022,265000,2627,303481,50000,2350000
CHARNWOOD,2023,270000,2318,309568,45000,6750000
CHARNWOOD,2024,270000,2392,312697,16500,3450000
CHARNWOOD,2025,279000,2672,315045,50000,3100000
CHARNWOOD,2026,270000,938,301285,70000,1650000
CHELMSFORD,2015,274995,3226,314256,24000,2535336
CHELMSFORD,2016,313500,3291,356608,65000,3700000
CHELMSFORD,2017,335000,2950,381201,80000,2900000
CHELMSFORD,2018,345000,2866,391048,75000,2400000
CHELMSFORD,2019,350000,2777,394690,75000,1920000
CHELMSFORD,2020,380000,2479,423999,73500,2137500
CHELMSFORD,2021,380000,3671,433848,62000,2435000
CHELMSFORD,2022,400000,3146,450335,73750,2250000
CHELMSFORD,2023,395000,2316,439245,75000,2705000
CHELMSFORD,2024,399995,2415,447178,75000,3275000
CHELMSFORD,2025,410000,2690,457788,72900,3200000
CHELMSFORD,2026,398000,949,439145,80000,3480000
CHELTENHAM,2015,225000,2477,274652,50000,2500000
CHELTENHAM,2016,240500,2668,293623,34500,3880000
CHELTENHAM,2017,260000,2443,321944,60000,2600000
CHELTENHAM,2018,272500,2359,328370,60000,3000000
CHELTENHAM,2019,265000,1983,334801,60000,3750000
CHELTENHAM,2020,285000,1854,360827,63000,3100000
CHELTENHAM,2021,300000,2773,379950,60000,3800000
CHELTENHAM,2022,319000,2185,405249,60000,3920000
CHELTENHAM,2023,317750,1642,402544,60840,3273000
CHELTENHAM,2024,330000,1931,425643,60000,5000000
CHELTENHAM,2025,325000,2108,420214,63000,3950000
CHELTENHAM,2026,320000,687,397104,60000,3150000
CHERWELL,2015,270000,2708,303440,65000,2000000
CHERWELL,2016,300000,2921,326663,55000,2750000
CHERWELL,2017,303974.5,2736,331466,62000,1405000
CHERWELL,2018,315000,2622,342578,64000,3362080
CHERWELL,2019,310000,2486,340608,67500,2400000
CHERWELL,2020,315000,2309,358921,60000,4650000
CHERWELL,2021,338000,3774,376388,61250,3000000
CHERWELL,2022,355000,2978,393393,70000,2925000
CHERWELL,2023,365000,2089,396892,49000,2670000
CHERWELL,2024,350000,2233,394637,61250,3150000
CHERWELL,2025,360000,2409,396809,60000,4100000
CHERWELL,2026,350000,823,392802,59995,1900000
CHESHIRE EAST,2015,193600,7287,246534,25000,4500000
CHESHIRE EAST,2016,205000,7475,261161,21799,4200000
CHESHIRE EAST,2017,220000,7596,278208,5900,5625000
CHESHIRE EAST,2018,235000,7568,287699,600,4300000
CHESHIRE EAST,2019,240000,7695,292174,32500,6250000
CHESHIRE EAST,2020,250000,7150,312155,32500,5450000
CHESHIRE EAST,2021,270000,9914,335114,5900,5100000
CHESHIRE EAST,2022,283500,7979,354602,33750,5000000
CHESHIRE EAST,2023,285000,6498,354103,450,7000000
CHESHIRE EAST,2024,297500,6770,364308,23500,8720000
CHESHIRE EAST,2025,300000,7396,378450,21250,5750000
CHESHIRE EAST,2026,290000,2418,349630,20000,4300000
CHESHIRE WEST AND CHESTER,2015,182750,5997,220934,21000,1700000
CHESHIRE WEST AND CHESTER,2016,188000,6192,227884,16500,1925000
CHESHIRE WEST AND CHESTER,2017,199994,6601,235394,32000,2837000
CHESHIRE WEST AND CHESTER,2018,195995,6097,238626,35000,1800000
CHESHIRE WEST AND CHESTER,2019,204995,5783,243038,32000,2250000
CHESHIRE WEST AND CHESTER,2020,222000,5126,264417,35000,2500000
CHESHIRE WEST AND CHESTER,2021,240000,7346,288690,22000,3075000
CHESHIRE WEST AND CHESTER,2022,250000,6035,300754,20000,3335000
CHESHIRE WEST AND CHESTER,2023,250000,4856,300858,20000,3150000
CHESHIRE WEST AND CHESTER,2024,260000,5166,307714,25000,2300000
CHESHIRE WEST AND CHESTER,2025,264000,5522,313238,30000,4300000
CHESHIRE WEST AND CHESTER,2026,267000,2042,306516,20000,1725000
CHESTERFIELD,2015,134000,1591,152803,35000,895000
CHESTERFIELD,2016,135000,1539,158028,47500,860000
CHESTERFIELD,2017,147500,1602,171560,38000,925000
CHESTERFIELD,2018,150000,1523,177519,48500,900000
CHESTERFIELD,2019,155000,1529,182459,50000,750000
CHESTERFIELD,2020,172250,1410,197392,11350,835000
CHESTERFIELD,2021,185000,1963,212688,50000,1220000
CHESTERFIELD,2022,186000,1675,218760,50000,825000
CHESTERFIELD,2023,185000,1436,219257,49000,1142500
CHESTERFIELD,2024,191948,1488,222629,45000,944000
CHESTERFIELD,2025,200000,1545,229961,55000,895000
CHESTERFIELD,2026,193000,583,221667,65000,830000
CHICHESTER,2015,316997,2179,405277,55500,3500000
CHICHESTER,2016,345000,2104,428463,67500,4825000
CHICHESTER,2017,357250,2088,448480,70000,3850000
CHICHESTER,2018,370000,1971,458107,46500,4500000
CHICHESTER,2019,360000,1811,457763,74000,4687500
CHICHESTER,2020,393500,1932,510046,69999,5000000
CHICHESTER,2021,402000,2899,514059,72000,8000000
CHICHESTER,2022,425000,2257,557137,71750,5200000
CHICHESTER,2023,420000,1755,550143,70500,6000000
CHICHESTER,2024,420000,1805,531497,70000,4100000
CHICHESTER,2025,432750,1792,544912,70000,3900000
CHICHESTER,2026,400000,629,479955,72500,5000000
CHILTERN,2015,470000,1600,562935,82000,3800000
CHILTERN,2016,515000,1439,593725,85000,3143987
CHILTERN,2017,541250,1448,647991,135000,4500000
CHILTERN,2018,550000,1251,647399,135000,3900000
CHILTERN,2019,530000,1268,623549,135000,3800000
CHILTERN,2020,552500,162,627850,135000,2500000
CHORLEY,2015,162725,2084,191306,28500,2125000
CHORLEY,2016,164950,2143,193188,35000,1175000
CHORLEY,2017,170000,2083,196696,39999,806600
CHORLEY,2018,166000,2141,194496,5900,1500000
CHORLEY,2019,175000,2025,204788,2830,1200000
CHORLEY,2020,185000,1745,216337,45000,1900000
CHORLEY,2021,192000,2298,230930,45000,2700000
CHORLEY,2022,200000,1938,235207,1244,1536000
CHORLEY,2023,205000,1444,246813,46800,1402000
CHORLEY,2024,220000,1627,256183,40000,1450000
CHORLEY,2025,222500,1755,260181,50000,1950000
CHORLEY,2026,227500,619,261393,68000,1220000
CHRISTCHURCH,2015,302250,1154,330664,52000,1444595
CHRISTCHURCH,2016,320000,1060,350124,65000,1650000
CHRISTCHURCH,2017,338500,1022,371212,90000,1922000
CHRISTCHURCH,2018,353000,995,376343,90000,1650000
CHRISTCHURCH,2019,350000,134,368961,115000,850000
CITY OF BRISTOL,2015,215000,7994,253647,1400,1800000
CITY OF BRISTOL,2016,242000,7693,284512,44250,2500000
CITY OF BRISTOL,2017,259500,7691,299997,49000,3085000
CITY OF BRISTOL,2018,265000,7185,309726,47100,2500000
CITY OF BRISTOL,2019,270000,6585,316724,53000,3350000
CITY OF BRISTOL,2020,290000,5675,343137,45600,3000000
CITY OF BRISTOL,2021,310250,8488,360897,56000,3900000
CITY OF BRISTOL,2022,335000,7021,393274,53550,3500000
CITY OF BRISTOL,2023,335500,5767,384946,50000,3160000
CITY OF BRISTOL,2024,340000,5889,392467,46250,3950000
CITY OF BRISTOL,2025,350000,6201,402999,60000,2825000
CITY OF BRISTOL,2026,355000,2388,396830,45000,2600000
CITY OF DERBY,2015,138250,3652,159808,26500,990000
CITY OF DERBY,2016,145000,3728,165347,21000,700000
CITY OF DERBY,2017,148000,3735,169027,30000,770000
CITY OF DERBY,2018,155000,3585,178739,31050,870000
CITY OF DERBY,2019,168000,3236,187753,30000,899950
CITY OF DERBY,2020,172000,2773,195793,30000,1025000
CITY OF DERBY,2021,187500,3968,212890,33500,1250000
CITY OF DERBY,2022,199950,3285,222102,30000,1660000
CITY OF DERBY,2023,200000,2841,224309,30000,1888027
CITY OF DERBY,2024,215000,2897,236097,31500,950000
CITY OF DERBY,2025,220000,3093,242991,30000,1800000
CITY OF DERBY,2026,215000,1206,236636,31000,1075000
CITY OF KINGSTON UPON HULL,2015,100000,3382,111317,19341,395000
CITY OF KINGSTON UPON HULL,2016,108000,2863,116464,19000,474950
CITY OF KINGSTON UPON HULL,2017,111000,3181,120770,28000,620000
CITY OF KINGSTON UPON HULL,2018,115000,3403,122660,22000,455000
CITY OF KINGSTON UPON HULL,2019,120000,3289,127620,25176,490000
CITY OF KINGSTON UPON HULL,2020,120000,2778,133034,20000,2599950
CITY OF KINGSTON UPON HULL,2021,129950,3829,139813,20000,448000
CITY OF KINGSTON UPON HULL,2022,135000,3619,145022,22000,670000
CITY OF KINGSTON UPON HULL,2023,130000,2702,141730,24000,572000
CITY OF KINGSTON UPON HULL,2024,136000,2783,147870,23000,495000
CITY OF KINGSTON UPON HULL,2025,143500,2949,155440,21500,545000
CITY OF KINGSTON UPON HULL,2026,140000,1089,150551,28500,550000
CITY OF LONDON,2015,799999.5,276,929925,315000,4450000
CITY OF LONDON,2016,835000,137,937416,300000,3835000
CITY OF LONDON,2017,838000,219,949574,395000,3700000
CITY OF LONDON,2018,924015,364,1270832,360000,9141500
CITY OF LONDON,2019,870000,136,1085878,320000,6725000
CITY OF LONDON,2020,859500,187,1129186,300000,6450000
CITY OF LONDON,2021,805000,215,1017903,335000,4900000
CITY OF LONDON,2022,835000,181,1082796,325000,6120000
CITY OF LONDON,2023,890000,159,1110046,385000,5350000
CITY OF LONDON,2024,796812.5,216,990213,340000,3600000
CITY OF LONDON,2025,825000,160,987388,382000,3200000
CITY OF LONDON,2026,650000,43,778667,357400,2400000
CITY OF NOTTINGHAM,2015,115000,3829,137659,24000,1250000
CITY OF NOTTINGHAM,2016,124000,3947,147724,42560,1250000
CITY OF NOTTINGHAM,2017,130000,3811,158099,35000,2700000
CITY OF NOTTINGHAM,2018,138000,3876,164747,35000,1450000
CITY OF NOTTINGHAM,2019,140000,3754,166031,34000,1110000
CITY OF NOTTINGHAM,2020,155000,2710,188321,35500,1505000
CITY OF NOTTINGHAM,2021,170000,3555,206484,37000,2060000
CITY OF NOTTINGHAM,2022,182500,3493,211848,35000,1900000
CITY OF NOTTINGHAM,2023,190000,2711,220902,38000,1650000
CITY OF NOTTINGHAM,2024,190000,2739,218426,35000,1765200
CITY OF NOTTINGHAM,2025,200000,2870,224815,34000,1275000
CITY OF NOTTINGHAM,2026,199000,1071,223269,35500,905000
CITY OF PETERBOROUGH,2015,155000,3134,175019,27000,1298750
CITY OF PETERBOROUGH,2016,165000,3322,189724,36500,1842500
CITY OF PETERBOROUGH,2017,174000,3262,199541,34500,1615000
CITY OF PETERBOROUGH,2018,186995,3157,209699,34500,1450000
CITY OF PETERBOROUGH,2019,202000,3069,219858,33750,2650000
CITY OF PETERBOROUGH,2020,215000,2510,233845,34500,1600000
CITY OF PETERBOROUGH,2021,223000,3437,249518,34500,1650000
CITY OF PETERBOROUGH,2022,240000,2961,264783,33000,1875000
CITY OF PETERBOROUGH,2023,240000,2198,270798,38000,2750000
CITY OF PETERBOROUGH,2024,250000,2400,277822,36250,2025000
CITY OF PETERBOROUGH,2025,245000,2429,273384,36000,2600000
CITY OF PETERBOROUGH,2026,235000,774,263223,62000,1725000
CITY OF PLYMOUTH,2015,162000,4374,178392,22000,895000
CITY OF PLYMOUTH,2016,165975,4494,183341,30000,1000000
CITY OF PLYMOUTH,2017,170000,4359,186878,25000,1050000
CITY OF PLYMOUTH,2018,177000,4225,195451,42000,950000
CITY OF PLYMOUTH,2019,178000,4101,199364,3750,1700000
CITY OF PLYMOUTH,2020,187500,3444,209669,41000,1110000
CITY OF PLYMOUTH,2021,195000,4629,218776,41250,825000
CITY OF PLYMOUTH,2022,215000,4382,234532,41500,1250000
CITY OF PLYMOUTH,2023,210000,3402,234519,40500,1350000
CITY OF PLYMOUTH,2024,220000,3673,239176,40000,1200000
CITY OF PLYMOUTH,2025,227000,3846,251787,41500,17000000
CITY OF PLYMOUTH,2026,225000,1500,242969,43500,950000
CITY OF WESTMINSTER,2015,890000,2891,1359046,20370,22500000
CITY OF WESTMINSTER,2016,1025000,2783,1578509,20000,30000000
CITY OF WESTMINSTER,2017,1050000,2607,1743460,102500,90000000
CITY OF WESTMINSTER,2018,1010000,2082,1725554,135000,56000000
CITY OF WESTMINSTER,2019,975000,2099,1875045,20000,51883694
CITY OF WESTMINSTER,2020,950000,1913,1853498,170943,53360000
CITY OF WESTMINSTER,2021,935000,2795,1630652,150000,33649821
CITY OF WESTMINSTER,2022,1075000,2816,1965987,150000,45000000
CITY OF WESTMINSTER,2023,1100000,2456,2181992,150000,53000000
CITY OF WESTMINSTER,2024,970000,2361,1960038,105000,74933000
CITY OF WESTMINSTER,2025,887250,2114,1634880,145000,34000000
CITY OF WESTMINSTER,2026,718500,594,1216710,100000,15500000
COLCHESTER,2015,217500,3731,246298,12000,1500000
COLCHESTER,2016,239995,3877,261700,59000,1600000
COLCHESTER,2017,265000,3632,287756,60000,2200000
COLCHESTER,2018,275000,3682,295392,69000,1750000
COLCHESTER,2019,272000,3158,292800,64750,1550000
COLCHESTER,2020,285000,2786,316634,50000,1690000
COLCHESTER,2021,306500,4218,336992,64750,2205000
COLCHESTER,2022,320000,3334,347422,67000,2400000
COLCHESTER,2023,325000,2476,359428,54000,1750000
COLCHESTER,2024,325000,2599,357441,64750,1840000
COLCHESTER,2025,330000,2877,364774,67000,2000000
COLCHESTER,2026,320000,1074,341656,64750,1955000
CONWY,2015,146875,1876,165766,20000,1450000
CONWY,2016,150000,2065,173925,26000,888649
CONWY,2017,158000,2359,180620,34200,1485000
CONWY,2018,160000,2228,181404,29950,1160000
CONWY,2019,165767.5,2014,190862,29000,1255000
CONWY,2020,180000,1659,210138,30000,1385000
CONWY,2021,199950,2490,230752,40000,1220000
CONWY,2022,207000,2107,232711,25000,1400000
CONWY,2023,210000,1626,236328,39850,2138000
CONWY,2024,215000,1807,244014,35000,975000
CONWY,2025,217000,1915,246661,25000,1499950
CONWY,2026,210000,710,238468,26500,1360000
COPELAND,2015,120000,1076,137173,10000,525000
COPELAND,2016,121000,1036,140545,25000,475000
COPELAND,2017,125000,1028,145667,33500,565000
COPELAND,2018,125000,991,145383,30000,460000
COPELAND,2019,127500,1030,145125,32500,650000
COPELAND,2020,130000,1038,155014,33000,775000
COPELAND,2021,138500,1429,165435,32500,890000
COPELAND,2022,135000,959,164581,35000,995000
COPELAND,2023,125000,117,167343,50000,820000
CORBY,2015,150000,1193,165279,40000,675000
CORBY,2016,154950,1336,171925,56500,585000
CORBY,2017,179972.5,1432,198396,50235,1000000
CORBY,2018,188000,1457,206294,60000,685000
CORBY,2019,189950,1249,211218,60000,690000
CORBY,2020,197500,771,220555,75000,900000
CORBY,2021,219250,32,253779,135000,625000
CORNWALL,2015,200000,10504,238670,27500,4400000
CORNWALL,2016,210000,10948,244503,17000,2925000
CORNWALL,2017,219950,11146,254479,20000,2550000
CORNWALL,2018,225000,10360,262833,33750,3250000
CORNWALL,2019,230000,10267,270372,50000,4650000
CORNWALL,2020,250000,9361,304342,47000,4250000
CORNWALL,2021,274995,12639,332246,36000,7500000
CORNWALL,2022,295000,9916,357464,30000,8125000
CORNWALL,2023,294995,7873,355926,30000,4350000
CORNWALL,2024,290000,8275,348925,35000,9500000
CORNWALL,2025,287500,8541,339821,32400,5817576
CORNWALL,2026,282250,3202,324859,30000,4054880
COTSWOLD,2015,317000,1744,385257,40000,9000000
COTSWOLD,2016,335000,1853,388771,50500,2900500
COTSWOLD,2017,350000,1866,424563,65000,5750000
COTSWOLD,2018,353250,1646,425400,61050,3900000
COTSWOLD,2019,345000,1497,421874,67500,3150000
COTSWOLD,2020,385000,1530,487448,80000,7000000
COTSWOLD,2021,415000,2098,514243,70000,10500000
COTSWOLD,2022,436000,1560,562266,78200,6500000
COTSWOLD,2023,450000,1357,571411,75000,4800000
COTSWOLD,2024,450000,1325,587423,72500,7250000
COTSWOLD,2025,450000,1456,571814,65000,6500000
COTSWOLD,2026,430000,502,543544,85000,6000000
COUNTY DURHAM,2015,110000,7250,128210,9044,1259000
COUNTY DURHAM,2016,112400,7461,128742,10000,1050000
COUNTY DURHAM,2017,114950,8038,133326,10000,1520000
COUNTY DURHAM,2018,118000,7868,135595,14000,2000000
COUNTY DURHAM,2019,120000,7785,141250,10000,1560000
COUNTY DURHAM,2020,125000,6932,147196,17000,1950000
COUNTY DURHAM,2021,132000,9807,159528,15000,2100000
COUNTY DURHAM,2022,134950,8855,162717,10000,1560000
COUNTY DURHAM,2023,130000,7129,159791,10000,1450000
COUNTY DURHAM,2024,140000,7606,168158,11000,1900000
COUNTY DURHAM,2025,147000,7852,176761,10000,1400000
COUNTY DURHAM,2026,138000,2770,164010,10000,1570000
COVENTRY,2015,145000,4669,166649,20000,1200000
COVENTRY,2016,155000,4884,176373,19125,1265000
COVENTRY,2017,167000,4581,187981,31500,1100000
COVENTRY,2018,179950,4314,199650,45000,1380000
COVENTRY,2019,181995,4041,202328,50000,1200000
COVENTRY,2020,187000,3388,210852,44100,1975000
COVENTRY,2021,205000,4767,227886,52000,1300000
COVENTRY,2022,220000,4328,242999,32500,1270000
COVENTRY,2023,220000,3150,241915,20000,1700000
COVENTRY,2024,223250,3595,242886,1,1450000
COVENTRY,2025,230000,3676,254309,25000,1450000
COVENTRY,2026,227000,1226,241081,15000,900000
CRAVEN,2015,185000,1096,218076,55000,945000
CRAVEN,2016,190000,1065,227830,55000,1060000
CRAVEN,2017,199950,1118,241555,70000,1130000
CRAVEN,2018,198500,1085,237805,70000,1050000
CRAVEN,2019,221250,1138,265138,70000,1800000
CRAVEN,2020,240000,1090,279350,75500,1100000
CRAVEN,2021,235000,1236,282653,73750,1900000
CRAVEN,2022,250000,819,304549,74280,1475000
CRAVEN,2023,262500,99,293474,79950,677500
CRAWLEY,2015,250000,1680,261235,43750,750000
CRAWLEY,2016,271000,1597,284146,55500,695000
CRAWLEY,2017,285000,1490,302797,79500,1250000
CRAWLEY,2018,295750,1545,312669,64500,915000
CRAWLEY,2019,290000,1403,303884,81000,947000
CRAWLEY,2020,305000,1082,322713,84000,840000
CRAWLEY,2021,310000,1735,329471,80000,1500000
CRAWLEY,2022,332000,1474,344292,80000,1396070
CRAWLEY,2023,350000,1183,362389,78000,1170000
CRAWLEY,2024,345000,1198,354387,77000,1300000
CRAWLEY,2025,350000,1226,357656,84000,1100000
CRAWLEY,2026,350000,404,362382,102500,1000000
CROYDON,2015,306000,5629,340950,43750,3000000
CROYDON,2016,338000,5184,371938,27500,2750000
CROYDON,2017,365000,4865,399536,82500,4040000
CROYDON,2018,380000,4092,418065,83750,2720000
CROYDON,2019,385000,4049,413538,82500,2900000
CROYDON,2020,399950,3823,426357,82500,2450000
CROYDON,2021,408500,5826,441643,82500,3000000
CROYDON,2022,425000,4697,462418,82500,3187000
CROYDON,2023,410000,3434,448415,82500,3450000
CROYDON,2024,420000,3653,457880,82250,3700000
CROYDON,2025,425000,3942,462451,82500,3175000
CROYDON,2026,422500,1376,450082,85000,1900000
CUMBERLAND,2015,257500,9,272222,140000,500000
CUMBERLAND,2016,127500,4,130625,95000,172500
CUMBERLAND,2017,304000,2,304000,148000,460000
CUMBERLAND,2018,435000,1,435000,435000,435000
CUMBERLAND,2019,230000,12,262333,70000,585000
CUMBERLAND,2020,195500,56,210335,38000,650000
CUMBERLAND,2021,205000,306,230962,45555,730000
CUMBERLAND,2022,210000,1032,231768,30000,950000
CUMBERLAND,2023,161000,3725,197711,30000,1800000
CUMBERLAND,2024,175000,4455,205901,15000,2150000
CUMBERLAND,2025,175250,4566,208814,30000,1500000
CUMBERLAND,2026,175000,1760,204823,30000,956000
DACORUM,2015,325000,2827,404660,50000,4700000
DACORUM,2016,340000,2549,419617,64750,2767450
DACORUM,2017,385000,2306,458011,77000,2465000
DACORUM,2018,377500,2205,450752,77000,3000000
DACORUM,2019,372250,2000,450506,75000,3000000
DACORUM,2020,410000,1951,487987,90000,3165000
DACORUM,2021,423500,3211,507500,76000,3860000
DACORUM,2022,433000,2560,520021,78750,4250000
DACORUM,2023,440000,1809,533734,76000,3750000
DACORUM,2024,450000,1887,541910,70000,3925000
DACORUM,2025,455657,2086,558041,78000,3675000
DACORUM,2026,442000,751,513369,82900,2187500
DARLINGTON,2015,131000,1693,151764,25000,705000
DARLINGTON,2016,132500,1636,149985,21000,740000
DARLINGTON,2017,138725,1688,156636,38000,1130000
DARLINGTON,2018,141500,1602,161566,25000,1110000
DARLINGTON,2019,143000,1664,169394,38000,1100000
DARLINGTON,2020,153500,1618,178601,37500,1241794
DARLINGTON,2021,160000,2400,190970,20000,1100000
DARLINGTON,2022,165995,1951,202016,39995,2050000
DARLINGTON,2023,164475,1606,190880,38000,1100000
DARLINGTON,2024,169497.5,1712,194238,39000,795000
DARLINGTON,2025,180000,1740,208788,39150,1150000
DARLINGTON,2026,165000,619,193702,39750,1010000
DARTFORD,2015,253747.5,2200,270291,42500,1300000
DARTFORD,2016,288000,2363,303896,39999,1400000
DARTFORD,2017,305000,2466,318737,49000,1450000
DARTFORD,2018,306500,2478,329044,57000,1562000
DARTFORD,2019,320000,1997,336120,60000,1300000
DARTFORD,2020,311000,1639,339388,57500,2100000
DARTFORD,2021,345000,2239,364431,60000,1950000
DARTFORD,2022,365000,1981,388162,60000,2500000
DARTFORD,2023,365000,1626,383291,61250,1750000
DARTFORD,2024,355000,1590,377612,61250,2150000
DARTFORD,2025,385000,1631,404116,64500,1975000
DARTFORD,2026,370000,563,382378,66000,1400000
DAVENTRY,2015,227750,1624,266205,52000,1300000
DAVENTRY,2016,255950,1731,293008,51000,3600000
DAVENTRY,2017,269997.5,1756,302690,52000,1500000
DAVENTRY,2018,285000,1670,321485,60000,1800000
DAVENTRY,2019,275000,1487,307408,55000,1260000
DAVENTRY,2020,280000,1085,322092,49000,1950000
DAVENTRY,2021,348000,85,372768,120000,895000
DENBIGHSHIRE,2015,135000,1338,157910,30000,695000
DENBIGHSHIRE,2016,136900,1293,160417,16600,1280000
DENBIGHSHIRE,2017,140500,1479,164816,1500,1100000
DENBIGHSHIRE,2018,146000,1445,171579,33000,857500
DENBIGHSHIRE,2019,150749.5,1442,175923,30500,830000
DENBIGHSHIRE,2020,160000,1267,187141,37500,710000
DENBIGHSHIRE,2021,185000,1746,218372,38000,1195000
DENBIGHSHIRE,2022,190000,1632,226162,39000,1300000
DENBIGHSHIRE,2023,185000,1247,214885,48500,950000
DENBIGHSHIRE,2024,190000,1239,219790,42000,790950
DENBIGHSHIRE,2025,200000,1320,229029,40000,1125000
DENBIGHSHIRE,2026,205000,507,231886,40000,1175000
DERBYSHIRE DALES,2015,225000,1190,263986,40000,1170000
DERBYSHIRE DALES,2016,235000,1290,277767,65000,1537500
DERBYSHIRE DALES,2017,245000,1196,280537,79000,1500000
DERBYSHIRE DALES,2018,264300,1206,297463,75000,1900000
DERBYSHIRE DALES,2019,265000,1212,310255,82500,6000000
DERBYSHIRE DALES,2020,277500,1165,327977,83200,1700000
DERBYSHIRE DALES,2021,297000,1563,352024,83750,3350000
DERBYSHIRE DALES,2022,330000,1204,381200,86000,3850000
DERBYSHIRE DALES,2023,320000,1000,368953,83000,2800000
DERBYSHIRE DALES,2024,320000,1019,377930,76000,2000000
DERBYSHIRE DALES,2025,320000,1087,375944,87950,3775000
DERBYSHIRE DALES,2026,310000,399,369025,85000,1350000
DONCASTER,2015,125000,4120,142116,18000,850000
DONCASTER,2016,127500,4339,146642,20000,700000
DONCASTER,2017,129995,4502,148073,25000,1500000
DONCASTER,2018,130000,4593,149490,25000,1250000
DONCASTER,2019,133500,4516,153849,25000,1080000
DONCASTER,2020,142000,3924,163504,25000,1300000
DONCASTER,2021,159972.5,5340,182573,15600,1225000
DONCASTER,2022,165000,4963,187810,25000,1500000
DONCASTER,2023,165000,3863,186193,25000,2150000
DONCASTER,2024,174000,3878,196529,32000,1700000
DONCASTER,2025,180000,4158,212495,25000,29500000
DONCASTER,2026,180000,1458,203239,27000,1500000
DORSET,2015,255000,41,326759,65000,1750000
DORSET,2016,269500,38,298156,100000,830000
DORSET,2017,315000,45,329518,110000,845000
DORSET,2018,275000,239,322191,60000,1430000
DORSET,2019,285000,5461,324139,52500,2565000
DORSET,2020,312000,6178,348463,52500,3056000
DORSET,2021,331000,8853,380118,52500,3525000
DORSET,2022,352500,7005,404314,54375,3130000
DORSET,2023,350000,5738,403248,55000,2860000
DORSET,2024,345550,6039,388740,53000,3675000
DORSET,2025,345000,6556,384625,55000,2725000
DORSET,2026,334000,2344,373144,55000,4500000
DOVER,2015,195000,2347,227528,40000,1525000
DOVER,2016,213995,2326,242069,33000,1550000
DOVER,2017,232500,2228,260495,50000,1275000
DOVER,2018,245475,1982,274904,47250,1425000
DOVER,2019,250000,1902,275291,47250,1300000
DOVER,2020,264950,1709,301371,49500,1700000
DOVER,2021,281747.5,2686,326266,40000,2100000
DOVER,2022,320000,2056,353058,60000,3900000
DOVER,2023,310000,1448,351006,56000,1825000
DOVER,2024,295000,1742,336941,57598,1685000
DOVER,2025,294995,1873,333804,48000,1898182
DOVER,2026,285000,629,320417,58500,1900000
DUDLEY,2015,147500,4227,163021,20000,795000
DUDLEY,2016,150000,4482,168828,26500,915000
DUDLEY,2017,158000,4323,174666,38500,875000
DUDLEY,2018,164000,4435,182040,5450,965000
DUDLEY,2019,173000,4377,191579,39000,1500000
DUDLEY,2020,185995,3615,206384,37000,965000
DUDLEY,2021,200000,5123,223203,37000,1750000
DUDLEY,2022,215000,4076,234629,37000,1050000
DUDLEY,2023,218000,3202,237983,39000,2300000
DUDLEY,2024,230000,3647,248296,42000,1400000
DUDLEY,2025,244000,3816,261549,40000,2075000
DUDLEY,2026,236000,1249,253939,45000,1400000
EALING,2015,432500,3497,525521,15000,3400000
EALING,2016,465000,3065,554548,80000,3750000
EALING,2017,480000,2628,573642,85500,3900000
EALING,2018,470000,2705,559315,82500,3400000
EALING,2019,466250,2632,565610,84000,4250000
EALING,2020,500000,2369,598316,80625,3700000
EALING,2021,505000,3955,610983,80000,8250000
EALING,2022,535000,3694,635300,83938,5753270
EALING,2023,528750,2682,633930,82500,4325000
EALING,2024,520000,2984,645696,79500,6000000
EALING,2025,532750,2819,653636,8000,4600000
EALING,2026,520000,909,617464,100000,5500000
EAST CAMBRIDGESHIRE,2015,239999.5,1416,263510,41760,1250000
EAST CAMBRIDGESHIRE,2016,260000,1390,293323,37000,1850000
EAST CAMBRIDGESHIRE,2017,275000,1373,305822,85000,1100000
EAST CAMBRIDGESHIRE,2018,280000,1400,306886,70000,1110000
EAST CAMBRIDGESHIRE,2019,295000,1280,328926,57500,2000000
EAST CAMBRIDGESHIRE,2020,312500,1195,339505,65000,1350000
EAST CAMBRIDGESHIRE,2021,321122.5,2024,352605,65000,3000000
EAST CAMBRIDGESHIRE,2022,340000,1826,375563,80000,2750000
EAST CAMBRIDGESHIRE,2023,355000,1264,379237,70000,2000000
EAST CAMBRIDGESHIRE,2024,350000,1292,383688,67500,2190000
EAST CAMBRIDGESHIRE,2025,345000,1327,379969,63500,1545000
EAST CAMBRIDGESHIRE,2026,330000,435,361878,59201,1250000
EAST DEVON,2015,240000,3330,276275,45000,1850000
EAST DEVON,2016,246995,3352,284798,50000,1742000
EAST DEVON,2017,265000,3250,308684,58000,1550000
EAST DEVON,2018,280000,3056,320006,60000,1950000
EAST DEVON,2019,279995,3110,319556,58000,2150000
EAST DEVON,2020,291500,2726,340622,63000,1500000
EAST DEVON,2021,300000,4054,355904,60000,2445000
EAST DEVON,2022,329000,3123,393137,60000,4800000
EAST DEVON,2023,345000,2434,405255,57950,3100000
EAST DEVON,2024,339972.5,2566,393028,57500,3950000
EAST DEVON,2025,330000,2580,393549,62500,2200000
EAST DEVON,2026,320000,994,373841,800,2300000
EAST DORSET,2015,310000,1832,334361,35000,2150000
EAST DORSET,2016,330000,1738,360654,67000,1725000
EAST DORSET,2017,352000,1737,388897,60000,1385000
EAST DORSET,2018,360000,1501,387116,63000,1575000
EAST DORSET,2019,346250,188,383355,65000,1400000
EAST HAMPSHIRE,2015,318747.5,2426,367401,65000,3350000
EAST HAMPSHIRE,2016,345000,2095,403521,75000,3500000
EAST HAMPSHIRE,2017,364950,2135,422896,78750,3100000
EAST HAMPSHIRE,2018,370000,2172,425550,80000,3230000
EAST HAMPSHIRE,2019,375000,2220,430535,85000,7950000
EAST HAMPSHIRE,2020,380000,1881,452355,80000,3500000
EAST HAMPSHIRE,2021,405000,2994,485895,90000,20000000
EAST HAMPSHIRE,2022,440000,2139,523534,84000,7600000
EAST HAMPSHIRE,2023,415000,1494,509943,80000,6500001
EAST HAMPSHIRE,2024,430000,1820,505361,79950,5325000
EAST HAMPSHIRE,2025,420000,1967,513681,80000,8000000
EAST HAMPSHIRE,2026,420000,680,481870,82500,3680000
EAST HERTFORDSHIRE,2015,326725,2962,382723,59200,3250000
EAST HERTFORDSHIRE,2016,362500,2741,427733,10000,3375000
EAST HERTFORDSHIRE,2017,385000,2489,441816,79995,3195000
EAST HERTFORDSHIRE,2018,390000,2614,452554,80500,2900000
EAST HERTFORDSHIRE,2019,408120,2376,469227,81616,2700000
EAST HERTFORDSHIRE,2020,425000,2297,488810,80000,3700000
EAST HERTFORDSHIRE,2021,425000,3388,494219,80500,5000000
EAST HERTFORDSHIRE,2022,465000,2918,526420,80625,3450000
EAST HERTFORDSHIRE,2023,450000,2082,519001,80500,2752500
EAST HERTFORDSHIRE,2024,455000,2275,510093,82500,3600000
EAST HERTFORDSHIRE,2025,450000,2434,515505,83750,4000000
EAST HERTFORDSHIRE,2026,444500,809,495776,87500,2350000
EAST LINDSEY,2015,147500,2378,165012,10000,765000
EAST LINDSEY,2016,150000,2642,167628,28000,920000
EAST LINDSEY,2017,160000,2670,179689,13500,925000
EAST LINDSEY,2018,167000,2601,188003,36000,875000
EAST LINDSEY,2019,175000,2517,196619,39000,855000
EAST LINDSEY,2020,180000,2254,207498,38000,980000
EAST LINDSEY,2021,200000,3537,230493,37500,1295000
EAST LINDSEY,2022,220000,2680,246564,27500,1150000
EAST LINDSEY,2023,215000,2061,246302,23428,1200000
EAST LINDSEY,2024,220000,2171,245094,40000,1023000
EAST LINDSEY,2025,218000,2287,244509,29000,1075000
EAST LINDSEY,2026,210000,746,235791,45000,910000
EAST NORTHAMPTONSHIRE,2015,179000,1867,211621,44000,1957500
EAST NORTHAMPTONSHIRE,2016,192500,2010,224121,45000,1375000
EAST NORTHAMPTONSHIRE,2017,212750,1912,246504,48750,2150000
EAST NORTHAMPTONSHIRE,2018,225000,1701,255804,45000,2150000
EAST NORTHAMPTONSHIRE,2019,225000,1706,256064,50000,1590000
EAST NORTHAMPTONSHIRE,2020,234497.5,1190,275603,50000,1750000
EAST NORTHAMPTONSHIRE,2021,279000,86,302639,94000,695000
EAST RIDING OF YORKSHIRE,2015,155000,6134,181267,9000,1200000
EAST RIDING OF YORKSHIRE,2016,163000,6511,188873,4926,1365000
EAST RIDING OF YORKSHIRE,2017,172500,6748,202567,32000,1500000
EAST RIDING OF YORKSHIRE,2018,179950,6667,208447,32500,2025000
EAST RIDING OF YORKSHIRE,2019,185000,6485,214798,32000,1450000
EAST RIDING OF YORKSHIRE,2020,200000,5790,233267,32000,1300000
EAST RIDING OF YORKSHIRE,2021,212000,8298,242803,5000,1600000
EAST RIDING OF YORKSHIRE,2022,222000,7057,250364,33000,1906000
EAST RIDING OF YORKSHIRE,2023,225000,5747,255324,32000,1700000
EAST RIDING OF YORKSHIRE,2024,225000,6063,253386,35000,1650000
EAST RIDING OF YORKSHIRE,2025,229950,6340,258875,33000,2500000
EAST RIDING OF YORKSHIRE,2026,220000,2102,249724,35000,1650000
EAST STAFFORDSHIRE,2015,160000,1889,191420,45000,1100000
EAST STAFFORDSHIRE,2016,160000,2023,196987,30000,2750000
EAST STAFFORDSHIRE,2017,175000,1997,211643,50000,935000
EAST STAFFORDSHIRE,2018,179972.5,2164,214618,46500,1135000
EAST STAFFORDSHIRE,2019,191500,2170,220572,48000,1400000
EAST STAFFORDSHIRE,2020,210995,1759,249103,50000,3000000
EAST STAFFORDSHIRE,2021,220000,2607,255182,42000,2050000
EAST STAFFORDSHIRE,2022,220000,2321,251640,47000,1200000
EAST STAFFORDSHIRE,2023,225000,1837,260211,50800,2700000
EAST STAFFORDSHIRE,2024,229995,1914,265355,41250,2500000
EAST STAFFORDSHIRE,2025,242250,1930,280328,50000,3100000
EAST STAFFORDSHIRE,2026,225000,639,268741,55000,1295000
EAST SUFFOLK,2015,242500,22,262820,74000,600000
EAST SUFFOLK,2016,331000,22,383568,110000,962500
EAST SUFFOLK,2017,280000,26,329020,88000,765000
EAST SUFFOLK,2018,289995,92,328774,53000,1200000
EAST SUFFOLK,2019,240000,3411,277818,54000,2100000
EAST SUFFOLK,2020,260000,3813,305696,57000,3000000
EAST SUFFOLK,2021,275000,5295,324848,55000,3025000
EAST SUFFOLK,2022,295000,4294,346467,55000,4375000
EAST SUFFOLK,2023,292500,3411,346967,56000,2760000
EAST SUFFOLK,2024,285000,3720,331703,45000,2300000
EAST SUFFOLK,2025,290000,3946,344949,55000,17750000
EAST SUFFOLK,2026,281000,1423,320591,65000,2300000
EASTBOURNE,2015,202500,2251,224979,45950,1110000
EASTBOURNE,2016,221000,2269,245987,50000,1234000
EASTBOURNE,2017,230000,2024,255912,57500,1310000
EASTBOURNE,2018,239950,1811,264242,61500,1390000
EASTBOURNE,2019,245000,1654,273462,65000,1250000
EASTBOURNE,2020,250000,1495,284918,65000,1867700
EASTBOURNE,2021,270750,2342,303353,68000,2000000
EASTBOURNE,2022,290000,1934,323347,63000,1940000
EASTBOURNE,2023,282725,1448,314220,64000,2150000
EASTBOURNE,2024,280000,1555,311403,62500,1825000
EASTBOURNE,2025,275000,1601,307063,62500,1900000
EASTBOURNE,2026,280000,544,300888,65000,1125000
EASTLEIGH,2015,244000,2423,268827,33750,1040000
EASTLEIGH,2016,264250,2368,292375,66000,1066088
EASTLEIGH,2017,287500,2505,316815,56000,1600000
EASTLEIGH,2018,295000,2526,320311,70000,1625000
EASTLEIGH,2019,300000,2414,327443,64500,1850000
EASTLEIGH,2020,315000,2219,336674,66400,1287500
EASTLEIGH,2021,320000,2925,359102,67000,2100000
EASTLEIGH,2022,346000,2455,379466,64500,2635000
EASTLEIGH,2023,340000,1942,371372,72000,2000000
EASTLEIGH,2024,340000,2083,369477,70000,1750000
EASTLEIGH,2025,345000,2135,373317,67500,1942000
EASTLEIGH,2026,338500,872,363210,70000,1625000
EDEN,2015,185000,845,210269,35500,1375000
EDEN,2016,185000,852,205571,24500,690000
EDEN,2017,185750,954,218050,61000,1100000
EDEN,2018,209950,998,229122,55000,755000
EDEN,2019,205000,973,234070,65000,2950000
EDEN,2020,219500,868,244193,55100,1113100
EDEN,2021,230000,1157,264608,59233,1425000
EDEN,2022,248250,810,281378,60000,1600000
EDEN,2023,233500,92,268481,95000,1125000
ELMBRIDGE,2015,507000,2390,706877,82500,13500000
ELMBRIDGE,2016,537450,2291,735663,60000,8500000
ELMBRIDGE,2017,570000,2056,782361,100000,9500000
ELMBRIDGE,2018,570000,2084,766813,93000,7290000
ELMBRIDGE,2019,585000,2071,781064,98000,9723740
ELMBRIDGE,2020,600000,2178,821111,95000,8700000
ELMBRIDGE,2021,625000,3306,864526,96000,14327125
ELMBRIDGE,2022,672500,2569,945713,94500,16000000
ELMBRIDGE,2023,660000,1790,968100,98000,13000000
ELMBRIDGE,2024,655000,2077,899652,97500,11099223
ELMBRIDGE,2025,659000,2193,885196,99000,19000000
ELMBRIDGE,2026,615000,691,759045,93000,7300000
ENFIELD,2015,331000,3522,389538,48500,4099950
ENFIELD,2016,385000,3071,450092,58750,3650000
ENFIELD,2017,405000,2651,464520,52500,3400000
ENFIELD,2018,400000,2398,463871,100000,4300000
ENFIELD,2019,412000,2366,481809,100000,2660000
ENFIELD,2020,425000,2124,503421,100000,3865000
ENFIELD,2021,460000,3521,534912,104000,8000000
ENFIELD,2022,470000,2750,561885,100000,5100000
ENFIELD,2023,466000,2094,541627,100000,3700000
ENFIELD,2024,469995,2345,549580,100000,6500000
ENFIELD,2025,480000,2580,555474,100000,5600000
ENFIELD,2026,460000,776,527807,100000,4350000
EPPING FOREST,2015,380000,2335,454721,87500,2625000
EPPING FOREST,2016,415000,2014,501517,88855,7500000
EPPING FOREST,2017,442500,1990,536129,112000,7500000
EPPING FOREST,2018,449975,1888,535284,113000,4750000
EPPING FOREST,2019,450000,1753,553598,54000,5250000
EPPING FOREST,2020,485000,1721,568002,120000,4500000
EPPING FOREST,2021,502000,2581,605407,113000,6015000
EPPING FOREST,2022,510000,1929,616884,127500,4350000
EPPING FOREST,2023,480000,1430,575738,135000,3325000
EPPING FOREST,2024,510000,1692,615351,119000,3750000
EPPING FOREST,2025,520000,1880,617305,115000,5000000
EPPING FOREST,2026,500000,563,567509,126000,2450000
EPSOM AND EWELL,2015,425000,1349,452374,97479,2170000
EPSOM AND EWELL,2016,455000,1318,492032,110000,1800000
EPSOM AND EWELL,2017,470250,1164,508618,65000,2450000
EPSOM AND EWELL,2018,470000,1044,520517,114000,3860000
EPSOM AND EWELL,2019,465250,1086,512435,114000,4500000
EPSOM AND EWELL,2020,495000,1049,527213,113750,1700000
EPSOM AND EWELL,2021,510000,1525,547570,113750,2800000
EPSOM AND EWELL,2022,549975,1266,591824,120000,2680000
EPSOM AND EWELL,2023,520000,1042,572982,116000,3500000
EPSOM AND EWELL,2024,535000,967,575794,115000,1961886
EPSOM AND EWELL,2025,551750,1080,591989,117000,2400000
EPSOM AND EWELL,2026,546625,376,575812,119000,1800000
EREWASH,2015,135000,1994,158641,32000,940764
EREWASH,2016,138000,1881,161677,52500,825000
EREWASH,2017,145000,1929,170876,48500,895000
EREWASH,2018,157500,1913,180152,50000,910000
EREWASH,2019,160000,1897,180186,55000,1040000
EREWASH,2020,172250,1674,194904,50000,1250000
EREWASH,2021,188000,2152,218163,52000,1800000
EREWASH,2022,205000,1879,231243,55000,1500000
EREWASH,2023,210000,1310,237035,57333,1250000
EREWASH,2024,210750,1502,234563,56000,1100000
EREWASH,2025,215000,1684,241661,48000,1600000
EREWASH,2026,220000,614,244032,62000,1200000
EXETER,2015,221000,2395,253998,50000,1900000
EXETER,2016,230000,2404,263912,46500,2900000
EXETER,2017,244000,2074,272752,55000,1850000
EXETER,2018,250000,2037,285179,56000,3105000
EXETER,2019,249995,1885,287340,59000,2500000
EXETER,2020,265000,1556,300925,57000,1395000
EXETER,2021,280000,2342,319774,57200,2137500
EXETER,2022,315000,2025,356055,58000,2000000
EXETER,2023,310000,1655,357509,60000,2000000
EXETER,2024,300000,1695,348308,67200,1800000
EXETER,2025,300000,1718,351808,56000,3000000
EXETER,2026,300000,574,339143,55000,3499500
FAREHAM,2015,245000,2189,273329,42500,2200000
FAREHAM,2016,262500,2127,296504,60750,4725000
FAREHAM,2017,285000,2044,316097,61000,1800000
FAREHAM,2018,285000,1984,317985,60375,4000000
FAREHAM,2019,290000,1854,323206,54250,2975000
FAREHAM,2020,309000,1593,345043,60000,2200000
FAREHAM,2021,320000,2469,363686,55300,6500000
FAREHAM,2022,350000,1809,385155,60000,2600000
FAREHAM,2023,345000,1429,378518,60000,3200000
FAREHAM,2024,350000,1746,387157,64000,2105000
FAREHAM,2025,348000,1957,384310,59500,2175000
FAREHAM,2026,340000,742,375171,56000,1700000
FENLAND,2015,150000,1776,167128,32000,850000
FENLAND,2016,163000,1999,180935,47000,675000
FENLAND,2017,179950,1995,197668,56000,1435500
FENLAND,2018,185000,1813,203724,40000,730000
FENLAND,2019,190000,1710,212042,45000,875000
FENLAND,2020,205000,1445,227688,57000,1160000
FENLAND,2021,215000,2355,239927,63000,900000
FENLAND,2022,235250,2006,255592,54000,900000
FENLAND,2023,235000,1456,251667,55000,1000000
FENLAND,2024,235000,1552,253113,55765,935000
FENLAND,2025,235000,1626,255319,55000,948635
FENLAND,2026,225000,563,246699,55000,860000
FLINTSHIRE,2015,154995,2363,172290,35000,900000
FLINTSHIRE,2016,155950,2477,173464,28000,650000
FLINTSHIRE,2017,159950,2332,178322,41000,1390000
FLINTSHIRE,2018,160500,2379,182974,43000,2173000
FLINTSHIRE,2019,165000,2419,186281,960,795000
FLINTSHIRE,2020,175000,1975,200134,40000,1255000
FLINTSHIRE,2021,186500,2893,214573,35000,1100000
FLINTSHIRE,2022,200000,2380,231202,30000,1500000
FLINTSHIRE,2023,195000,1845,225180,40000,1050000
FLINTSHIRE,2024,205000,1987,229741,40000,2150000
FLINTSHIRE,2025,220000,2173,243691,56000,1100000
FLINTSHIRE,2026,211000,765,236751,42500,905000
FOLKESTONE AND HYTHE,2015,260000,12,323208,103500,975000
FOLKESTONE AND HYTHE,2016,320000,5,327800,104000,550000
FOLKESTONE AND HYTHE,2017,345000,15,333675,96000,550000
FOLKESTONE AND HYTHE,2018,160000,17,218823,97000,565000
FOLKESTONE AND HYTHE,2019,261000,1028,291775,55000,1350000
FOLKESTONE AND HYTHE,2020,280541.5,1662,318549,61250,1411000
FOLKESTONE AND HYTHE,2021,306000,2625,343178,55000,1825000
FOLKESTONE AND HYTHE,2022,320000,2006,365887,56500,1735000
FOLKESTONE AND HYTHE,2023,300000,1640,337429,53500,1475000
FOLKESTONE AND HYTHE,2024,310000,1650,357028,54000,12400000
FOLKESTONE AND HYTHE,2025,320000,1878,354932,53750,2100000
FOLKESTONE AND HYTHE,2026,307000,627,335378,60000,1245000
FOREST HEATH,2015,179950,1319,203836,38000,750000
FOREST HEATH,2016,197000,1329,226434,57200,2500000
FOREST HEATH,2017,210000,1316,234675,58500,1270000
FOREST HEATH,2018,220000,1188,246923,57100,2255000
FOREST HEATH,2019,220000,167,240950,93500,652500
FOREST OF DEAN,2015,183500,1352,212278,40000,1930000
FOREST OF DEAN,2016,190000,1483,221953,39000,850000
FOREST OF DEAN,2017,205000,1413,236934,50000,1637500
FOREST OF DEAN,2018,220000,1281,251607,50000,1390000
FOREST OF DEAN,2019,230000,1268,255624,50000,899950
FOREST OF DEAN,2020,256000,1175,287216,54000,950000
FOREST OF DEAN,2021,269995,1951,307004,50000,1400000
FOREST OF DEAN,2022,285000,1471,322900,62000,1600000
FOREST OF DEAN,2023,283997.5,1048,322232,60000,1675000
FOREST OF DEAN,2024,280000,1134,316739,53500,1200000
FOREST OF DEAN,2025,280000,1179,321503,60000,1175000
FOREST OF DEAN,2026,270000,402,306608,53000,1025000
FYLDE,2015,184950,1523,207169,20000,1435265
FYLDE,2016,191995,1767,214556,37500,1275000
FYLDE,2017,195750,1733,226231,4000,2150000
FYLDE,2018,195995,1598,227686,45000,1420000
FYLDE,2019,199950,1623,226938,1525,2170000
FYLDE,2020,218000,1484,251346,43000,1700000
FYLDE,2021,223750,2101,256307,46000,1500000
FYLDE,2022,232250,1852,273660,43500,1750000
FYLDE,2023,240000,1336,276719,45000,1625000
FYLDE,2024,242000,1447,274987,42500,2050000
FYLDE,2025,245000,1464,285177,42500,2050000
FYLDE,2026,234000,542,266271,55000,1800000
GATESHEAD,2015,129999,2521,144655,16000,765000
GATESHEAD,2016,129000,2625,144830,29000,790000
GATESHEAD,2017,132000,2650,151010,30000,720000
GATESHEAD,2018,139950,2656,157003,31500,830000
GATESHEAD,2019,138000,2463,157548,34000,830000
GATESHEAD,2020,147000,2357,168055,5650,840000
GATESHEAD,2021,150000,3147,174257,32000,1190000
GATESHEAD,2022,150000,2893,173173,31000,1125000
GATESHEAD,2023,156000,2479,182649,31000,910000
GATESHEAD,2024,163000,2641,186428,31000,1475000
GATESHEAD,2025,165000,2587,192969,32000,1400000
GATESHEAD,2026,160000,940,183753,35000,1050000
GEDLING,2015,150000,2049,175772,30000,1200000
GEDLING,2016,152250,1988,178612,45000,985000
GEDLING,2017,169000,2021,196031,52000,1525000
GEDLING,2018,178000,2059,203233,53715,1000000
GEDLING,2019,185000,2203,209488,56000,912500
GEDLING,2020,200000,1845,224322,52000,1350000
GEDLING,2021,220000,2472,254006,52500,1790000
GEDLING,2022,240000,2218,265586,63000,2175000
GEDLING,2023,248000,1738,270871,51490,1950000
GEDLING,2024,255000,1925,280302,52500,3900000
GEDLING,2025,255000,1946,280476,50000,1545000
GEDLING,2026,240000,586,266216,52500,925000
GLOUCESTER,2015,165000,2392,177849,40000,820000
GLOUCESTER,2016,178500,2449,189139,47550,605000
GLOUCESTER,2017,185000,2347,197671,55000,860000
GLOUCESTER,2018,193000,2214,207200,56000,885000
GLOUCESTER,2019,204750,2122,216560,42500,1350000
GLOUCESTER,2020,217750,1766,230576,56875,726000
GLOUCESTER,2021,224000,2477,239502,55716,1500000
GLOUCESTER,2022,250000,2110,260402,55000,775000
GLOUCESTER,2023,245000,1705,260112,57000,825000
GLOUCESTER,2024,252000,1794,267690,56500,895000
GLOUCESTER,2025,255000,1962,266560,59000,900000
GLOUCESTER,2026,250000,673,266377,55000,740000
GOSPORT,2015,167500,1521,192099,30000,1385000
GOSPORT,2016,182000,1437,202551,33750,800000
GOSPORT,2017,202000,1547,223248,32500,850000
GOSPORT,2018,205000,1291,231579,47500,875000
GOSPORT,2019,208000,1321,233679,43750,752500
GOSPORT,2020,220500,1156,250451,51500,1250000
GOSPORT,2021,232500,1675,256197,44450,925000
GOSPORT,2022,255000,1272,272972,54000,1105000
GOSPORT,2023,245000,989,266723,57750,1220000
GOSPORT,2024,250000,1130,275787,42500,1225000
GOSPORT,2025,255000,1185,280976,43750,1225000
GOSPORT,2026,250000,474,266114,58000,950000
GRAVESHAM,2015,230000,1431,259769,56000,1400000
GRAVESHAM,2016,263000,1335,287903,55000,1132000
GRAVESHAM,2017,285000,1382,311359,73500,1410000
GRAVESHAM,2018,295000,1367,318812,70000,1640000
GRAVESHAM,2019,290000,1196,319839,69100,2900000
GRAVESHAM,2020,310000,1017,340944,70000,1600000
GRAVESHAM,2021,331975,1588,363459,76000,1500000
GRAVESHAM,2022,365000,1383,387953,70000,1550000
GRAVESHAM,2023,346000,954,366446,69000,1350000
GRAVESHAM,2024,350000,1003,368735,72500,1660000
GRAVESHAM,2025,370000,1213,395651,72000,1300000
GRAVESHAM,2026,359000,432,383529,70000,1100000
GREAT YARMOUTH,2015,150000,1691,161678,10000,650000
GREAT YARMOUTH,2016,155000,1705,171574,18000,980000
GREAT YARMOUTH,2017,169995,1648,183921,39999,800000
GREAT YARMOUTH,2018,175000,1568,189311,38000,750000
GREAT YARMOUTH,2019,182995,1779,195205,2000,875000
GREAT YARMOUTH,2020,190000,1557,206915,43000,1350000
GREAT YARMOUTH,2021,210000,2080,228946,38000,3050000
GREAT YARMOUTH,2022,230000,1749,247859,2400,2300000
GREAT YARMOUTH,2023,222500,1176,240037,28000,900000
GREAT YARMOUTH,2024,220000,1437,236867,21500,810000
GREAT YARMOUTH,2025,225000,1466,247884,31000,1180000
GREAT YARMOUTH,2026,210000,492,225308,27500,685000
GREENWICH,2015,352500,4077,402656,61250,3800000
GREENWICH,2016,395000,3791,446515,46210,3342000
GREENWICH,2017,420000,3400,462902,91250,2935000
GREENWICH,2018,430000,3394,471146,87500,3075000
GREENWICH,2019,460000,3256,499034,87500,3837000
GREENWICH,2020,462000,2803,500224,80000,2700000
GREENWICH,2021,450000,3874,504827,82500,4250000
GREENWICH,2022,480000,3315,530196,88500,3025000
GREENWICH,2023,455000,2296,516064,87500,3500000
GREENWICH,2024,460000,2881,526344,87500,4600000
GREENWICH,2025,460000,2635,517602,87500,3150000
GREENWICH,2026,457500,953,517600,87500,3720000
GUILDFORD,2015,380000,2274,477750,75000,3300000
GUILDFORD,2016,420000,2091,522278,70000,3700000
GUILDFORD,2017,430000,1984,533175,85500,6100000
GUILDFORD,2018,450000,1911,552487,78125,4000000
GUILDFORD,2019,430000,1740,544372,87500,3450000
GUILDFORD,2020,465000,1702,580399,80000,4150000
GUILDFORD,2021,483000,2779,604323,78000,5300000
GUILDFORD,2022,510000,2381,644835,85000,7750000
GUILDFORD,2023,500000,1765,629902,79950,6300000
GUILDFORD,2024,500000,1886,630892,81000,6000000
GUILDFORD,2025,505000,2028,625839,85000,4500000
GUILDFORD,2026,490000,725,588496,76000,4100000
GWYNEDD,2015,145000,1690,162734,30000,1050000
GWYNEDD,2016,145000,1769,169150,16250,2255000
GWYNEDD,2017,155000,1775,179698,30000,2020000
GWYNEDD,2018,152500,1854,175534,37000,910000
GWYNEDD,2019,160000,1805,186888,38500,1600000
GWYNEDD,2020,165000,1486,193636,37500,1190000
GWYNEDD,2021,180000,2075,219421,40000,2600000
GWYNEDD,2022,192500,1785,237444,37500,2000000
GWYNEDD,2023,187000,1441,231763,39999,3627787
GWYNEDD,2024,190000,1489,229328,37000,1942500
GWYNEDD,2025,194999.5,1534,224913,27000,1200000
GWYNEDD,2026,200000,578,226004,48250,750000
HACKNEY,2015,490000,2847,565648,72500,2992000
HACKNEY,2016,537000,2481,603271,90000,3250000
HACKNEY,2017,535000,2255,614890,93750,3000000
HACKNEY,2018,550000,2008,617693,92500,3370000
HACKNEY,2019,600000,2355,688516,95000,5500000
HACKNEY,2020,620000,1893,713240,98750,6398060
HACKNEY,2021,592500,3166,687539,96000,4200000
HACKNEY,2022,615000,2503,728779,97500,9150000
HACKNEY,2023,600000,1925,721734,97500,3665000
HACKNEY,2024,600000,2269,713901,97000,5600000
HACKNEY,2025,591000,2227,720591,92500,3725000
HACKNEY,2026,558850,679,667467,108750,2862500
HALTON,2015,128000,1541,151919,23250,695000
HALTON,2016,135000,1720,158454,25000,649995
HALTON,2017,140000,1882,162050,31000,651995
HALTON,2018,139950,1808,161053,30000,685000
HALTON,2019,150000,1595,171840,39999,1080000
HALTON,2020,155000,1405,177380,32000,810000
HALTON,2021,162000,1807,193804,31250,1400000
HALTON,2022,173000,1585,200065,44000,1050000
HALTON,2023,172750,1288,208320,39999,1113000
HALTON,2024,187750,1490,224101,35000,1100000
HALTON,2025,199000,1574,230250,40000,1525000
HALTON,2026,190000,499,228125,32000,1250000
HAMBLETON,2015,215000,1445,246330,50000,1575000
HAMBLETON,2016,223250,1412,255274,54000,1400000
HAMBLETON,2017,228000,1503,263463,50000,4000000
HAMBLETON,2018,228000,1469,259461,50000,1400000
HAMBLETON,2019,235000,1534,268849,65000,2050000
HAMBLETON,2020,250000,1395,292323,67500,2130000
HAMBLETON,2021,270000,1913,316829,43000,2200000
HAMBLETON,2022,262000,1097,322129,72000,1950000
HAMBLETON,2023,256500,120,334025,70000,1100000
HAMMERSMITH AND FULHAM,2015,730000,2431,940404,73750,8140000
HAMMERSMITH AND FULHAM,2016,730000,2178,938491,118750,8585000
HAMMERSMITH AND FULHAM,2017,780000,2119,984602,128750,8451840
HAMMERSMITH AND FULHAM,2018,767000,2171,996192,125000,11000000
HAMMERSMITH AND FULHAM,2019,725000,1902,958873,127500,22340000
HAMMERSMITH AND FULHAM,2020,780000,2103,987688,112500,8500000
HAMMERSMITH AND FULHAM,2021,765000,2793,979474,127000,9300000
HAMMERSMITH AND FULHAM,2022,750000,2411,992271,108750,7869700
HAMMERSMITH AND FULHAM,2023,836325,2435,1024338,125000,5925000
HAMMERSMITH AND FULHAM,2024,822900,2450,1087866,141750,11180000
HAMMERSMITH AND FULHAM,2025,709200,2273,975012,125000,10185000
HAMMERSMITH AND FULHAM,2026,650000,623,833411,157500,5885000
HARBOROUGH,2015,234950,1813,266921,31000,1775000
HARBOROUGH,2016,242000,1737,279815,48500,1295000
HARBOROUGH,2017,260000,1811,293549,47000,2300000
HARBOROUGH,2018,277500,1760,316319,46250,1600000
HARBOROUGH,2019,294995,1717,328530,70000,2200000
HARBOROUGH,2020,310000,1929,344370,60000,2000000
HARBOROUGH,2021,323660,2655,359461,50000,2353369
HARBOROUGH,2022,335000,2001,381561,75000,2000000
HARBOROUGH,2023,340000,1556,387911,50000,2500000
HARBOROUGH,2024,345000,1705,384480,45000,2400000
HARBOROUGH,2025,330000,1836,385185,49000,2700000
HARBOROUGH,2026,320000,558,366140,55000,1550000
HARINGEY,2015,438000,2696,569223,61500,11750000
HARINGEY,2016,460000,2290,605390,30000,12100000
HARINGEY,2017,540000,1912,682021,119475,5250000
HARINGEY,2018,520000,1975,664296,118500,11500000
HARINGEY,2019,515000,1921,660870,117500,7600000
HARINGEY,2020,520000,1863,683224,120000,11000000
HARINGEY,2021,540000,3152,682574,117000,10200000
HARINGEY,2022,579800,2590,747914,105000,14000000
HARINGEY,2023,575000,2107,734597,120000,8500000
HARINGEY,2024,562000,2175,727223,120000,9175000
HARINGEY,2025,575000,2388,737754,120000,7500000
HARINGEY,2026,561000,672,696026,122500,4100000
HARLOW,2015,227250,1330,244311,76000,740000
HARLOW,2016,262500,1285,276636,38000,1250000
HARLOW,2017,281500,1229,304232,76500,999995
HARLOW,2018,278250,1228,299072,48750,940000
HARLOW,2019,289000,1347,311922,92500,1150000
HARLOW,2020,300000,1058,323460,90000,875000
HARLOW,2021,315000,1569,336996,92500,1280000
HARLOW,2022,328000,1319,345058,93000,1000000
HARLOW,2023,322000,1015,335611,90600,1200000
HARLOW,2024,325000,1042,337776,92000,1150000
HARLOW,2025,336908,1103,352572,51250,1310000
HARLOW,2026,340000,410,356402,96000,1200000
HARROGATE,2015,247875,2916,303784,62500,1892499
HARROGATE,2016,258250,2956,320453,50000,3000000
HARROGATE,2017,268000,2953,340463,80000,2725000
HARROGATE,2018,272000,2846,330980,80000,2250000
HARROGATE,2019,295000,2742,353263,80000,2000000
HARROGATE,2020,300000,2564,360912,82000,2500000
HARROGATE,2021,323000,4112,389328,80000,5250000
HARROGATE,2022,320000,2472,410690,80000,3515000
HARROGATE,2023,304000,245,432515,93000,2555000
HARROW,2015,400000,2939,461707,56250,4750000
HARROW,2016,460000,2245,504290,64430,6000000
HARROW,2017,500000,1990,525684,80000,3183000
HARROW,2018,471500,2112,508490,80000,2400000
HARROW,2019,455000,2303,494060,81250,2575000
HARROW,2020,478950,1875,522253,75000,2900000
HARROW,2021,525000,2503,569991,80000,3100000
HARROW,2022,530000,2090,584543,86250,6150000
HARROW,2023,525000,1654,585328,80000,4500000
HARROW,2024,550000,1704,598815,80000,2900000
HARROW,2025,550000,1665,580151,81250,3500000
HARROW,2026,560000,541,579201,82000,1675000
HART,2015,370000,1754,414132,45625,3550000
HART,2016,391500,1818,439835,73500,4400000
HART,2017,395000,1698,450975,63000,2550000
HART,2018,395000,1723,443915,82000,2300000
HART,2019,397500,1604,450356,80000,2500000
HART,2020,425000,1511,491175,78000,5103600
HART,2021,425000,2311,491673,78000,2750000
HART,2022,475000,1821,533944,78000,5500000
HART,2023,460000,1378,527712,82000,5000000
HART,2024,470000,1436,515701,77000,3575000
HART,2025,465000,1600,515189,78000,2350000
HART,2026,450000,572,489629,80000,2220000
HARTLEPOOL,2015,124000,1226,134743,10000,675000
HARTLEPOOL,2016,119950,1239,132880,13000,900000
HARTLEPOOL,2017,124950,1257,139804,19000,708000
HARTLEPOOL,2018,125000,1277,146671,18000,850000
HARTLEPOOL,2019,129950,1211,150645,18000,1900000
HARTLEPOOL,2020,133000,1160,154668,18000,825000
HARTLEPOOL,2021,137250,1738,165886,18000,1100000
HARTLEPOOL,2022,148000,1673,176191,20500,1100000
HARTLEPOOL,2023,150000,1309,179900,18000,1315000
HARTLEPOOL,2024,152000,1433,176262,18000,925000
HARTLEPOOL,2025,158322.5,1396,187215,18000,1700000
HARTLEPOOL,2026,147500,462,171783,25000,940000
HASTINGS,2015,171000,1953,188714,19000,865000
HASTINGS,2016,195000,1906,214810,32000,845000
HASTINGS,2017,208000,1869,229128,54000,935000
HASTINGS,2018,220000,1698,239534,48000,1075000
HASTINGS,2019,225000,1493,243019,53589,885000
HASTINGS,2020,239950,1346,261606,47000,1175000
HASTINGS,2021,270000,2064,295173,50000,1425000
HASTINGS,2022,290000,1671,316008,55000,3038261
HASTINGS,2023,280000,1274,305746,49000,1625000
HASTINGS,2024,280000,1311,303584,50000,1150000
HASTINGS,2025,282000,1326,304701,48000,1650000
HASTINGS,2026,280000,474,305491,53000,1200000
HAVANT,2015,230000,2262,250751,52500,2300000
HAVANT,2016,249995,2258,271427,60000,1891001
HAVANT,2017,262000,2075,285497,60000,2000000
HAVANT,2018,265000,1875,289552,60000,1700000
HAVANT,2019,272000,1719,289119,60000,3250000
HAVANT,2020,295000,1603,319568,62000,1890000
HAVANT,2021,312500,2451,340746,60000,2250000
HAVANT,2022,327500,2039,361299,59500,2500000
HAVANT,2023,315000,1519,352419,70000,2725000
HAVANT,2024,328000,1687,350994,60000,1745000
HAVANT,2025,320000,1755,353007,62000,2950000
HAVANT,2026,320000,671,345208,61000,1050000
HAVERING,2015,287500,4148,317997,38400,2100000
HAVERING,2016,332000,3731,358654,26500,2000000
HAVERING,2017,350000,3510,387967,77000,3085000
HAVERING,2018,360000,3422,389420,77000,3300000
HAVERING,2019,367500,3119,396613,77000,2850000
HAVERING,2020,386000,2990,412748,82500,3975000
HAVERING,2021,405000,4917,432404,80000,3220000
HAVERING,2022,440000,3554,461816,79500,2850000
HAVERING,2023,430000,2765,458458,80000,3350000
HAVERING,2024,435000,3105,461508,77000,2900000
HAVERING,2025,452000,3206,481781,77000,2850000
HAVERING,2026,454500,1232,471139,85000,2100000
HEREFORDSHIRE,2015,205000,2851,236367,25000,1200000
HEREFORDSHIRE,2016,205000,3034,236810,30000,1185000
HEREFORDSHIRE,2017,220000,3039,250051,40000,1640000
HEREFORDSHIRE,2018,235000,2963,265316,55000,1300000
HEREFORDSHIRE,2019,237000,2833,268977,33500,2135000
HEREFORDSHIRE,2020,260000,2626,297290,51500,2100000
HEREFORDSHIRE,2021,275000,3925,313853,50000,1841750
HEREFORDSHIRE,2022,290000,2916,337425,50000,1625000
HEREFORDSHIRE,2023,290000,2384,340653,50000,1820000
HEREFORDSHIRE,2024,300000,2616,347605,55000,2125000
HEREFORDSHIRE,2025,295000,2722,337293,54000,1740000
HEREFORDSHIRE,2026,285000,959,320593,50000,1290000
HERTSMERE,2015,395000,1744,470279,69300,5570870
HERTSMERE,2016,445000,1550,544491,75000,4900000
HERTSMERE,2017,449950,1518,532960,101260,6000000
HERTSMERE,2018,450000,1318,548454,103250,9000000
HERTSMERE,2019,440000,1402,527019,102000,4754054
HERTSMERE,2020,485000,1317,589145,102000,4350000
HERTSMERE,2021,542500,1778,646782,106750,5750000
HERTSMERE,2022,562500,1338,679229,103750,6500000
HERTSMERE,2023,548000,999,674003,75000,6000000
HERTSMERE,2024,530000,1124,667884,103000,12500000
HERTSMERE,2025,564000,1229,666765,101500,7450000
HERTSMERE,2026,525000,451,583716,107000,2550000
HIGH PEAK,2015,163000,1581,188343,35000,850000
HIGH PEAK,2016,170000,1610,202690,30000,1400000
HIGH PEAK,2017,185475,1676,209680,500,865000
HIGH PEAK,2018,189995,1657,220540,45000,1027500
HIGH PEAK,2019,190125,1568,223033,47000,1065000
HIGH PEAK,2020,202250,1368,242892,950,1125000
HIGH PEAK,2021,224500,1985,257190,48000,1585500
HIGH PEAK,2022,249995,1701,275231,40000,1750000
HIGH PEAK,2023,254725,1254,287606,55000,2021000
HIGH PEAK,2024,260620,1446,293824,53000,1370000
HIGH PEAK,2025,265000,1485,298367,52500,1400000
HIGH PEAK,2026,259500,520,286751,65000,735000
HILLINGDON,2015,352600,3743,394400,51250,6470000
HILLINGDON,2016,400000,3300,440086,95000,4400000
HILLINGDON,2017,415000,3196,451760,90000,3850000
HILLINGDON,2018,415000,2876,445427,80500,2950000
HILLINGDON,2019,420000,2797,451229,83125,4250000
HILLINGDON,2020,430000,2533,469205,82500,3000000
HILLINGDON,2021,451000,3882,487520,83750,3950000
HILLINGDON,2022,460000,3215,502262,85000,3600000
HILLINGDON,2023,468750,2460,505303,80625,4000000
HILLINGDON,2024,490000,2400,520782,84000,4550000
HILLINGDON,2025,510000,2458,538995,85500,6300000
HILLINGDON,2026,500000,920,530692,83000,5100000
HINCKLEY AND BOSWORTH,2015,172000,2281,199803,30000,1440000
HINCKLEY AND BOSWORTH,2016,175000,2377,201661,21000,1175000
HINCKLEY AND BOSWORTH,2017,194000,2209,223528,54000,1085000
HINCKLEY AND BOSWORTH,2018,200000,2033,236456,55750,1700000
HINCKLEY AND BOSWORTH,2019,205000,1936,231802,57000,1229640
HINCKLEY AND BOSWORTH,2020,215375,1670,250680,55000,1400000
HINCKLEY AND BOSWORTH,2021,240000,2400,271705,57000,2305000
HINCKLEY AND BOSWORTH,2022,260000,2050,290808,55000,2400000
HINCKLEY AND BOSWORTH,2023,255000,1531,292480,65000,1350000
HINCKLEY AND BOSWORTH,2024,260000,1847,298700,65000,3130000
HINCKLEY AND BOSWORTH,2025,269000,2000,302982,56250,1590000
HINCKLEY AND BOSWORTH,2026,258500,706,283813,78000,1100000
HORSHAM,2015,345000,2918,381416,58500,2130000
HORSHAM,2016,359950,2866,403543,68000,2325000
HORSHAM,2017,372000,2575,423733,90000,3000000
HORSHAM,2018,382500,2555,421016,94000,2132500
HORSHAM,2019,380000,2628,430257,85000,3450000
HORSHAM,2020,410000,2400,470886,86000,4375000
HORSHAM,2021,419975,3344,482125,86000,4465000
HORSHAM,2022,430000,2508,493352,87000,2400000
HORSHAM,2023,440000,1993,493224,87000,3600000
HORSHAM,2024,440000,2235,504445,87500,3950000
HORSHAM,2025,435000,2305,494045,87500,3700000
HORSHAM,2026,425000,845,472908,92000,2800000
HOUNSLOW,2015,355000,3205,462021,52500,4550000
HOUNSLOW,2016,380000,2877,475939,25000,4500000
HOUNSLOW,2017,399950,2527,509067,79375,5820112
HOUNSLOW,2018,410000,2217,511879,88750,4250000
HOUNSLOW,2019,415000,1924,507585,81250,3325000
HOUNSLOW,2020,430000,1887,556066,80000,8000000
HOUNSLOW,2021,456000,2588,574230,80000,4250000
HOUNSLOW,2022,470000,2441,600875,79500,5125000
HOUNSLOW,2023,470000,1925,598926,80000,7925000
HOUNSLOW,2024,485000,2111,599564,79500,4650000
HOUNSLOW,2025,485000,2110,612255,84000,11000000
HOUNSLOW,2026,475000,711,582951,99000,5575180
HUNTINGDONSHIRE,2015,214935.5,3336,240387,39000,2880000
HUNTINGDONSHIRE,2016,230000,3389,261050,45000,1700000
HUNTINGDONSHIRE,2017,260000,3189,284864,46500,1750000
HUNTINGDONSHIRE,2018,270000,3039,296509,57500,2250000
HUNTINGDONSHIRE,2019,280000,2967,304712,55000,2950000
HUNTINGDONSHIRE,2020,295000,2718,319069,58500,1550000
HUNTINGDONSHIRE,2021,300000,4301,334050,54600,2050000
HUNTINGDONSHIRE,2022,326000,3446,358479,61250,2250000
HUNTINGDONSHIRE,2023,325000,2596,348194,60000,1950000
HUNTINGDONSHIRE,2024,325000,2907,352928,66000,2210000
HUNTINGDONSHIRE,2025,322500,3054,352181,54750,2800000
HUNTINGDONSHIRE,2026,315000,1053,337352,63000,1350000
HYNDBURN,2015,92000,1108,105383,10000,528000
HYNDBURN,2016,100000,1236,109860,17500,625000
HYNDBURN,2017,102500,1269,113189,17000,475000
HYNDBURN,2018,100000,1136,113835,18000,620000
HYNDBURN,2019,110000,1252,120744,20000,725000
HYNDBURN,2020,110000,1139,123631,20000,1000000
HYNDBURN,2021,124000,1443,139053,20000,825000
HYNDBURN,2022,130000,1349,149685,17000,650000
HYNDBURN,2023,130000,1056,145769,25000,715000
HYNDBURN,2024,132500,1140,150875,27941,670000
HYNDBURN,2025,140500,1170,155639,20000,720000
HYNDBURN,2026,141000,427,158204,27728,475000
IPSWICH,2015,157000,2271,177270,33000,925000
IPSWICH,2016,170000,2308,190764,19300,950000
IPSWICH,2017,185000,2105,202913,30000,1150000
IPSWICH,2018,195000,2048,212040,46500,1058028
IPSWICH,2019,200000,1875,222240,50000,1200000
IPSWICH,2020,206500,1636,224622,55000,1025000
IPSWICH,2021,225000,2421,247039,48000,1600000
IPSWICH,2022,238589.5,1970,256826,47000,1435000
IPSWICH,2023,245000,1509,264635,50000,1150000
IPSWICH,2024,240000,1655,252254,48000,1285000
IPSWICH,2025,235000,1550,254822,45000,1450000
IPSWICH,2026,237250,638,247335,45000,1125000
ISLE OF ANGLESEY,2015,157000,962,180625,26000,975000
ISLE OF ANGLESEY,2016,163000,1027,183037,42000,770000
ISLE OF ANGLESEY,2017,166000,1041,190420,47500,1300000
ISLE OF ANGLESEY,2018,170000,1091,197598,50000,1450000
ISLE OF ANGLESEY,2019,175000,1092,196649,44000,2850000
ISLE OF ANGLESEY,2020,190000,965,225284,30000,1712500
ISLE OF ANGLESEY,2021,212250,1338,247300,57500,2155000
ISLE OF ANGLESEY,2022,235000,1091,269156,51000,2450000
ISLE OF ANGLESEY,2023,220000,727,272562,52000,2850000
ISLE OF ANGLESEY,2024,221000,775,260858,60000,1575000
ISLE OF ANGLESEY,2025,225000,833,258560,55000,2250000
ISLE OF ANGLESEY,2026,232500,282,266564,55000,885000
ISLE OF WIGHT,2015,187500,3080,213742,29000,1400000
ISLE OF WIGHT,2016,191000,3144,224053,30000,2900000
ISLE OF WIGHT,2017,202500,3147,230608,400,2300000
ISLE OF WIGHT,2018,205000,2834,237655,49500,2950000
ISLE OF WIGHT,2019,215000,2713,245677,50000,2740400
ISLE OF WIGHT,2020,233000,2587,274041,50000,2929867
ISLE OF WIGHT,2021,251000,3452,297807,50000,1800000
ISLE OF WIGHT,2022,262500,2783,311169,500,2900000
ISLE OF WIGHT,2023,260000,2060,312131,49000,2500000
ISLE OF WIGHT,2024,260000,2102,304162,47000,2650000
ISLE OF WIGHT,2025,262000,2201,300216,47000,2362500
ISLE OF WIGHT,2026,255000,897,279328,50000,1100000
ISLES OF SCILLY,2015,280000,16,286594,39500,495000
ISLES OF SCILLY,2016,307500,24,295938,125000,475000
ISLES OF SCILLY,2017,325000,23,320824,135000,590000
ISLES OF SCILLY,2018,360000,33,346285,9000,650000
ISLES OF SCILLY,2019,337500,19,344868,100000,535000
ISLES OF SCILLY,2020,350000,17,403548,125000,1181500
ISLES OF SCILLY,2021,338000,25,383980,195000,695000
ISLES OF SCILLY,2022,531000,7,488000,185000,820000
ISLES OF SCILLY,2023,482250,12,575792,275000,1850000
ISLES OF SCILLY,2024,352000,17,469971,200000,1098000
ISLES OF SCILLY,2025,531250,18,525889,220000,845000
ISLES OF SCILLY,2026,295000,7,413571,220000,650000
ISLINGTON,2015,580000,2337,743616,82300,6250000
ISLINGTON,2016,620000,2318,754085,112500,5800000
ISLINGTON,2017,613000,1687,775897,125000,7930000
ISLINGTON,2018,600000,1751,751315,88000,7620000
ISLINGTON,2019,600000,1873,748782,125000,5650000
ISLINGTON,2020,650000,1874,802100,125000,7700000
ISLINGTON,2021,650000,2443,842722,125000,7300000
ISLINGTON,2022,650000,2226,847956,125000,7000000
ISLINGTON,2023,705000,1992,882738,129750,6700000
ISLINGTON,2024,695000,2215,889222,1,7500000
ISLINGTON,2025,650000,1980,857757,127500,6675000
ISLINGTON,2026,600000,599,774053,169050,5500000
KENSINGTON AND CHELSEA,2015,1175000,2176,1909304,81810,30000000
KENSINGTON AND CHELSEA,2016,1200000,1810,1948971,143000,29000000
KENSINGTON AND CHELSEA,2017,1350000,1573,2096127,150000,37000000
KENSINGTON AND CHELSEA,2018,1425000,1317,2339853,151098,37720000
KENSINGTON AND CHELSEA,2019,1252500,1400,2115873,103750,49575718
KENSINGTON AND CHELSEA,2020,1295000,1349,2216257,150000,28000000
KENSINGTON AND CHELSEA,2021,1250000,2002,2229547,150000,38000000
KENSINGTON AND CHELSEA,2022,1400000,1957,2530747,168000,37500000
KENSINGTON AND CHELSEA,2023,1300000,1619,2385572,150000,68250000
KENSINGTON AND CHELSEA,2024,1237500,1743,2105651,185000,30000000
KENSINGTON AND CHELSEA,2025,1195000,1697,1980871,150000,41000000
KENSINGTON AND CHELSEA,2026,950000,460,1771186,141250,31900000
KETTERING,2015,162500,2085,186434,34000,1100000
KETTERING,2016,175000,2276,197185,47500,815000
KETTERING,2017,193500,2115,217043,40000,2200000
KETTERING,2018,205000,1880,231848,19950,1400000
KETTERING,2019,215000,1642,236229,65000,1150000
KETTERING,2020,210000,1259,235989,52741,1875000
KETTERING,2021,251000,71,276865,75000,636000
KING'S LYNN AND WEST NORFOLK,2015,173000,2825,205402,24600,2080000
KING'S LYNN AND WEST NORFOLK,2016,187500,2893,226897,37250,3700000
KING'S LYNN AND WEST NORFOLK,2017,205000,2728,239816,45000,3100000
KING'S LYNN AND WEST NORFOLK,2018,210000,2484,245475,44500,2580000
KING'S LYNN AND WEST NORFOLK,2019,222500,2638,256269,48000,2150000
KING'S LYNN AND WEST NORFOLK,2020,235000,2357,281951,59000,3800000
KING'S LYNN AND WEST NORFOLK,2021,253000,3462,297562,50000,3001174
KING'S LYNN AND WEST NORFOLK,2022,275000,2616,328070,50000,3825000
KING'S LYNN AND WEST NORFOLK,2023,269000,1979,317069,50000,2750000
KING'S LYNN AND WEST NORFOLK,2024,265000,2153,316520,44000,3600000
KING'S LYNN AND WEST NORFOLK,2025,270000,2307,303345,47000,2900000
KING'S LYNN AND WEST NORFOLK,2026,265000,850,300675,46000,1825000
KINGSTON UPON THAMES,2015,410000,2565,501609,65000,5200000
KINGSTON UPON THAMES,2016,460250,2170,547234,90000,8500000
KINGSTON UPON THAMES,2017,485000,1951,572044,138000,5134490
KINGSTON UPON THAMES,2018,490000,2058,568389,135000,8436000
KINGSTON UPON THAMES,2019,485000,2149,566518,137000,8500000
KINGSTON UPON THAMES,2020,510000,1810,633477,138000,10510000
KINGSTON UPON THAMES,2021,522000,2874,625746,138750,6500000
KINGSTON UPON THAMES,2022,540000,2449,657412,136000,6100000
KINGSTON UPON THAMES,2023,570000,1945,687288,109000,8600000
KINGSTON UPON THAMES,2024,550000,1937,640340,133500,4997000
KINGSTON UPON THAMES,2025,550000,1946,643420,92500,7280000
KINGSTON UPON THAMES,2026,535000,674,614083,140000,2600000
KIRKLEES,2015,135000,5688,159478,21000,2975000
KIRKLEES,2016,140000,6048,165449,24500,1200000
KIRKLEES,2017,145000,6219,170448,32000,2200000
KIRKLEES,2018,150000,6212,179195,31000,1500000
KIRKLEES,2019,157000,6181,186659,435,2150000
KIRKLEES,2020,165000,5681,198784,30000,1600000
KIRKLEES,2021,180000,7366,217216,31000,2200000
KIRKLEES,2022,190000,6120,225426,35500,1825000
KIRKLEES,2023,190000,5201,227196,32000,2800000
KIRKLEES,2024,203500,5571,236302,2000,2300000
KIRKLEES,2025,215000,5672,246746,35000,1700000
KIRKLEES,2026,210000,2048,243157,32000,1310000
KNOWSLEY,2015,119375,1502,130087,26000,520000
KNOWSLEY,2016,120000,1719,130381,24500,595000
KNOWSLEY,2017,129995,1892,145383,36000,650000
KNOWSLEY,2018,139000,2005,149477,33810,752500
KNOWSLEY,2019,152000,2210,160117,37500,660000
KNOWSLEY,2020,160000,1895,169293,1000,730000
KNOWSLEY,2021,170000,2238,180072,3750,800000
KNOWSLEY,2022,180000,2080,193049,32000,837000
KNOWSLEY,2023,190000,1806,207767,40000,862500
KNOWSLEY,2024,195000,1895,213786,39900,895000
KNOWSLEY,2025,200000,1914,219136,39900,1415000
KNOWSLEY,2026,188000,501,207571,37000,815000
LAMBETH,2015,460000,4593,553912,70000,15000000
LAMBETH,2016,507700,3975,588342,97500,5300000
LAMBETH,2017,520000,3796,616993,118750,7150000
LAMBETH,2018,525000,3328,649551,118750,6000000
LAMBETH,2019,537500,3381,654745,113750,16950975
LAMBETH,2020,590000,3508,742814,120000,6875000
LAMBETH,2021,555400,4808,681925,120000,7000000
LAMBETH,2022,550000,4088,687663,120000,7399000
LAMBETH,2023,550261.5,3238,666251,119000,7250000
LAMBETH,2024,547750,3632,676766,118500,11193728
LAMBETH,2025,544000,3769,663391,120000,9519524
LAMBETH,2026,525000,1192,625459,126000,4500000
LANCASTER,2015,145000,2381,168124,15000,1150000
LANCASTER,2016,152000,2424,175821,6000,870000
LANCASTER,2017,150000,2517,175241,35000,875000
LANCASTER,2018,153250,2442,180119,35000,1030000
LANCASTER,2019,158000,2350,183920,35000,1335000
LANCASTER,2020,170000,2003,199338,38000,1999950
LANCASTER,2021,180000,2889,210679,39950,1700000
LANCASTER,2022,186000,2308,220061,35910,3000000
LANCASTER,2023,188080,1850,227145,37000,1730000
LANCASTER,2024,199000,1925,235046,6000,1150000
LANCASTER,2025,204750,2044,236157,42500,1398000
LANCASTER,2026,200000,711,228616,36000,835000
LEEDS,2015,157000,11982,187542,10000,2850000
LEEDS,2016,165000,12501,195836,14000,3138000
LEEDS,2017,170000,12451,204534,18300,2225000
LEEDS,2018,177350,12055,212010,32500,1650000
LEEDS,2019,185000,11765,218961,33000,2910000
LEEDS,2020,202000,10177,240258,27500,2500000
LEEDS,2021,218500,13179,257482,20000,2650000
LEEDS,2022,230000,11122,271724,19750,3450000
LEEDS,2023,233000,9325,271572,20000,3050000
LEEDS,2024,240000,10086,282898,20000,3200000
LEEDS,2025,250000,10169,289185,14232,4100000
LEEDS,2026,243950,3703,283238,10000,4000000
LEICESTER,2015,135000,3506,154770,34523,885000
LEICESTER,2016,145000,3651,165903,35000,1000000
LEICESTER,2017,157000,3334,177251,900,995000
LEICESTER,2018,172000,3312,193091,47500,1295000
LEICESTER,2019,177000,2828,196930,40000,895000
LEICESTER,2020,190000,2090,212595,47000,1151000
LEICESTER,2021,216000,3111,235037,43750,1100000
LEICESTER,2022,230000,2809,246787,41250,1400000
LEICESTER,2023,233000,2194,250132,39999,1265000
LEICESTER,2024,240000,2169,254299,50000,1400000
LEICESTER,2025,242500,2319,255776,45000,1750000
LEICESTER,2026,242500,903,254528,39425,925000
LEWES,2015,279000,1832,316343,65000,1808600
LEWES,2016,298000,1731,346696,60000,3020000
LEWES,2017,315000,1607,362324,79750,2450000
LEWES,2018,320000,1590,369881,78000,1650000
LEWES,2019,325000,1632,375037,78000,2150000
LEWES,2020,340000,1473,388256,80000,2500000
LEWES,2021,372995,2183,431785,79950,5000000
LEWES,2022,395575,1817,454746,83000,3900000
LEWES,2023,399950.5,1296,449860,78000,2875000
LEWES,2024,387000,1512,448723,81500,2700000
LEWES,2025,380000,1642,434434,80000,3250000
LEWES,2026,375000,630,428012,80500,1305000
LEWISHAM,2015,360000,4488,402941,65000,3650000
LEWISHAM,2016,385000,4096,433955,105000,4625000
LEWISHAM,2017,427800,3413,473782,90200,2850000
LEWISHAM,2018,419875,3340,460947,105000,2600000
LEWISHAM,2019,428694,3032,474547,113750,3300000
LEWISHAM,2020,445750,2904,504528,114375,3200000
LEWISHAM,2021,455000,4056,514165,115000,6350000
LEWISHAM,2022,470000,3583,535945,111500,3950000
LEWISHAM,2023,450000,2671,523895,113750,4350000
LEWISHAM,2024,470000,2877,538096,117500,4200000
LEWISHAM,2025,470000,3101,547069,72500,10515000
LEWISHAM,2026,465000,1055,540402,120000,3450000
LICHFIELD,2015,200000,1642,251392,40000,3100000
LICHFIELD,2016,210000,1790,255834,67500,1800000
LICHFIELD,2017,229000,1893,272780,8450,2215000
LICHFIELD,2018,242500,1977,280433,66000,1500000
LICHFIELD,2019,254995,1828,293087,68000,2500000
LICHFIELD,2020,269500,1592,313534,63500,2375000
LICHFIELD,2021,280000,2353,335090,70000,3000000
LICHFIELD,2022,300000,2026,353682,70000,5000000
LICHFIELD,2023,305000,1543,355363,69000,3050000
LICHFIELD,2024,307500,1721,356830,60000,1950000
LICHFIELD,2025,310000,1823,367949,68000,3275000
LICHFIELD,2026,315000,555,371891,70000,2415000
LINCOLN,2015,130000,1740,147489,15000,825000
LINCOLN,2016,140000,1668,156964,26000,1460000
LINCOLN,2017,143500,1589,159324,52000,785000
LINCOLN,2018,149000,1604,166832,52000,935000
LINCOLN,2019,155000,1483,174033,34000,1940654
LINCOLN,2020,160000,1181,185968,55000,1000000
LINCOLN,2021,173500,1671,197245,52500,1775000
LINCOLN,2022,180000,1541,204493,56500,1300000
LINCOLN,2023,177500,1062,198950,55000,1975000
LINCOLN,2024,180000,1146,202238,62000,1000000
LINCOLN,2025,190000,1272,216564,65000,1950000
LINCOLN,2026,187500,511,206102,69000,675000
LIVERPOOL,2015,120000,5767,143832,15000,1800000
LIVERPOOL,2016,120000,6303,139475,10000,1150000
LIVERPOOL,2017,125000,6816,148095,10000,1800000
LIVERPOOL,2018,125000,6972,150279,25000,1250000
LIVERPOOL,2019,128000,6559,152063,18000,2070000
LIVERPOOL,2020,140000,4598,169095,3487,1500000
LIVERPOOL,2021,155031.5,6250,190789,15000,1360000
LIVERPOOL,2022,160000,5741,199266,15000,1760000
LIVERPOOL,2023,155000,5047,192070,12000,3971025
LIVERPOOL,2024,170000,4829,203102,10000,1645000
LIVERPOOL,2025,183000,4785,224162,14000,1900000
LIVERPOOL,2026,192125,1720,225747,10000,2000000
LUTON,2015,193000,2607,202900,35000,845000
LUTON,2016,221250,2530,226262,52000,805000
LUTON,2017,240000,2607,239870,60750,975000
LUTON,2018,245000,2355,248007,60000,845000
LUTON,2019,245000,2184,252178,60000,890000
LUTON,2020,260000,1637,271242,59000,920000
LUTON,2021,272000,2611,284828,59500,1225000
LUTON,2022,300000,2237,307047,59500,1300000
LUTON,2023,302000,1596,305683,54170,1106000
LUTON,2024,305000,1623,310171,37000,1700000
LUTON,2025,315000,1750,317411,56768,1140000
LUTON,2026,315000,661,315471,62000,1100000
MAIDSTONE,2015,250000,2836,279159,28750,1525000
MAIDSTONE,2016,272000,3078,298008,40000,1475000
MAIDSTONE,2017,299995,3278,327093,39000,2000000
MAIDSTONE,2018,310000,2764,341756,40000,1750000
MAIDSTONE,2019,310000,2397,338852,40000,1615000
MAIDSTONE,2020,325000,2712,357641,40000,1520000
MAIDSTONE,2021,350000,4287,383615,40000,2075000
MAIDSTONE,2022,375000,3053,410684,43750,4266101
MAIDSTONE,2023,342250,2302,377180,36250,1750000
MAIDSTONE,2024,360000,2372,388788,41250,3940000
MAIDSTONE,2025,368921,2570,404983,40000,2700000
MAIDSTONE,2026,357000,906,387490,45000,1500000
MALDON,2015,250000,1101,303716,72000,2545000
MALDON,2016,287750,1280,332958,69995,1890000
MALDON,2017,320000,1075,363434,95000,1925000
MALDON,2018,321000,1067,369314,75000,1695000
MALDON,2019,320000,1089,365178,80000,3325000
MALDON,2020,340000,1144,378905,82250,1550000
MALDON,2021,365000,1512,420007,12000,3500000
MALDON,2022,392750,1214,433840,73250,3000000
MALDON,2023,378750,886,420602,90000,2699950
MALDON,2024,380000,969,432569,75000,5900000
MALDON,2025,390000,1155,442717,74000,2800000
MALDON,2026,378000,328,430375,100750,2150000
MALVERN HILLS,2015,225000,1218,262099,45000,1325000
MALVERN HILLS,2016,245995,1283,282741,60000,1750000
MALVERN HILLS,2017,255326,1378,294933,68000,1625000
MALVERN HILLS,2018,272975,1304,309784,70000,1125000
MALVERN HILLS,2019,286000,1276,320634,71000,1045000
MALVERN HILLS,2020,295000,1123,333395,70000,1550000
MALVERN HILLS,2021,312000,1724,358592,70000,1900000
MALVERN HILLS,2022,330000,1369,382008,70000,2030000
MALVERN HILLS,2023,340997.5,1096,382155,73000,2820000
MALVERN HILLS,2024,322440,1288,372241,70000,1400000
MALVERN HILLS,2025,330000,1323,377102,70000,1645000
MALVERN HILLS,2026,330000,439,378494,78000,1300000
MANCHESTER,2015,143000,7078,164146,12000,1480000
MANCHESTER,2016,150000,7317,174412,700,1550000
MANCHESTER,2017,163995,6731,193271,18000,1500000
MANCHESTER,2018,173000,6254,204875,34000,1600000
MANCHESTER,2019,181000,5718,213048,35000,1475000
MANCHESTER,2020,210000,5580,237956,39995,2400000
MANCHESTER,2021,225000,6736,261501,30000,1850000
MANCHESTER,2022,243262,6038,275112,15000,2450000
MANCHESTER,2023,249500,4558,279413,10000,3185000
MANCHESTER,2024,255000,4993,285996,22000,2822017
MANCHESTER,2025,253000,4799,292777,20500,2300000
MANCHESTER,2026,255000,1812,289927,10000,1350000
MANSFIELD,2015,121750,1718,134248,20000,612500
MANSFIELD,2016,127500,1824,142559,33000,750000
MANSFIELD,2017,130000,1703,143883,39950,650000
MANSFIELD,2018,136997.5,1752,153874,36000,780000
MANSFIELD,2019,150000,1821,168492,39950,635000
MANSFIELD,2020,152000,1674,176331,20000,875000
MANSFIELD,2021,170000,2055,194028,40000,895000
MANSFIELD,2022,180000,1826,201891,41250,935000
MANSFIELD,2023,180000,1340,201465,41000,975000
MANSFIELD,2024,190000,1452,211893,50000,1300000
MANSFIELD,2025,193750,1582,220817,39000,1350000
MANSFIELD,2026,181000,481,208171,50000,1500000
MEDWAY,2015,191500,4758,211001,33000,940000
MEDWAY,2016,220000,4593,237111,42000,995000
MEDWAY,2017,235000,4460,258024,58500,1385000
MEDWAY,2018,243000,4026,264885,59250,1600000
MEDWAY,2019,250000,3991,273463,60000,1400000
MEDWAY,2020,263000,3423,290013,59500,975000
MEDWAY,2021,285000,5393,309127,59500,1320000
MEDWAY,2022,305000,4153,325441,59000,1500000
MEDWAY,2023,300000,3432,323208,60000,2000000
MEDWAY,2024,308000,3462,326823,58750,1500000
MEDWAY,2025,315000,3641,336122,57000,1310000
MEDWAY,2026,310000,1290,328161,59000,955000
MELTON,2015,172500,888,218692,30000,1362800
MELTON,2016,191750,778,234574,56000,1200000
MELTON,2017,193000,815,236856,69950,1175000
MELTON,2018,210000,840,255484,67500,1650000
MELTON,2019,224950,831,261151,76000,1750000
MELTON,2020,239475,798,287853,67000,1700000
MELTON,2021,263000,1163,314683,69000,2400000
MELTON,2022,269475,1006,315594,70750,2465000
MELTON,2023,278594.5,848,321105,80500,1260000
MELTON,2024,272250,964,311804,80000,3500000
MELTON,2025,272000,1024,326289,80000,1500000
MELTON,2026,256500,304,301585,87500,1255000
MENDIP,2015,212500,2089,243253,37499,1240000
MENDIP,2016,235000,2155,275164,42500,1750000
MENDIP,2017,246000,2199,289888,59500,2050000
MENDIP,2018,261950,1999,304113,55000,2060000
MENDIP,2019,258150,1796,303169,60000,2000000
MENDIP,2020,282500,1739,335365,57000,2630000
MENDIP,2021,292480,2253,351099,56000,3000000
MENDIP,2022,315000,1566,377409,54750,3570000
MENDIP,2023,340000,173,418039,60000,2330000
MERTHYR TYDFIL,2015,89000,714,108246,23000,355000
MERTHYR TYDFIL,2016,90375,744,117783,18000,457500
MERTHYR TYDFIL,2017,95000,795,122162,25000,475000
MERTHYR TYDFIL,2018,94000,666,117150,25000,415000
MERTHYR TYDFIL,2019,108000,765,129870,27000,600000
MERTHYR TYDFIL,2020,116500,562,141993,26500,2020000
MERTHYR TYDFIL,2021,125000,824,152532,27000,910000
MERTHYR TYDFIL,2022,135000,781,165739,30000,700000
MERTHYR TYDFIL,2023,137000,564,160425,37500,870000
MERTHYR TYDFIL,2024,145000,558,176276,35000,790000
MERTHYR TYDFIL,2025,145000,634,174972,26000,900000
MERTHYR TYDFIL,2026,145000,193,172079,39950,950000
MERTON,2015,420000,2912,572026,76100,7000000
MERTON,2016,450000,2570,587400,85000,6500000
MERTON,2017,470000,2458,638932,91250,11000000
MERTON,2018,475000,2234,655862,120000,15250000
MERTON,2019,470000,2166,637123,120000,9000000
MERTON,2020,510000,2037,690506,119250,8500000
MERTON,2021,545000,3311,718416,120000,9250000
MERTON,2022,550000,2752,751181,121000,15300000
MERTON,2023,536500,2048,721698,125000,10000000
MERTON,2024,542000,2340,722109,120000,14677000
MERTON,2025,550000,2307,760435,120000,19750000
MERTON,2026,531250,756,704254,154000,12000000
MID DEVON,2015,203000,1394,234608,40625,1675000
MID DEVON,2016,212500,1425,235278,39950,1000000
MID DEVON,2017,225000,1483,255998,45000,1825000
MID DEVON,2018,235000,1396,264415,47000,1170000
MID DEVON,2019,236400,1316,266030,49000,3225000
MID DEVON,2020,260000,1303,291018,50000,1300000
MID DEVON,2021,277500,1695,323423,52000,2373000
MID DEVON,2022,300000,1251,348484,57000,2000000
MID DEVON,2023,300000,1099,346639,50000,1690000
MID DEVON,2024,296250,1190,338461,45000,1874000
MID DEVON,2025,295000,1181,336603,55000,3150000
MID DEVON,2026,280000,412,319194,55000,2350000
MID SUFFOLK,2015,215000,1830,251006,40000,2400000
MID SUFFOLK,2016,230000,1821,268258,23183,1400000
MID SUFFOLK,2017,260000,1767,293895,49000,2842306
MID SUFFOLK,2018,265000,1840,297863,48000,3500000
MID SUFFOLK,2019,260000,1722,295787,56000,2085000
MID SUFFOLK,2020,280000,1703,315055,46000,2000000
MID SUFFOLK,2021,302500,2795,343541,48000,2300000
MID SUFFOLK,2022,325000,2216,367648,60000,1995000
MID SUFFOLK,2023,329995,1695,370019,52500,1990000
MID SUFFOLK,2024,319995,1934,354183,52000,1750000
MID SUFFOLK,2025,315000,2007,355336,48000,1750000
MID SUFFOLK,2026,290000,604,339599,47500,1475000
MID SUSSEX,2015,325000,2933,363427,55000,2675000
MID SUSSEX,2016,355000,2845,395863,61250,4600000
MID SUSSEX,2017,366000,2666,417140,79500,6000000
MID SUSSEX,2018,370000,2574,417442,66250,2800000
MID SUSSEX,2019,380000,2692,432227,82250,2650000
MID SUSSEX,2020,392500,2524,439083,80000,3500000
MID SUSSEX,2021,412725,3694,466566,80000,5746403
MID SUSSEX,2022,440000,3079,494058,80000,5250000
MID SUSSEX,2023,450000,2264,506916,80000,3325000
MID SUSSEX,2024,430000,2448,492307,86000,5364275
MID SUSSEX,2025,445000,2571,503219,85000,5000000
MID SUSSEX,2026,435000,917,482860,82500,3150000
MIDDLESBROUGH,2015,130000,1802,145566,22000,685000
MIDDLESBROUGH,2016,130000,1797,148466,15000,845000
MIDDLESBROUGH,2017,126000,1733,143443,25000,883000
MIDDLESBROUGH,2018,133500,1837,146944,25000,775000
MIDDLESBROUGH,2019,135995,1882,150536,25000,1100000
MIDDLESBROUGH,2020,134000,1576,150434,25000,900000
MIDDLESBROUGH,2021,141972.5,2316,162583,25000,1150000
MIDDLESBROUGH,2022,150000,2091,167068,25000,900000
MIDDLESBROUGH,2023,152000,1602,166653,25000,780000
MIDDLESBROUGH,2024,153750,1694,170681,25000,1100000
MIDDLESBROUGH,2025,157125,1738,175186,30000,925000
MIDDLESBROUGH,2026,160000,522,174150,28800,725000
MILTON KEYNES,2015,232250,4734,261087,32500,1830000
MILTON KEYNES,2016,252000,4765,281906,37500,3500000
MILTON KEYNES,2017,270000,4678,296350,38100,1475000
MILTON KEYNES,2018,285000,4443,311151,38750,1630000
MILTON KEYNES,2019,288000,4285,313444,40500,1900000
MILTON KEYNES,2020,315000,3655,337606,40000,2350000
MILTON KEYNES,2021,325000,5638,350832,39600,3750000
MILTON KEYNES,2022,360000,5000,381007,37750,2976500
MILTON KEYNES,2023,355000,3765,377069,42000,1850000
MILTON KEYNES,2024,355000,3753,374630,42625,1850000
MILTON KEYNES,2025,350000,3479,374228,38000,2200000
MILTON KEYNES,2026,340000,1379,361910,41250,1637500
MOLE VALLEY,2015,440000,1481,511725,85000,3950000
MOLE VALLEY,2016,475000,1318,549297,87500,3562250
MOLE VALLEY,2017,500000,1226,574054,104000,3450000
MOLE VALLEY,2018,489950,1225,541306,98000,2900000
MOLE VALLEY,2019,474750,1242,533840,100500,2900000
MOLE VALLEY,2020,545000,1255,606749,97500,4250000
MOLE VALLEY,2021,535000,1831,629905,96000,4250000
MOLE VALLEY,2022,535000,1388,627114,99938,3825000
MOLE VALLEY,2023,590000,1054,682088,130000,4900000
MOLE VALLEY,2024,580000,1200,654978,99000,8000000
MOLE VALLEY,2025,580000,1180,661678,99750,2850000
MOLE VALLEY,2026,535000,437,848027,115100,112500000
MONMOUTHSHIRE,2015,210000,1452,241796,35000,1370000
MONMOUTHSHIRE,2016,215000,1596,250345,50000,1625000
MONMOUTHSHIRE,2017,229950,1562,261505,63500,1050000
MONMOUTHSHIRE,2018,245000,1451,281945,65500,1525000
MONMOUTHSHIRE,2019,255000,1288,289613,73500,1430000
MONMOUTHSHIRE,2020,270000,1133,310388,70000,1495000
MONMOUTHSHIRE,2021,290000,2009,330296,67995,1600000
MONMOUTHSHIRE,2022,320000,1568,358944,70000,1750000
MONMOUTHSHIRE,2023,320000,1156,358101,72500,2000000
MONMOUTHSHIRE,2024,320000,1318,361857,75000,2055000
MONMOUTHSHIRE,2025,315000,1319,357250,75000,1800000
MONMOUTHSHIRE,2026,325000,516,358122,99500,1060000
NEATH PORT TALBOT,2015,108000,1885,120803,17000,700000
NEATH PORT TALBOT,2016,105000,1832,121176,20000,1050000
NEATH PORT TALBOT,2017,110000,1978,124031,18000,700000
NEATH PORT TALBOT,2018,115000,1919,126467,34500,495000
NEATH PORT TALBOT,2019,120000,1924,136143,34000,795000
NEATH PORT TALBOT,2020,127000,1556,146616,8500,900000
NEATH PORT TALBOT,2021,138000,2185,154345,36000,750000
NEATH PORT TALBOT,2022,147000,1968,168194,19000,850000
NEATH PORT TALBOT,2023,154000,1659,173074,34000,930000
NEATH PORT TALBOT,2024,157500,1762,177062,37000,900000
NEATH PORT TALBOT,2025,165000,1840,185581,35000,840000
NEATH PORT TALBOT,2026,165000,591,183179,40000,815000
NEW FOREST,2015,285000,3334,334291,47500,1900000
NEW FOREST,2016,300000,3277,355321,54000,3525000
NEW FOREST,2017,322500,3063,379298,39995,2750000
NEW FOREST,2018,322500,2852,388905,69000,2750000
NEW FOREST,2019,330000,2750,387029,69950,2396000
NEW FOREST,2020,358000,2661,438848,67000,8500000
NEW FOREST,2021,379000,3889,447728,67000,5000000
NEW FOREST,2022,399950,2731,500342,68500,12500000
NEW FOREST,2023,393725,2088,488482,64000,9675000
NEW FOREST,2024,385000,2447,471220,67000,3953516
NEW FOREST,2025,381000,2745,462380,68000,14011076
NEW FOREST,2026,385000,1018,451926,75000,4000000
NEWARK AND SHERWOOD,2015,155000,2005,188676,25000,1114000
NEWARK AND SHERWOOD,2016,162000,2269,193736,40000,920000
NEWARK AND SHERWOOD,2017,170000,2157,200247,43000,1675000
NEWARK AND SHERWOOD,2018,180000,2170,217232,40000,1187500
NEWARK AND SHERWOOD,2019,188750,2166,218420,50000,995000
NEWARK AND SHERWOOD,2020,197500,2122,235928,48000,1200000
NEWARK AND SHERWOOD,2021,225775,2872,261666,33750,1600000
NEWARK AND SHERWOOD,2022,232000,2377,268755,50000,1900000
NEWARK AND SHERWOOD,2023,233000,1847,272809,50250,2000000
NEWARK AND SHERWOOD,2024,237496,2019,276420,47500,2400000
NEWARK AND SHERWOOD,2025,237500,2117,279578,52500,1850000
NEWARK AND SHERWOOD,2026,227000,661,272003,60000,1500000
NEWCASTLE UPON TYNE,2015,151950,3787,184308,25000,1650000
NEWCASTLE UPON TYNE,2016,157000,3797,192079,26000,2300000
NEWCASTLE UPON TYNE,2017,155000,3931,187862,2638,1600000
NEWCASTLE UPON TYNE,2018,161995,3712,192898,24500,2400000
NEWCASTLE UPON TYNE,2019,164997.5,3664,198829,6105,2575000
NEWCASTLE UPON TYNE,2020,175000,3435,212668,27000,1925000
NEWCASTLE UPON TYNE,2021,185000,4887,226839,35000,4750000
NEWCASTLE UPON TYNE,2022,195000,4268,241468,35000,5300550
NEWCASTLE UPON TYNE,2023,200000,3752,242703,35000,2700000
NEWCASTLE UPON TYNE,2024,199950,3611,240400,35000,5350000
NEWCASTLE UPON TYNE,2025,208000,3553,251095,35000,3041000
NEWCASTLE UPON TYNE,2026,205000,1234,249998,37500,3075000
NEWCASTLE-UNDER-LYME,2015,134000,1792,153607,28000,1552043
NEWCASTLE-UNDER-LYME,2016,136500,1868,159839,40000,1200000
NEWCASTLE-UNDER-LYME,2017,134950,2047,155915,40000,890000
NEWCASTLE-UNDER-LYME,2018,145000,1812,169403,42000,1000000
NEWCASTLE-UNDER-LYME,2019,148000,1839,169149,45000,1125000
NEWCASTLE-UNDER-LYME,2020,160000,1805,187147,40000,970000
NEWCASTLE-UNDER-LYME,2021,164000,2437,192725,44000,1385985
NEWCASTLE-UNDER-LYME,2022,180000,1923,207449,47250,1450000
NEWCASTLE-UNDER-LYME,2023,180000,1633,210934,40000,1200000
NEWCASTLE-UNDER-LYME,2024,187500,1738,221068,40000,1900000
NEWCASTLE-UNDER-LYME,2025,200000,1694,230066,42500,1600000
NEWCASTLE-UNDER-LYME,2026,195000,616,227623,49000,1687500
NEWHAM,2015,310000,2839,319095,53000,1350000
NEWHAM,2016,355000,2739,369780,80000,1170000
NEWHAM,2017,392000,3515,410770,40600,1500000
NEWHAM,2018,410000,2942,430324,96000,1273800
NEWHAM,2019,410000,1944,430161,97500,1600000
NEWHAM,2020,417950,1927,440950,99000,1222500
NEWHAM,2021,433750,2532,447948,98000,1625000
NEWHAM,2022,440000,2549,449885,98000,1715000
NEWHAM,2023,440000,1752,453549,96000,1327000
NEWHAM,2024,450000,1999,467633,97500,1775000
NEWHAM,2025,450000,1998,467589,84000,1575000
NEWHAM,2026,420000,597,435562,112000,1365000
NEWPORT,2015,150000,2341,165780,7250,785000
NEWPORT,2016,155000,2786,176535,25000,830000
NEWPORT,2017,157000,3093,179518,31500,950000
NEWPORT,2018,166400,2780,189596,33000,1075000
NEWPORT,2019,180000,2397,202159,42000,965000
NEWPORT,2020,185000,1881,214464,45000,875000
NEWPORT,2021,205000,2668,231541,44000,995000
NEWPORT,2022,218000,2476,244189,35000,1675000
NEWPORT,2023,220000,2093,249369,37500,1075000
NEWPORT,2024,230000,2142,248925,35000,950000
NEWPORT,2025,240000,2331,266655,35000,2010000
NEWPORT,2026,230000,732,259663,65000,1025000
NORTH DEVON,2015,215000,1793,242536,42500,1750000
NORTH DEVON,2016,220000,1833,241548,40000,1300000
NORTH DEVON,2017,230000,1993,255952,59000,1475000
NORTH DEVON,2018,239750,1955,260696,58000,1169950
NORTH DEVON,2019,252500,1873,273760,58000,2000000
NORTH DEVON,2020,260000,1816,290740,55000,1941986
NORTH DEVON,2021,290000,2431,319083,55000,1690000
NORTH DEVON,2022,310000,1747,349472,62500,2550000
NORTH DEVON,2023,305000,1361,350914,58000,5000000
NORTH DEVON,2024,293000,1480,335601,55500,2725000
NORTH DEVON,2025,295000,1525,324331,63500,2500000
NORTH DEVON,2026,278000,568,303413,60000,1495000
NORTH DORSET,2015,226000,1355,257074,30000,1400000
NORTH DORSET,2016,240000,1370,277372,45000,1650000
NORTH DORSET,2017,260000,1274,298165,54000,3300000
NORTH DORSET,2018,260000,1202,297156,55000,1090000
NORTH DORSET,2019,245000,149,263021,54000,980000
NORTH EAST DERBYSHIRE,2015,165000,1414,189165,25000,1000000
NORTH EAST DERBYSHIRE,2016,167000,1439,188753,45000,1070000
NORTH EAST DERBYSHIRE,2017,174950,1493,200669,50000,900000
NORTH EAST DERBYSHIRE,2018,182000,1681,208653,48000,1400000
NORTH EAST DERBYSHIRE,2019,190000,1632,215026,53000,1030000
NORTH EAST DERBYSHIRE,2020,214995,1561,238264,50000,1275000
NORTH EAST DERBYSHIRE,2021,220000,2096,248308,52500,2185000
NORTH EAST DERBYSHIRE,2022,240747.5,1868,271219,53750,1885000
NORTH EAST DERBYSHIRE,2023,242000,1473,266664,55000,1600000
NORTH EAST DERBYSHIRE,2024,240000,1563,268432,55000,1975000
NORTH EAST DERBYSHIRE,2025,250000,1532,281537,55000,1750000
NORTH EAST DERBYSHIRE,2026,230000,527,271396,60000,2950000
NORTH EAST LINCOLNSHIRE,2015,120000,2225,129024,6000,740000
NORTH EAST LINCOLNSHIRE,2016,125000,2363,134263,8700,1000000
NORTH EAST LINCOLNSHIRE,2017,129000,2534,140952,7750,1150000
NORTH EAST LINCOLNSHIRE,2018,130000,2357,144562,26000,861000
NORTH EAST LINCOLNSHIRE,2019,133000,2469,147626,24000,570000
NORTH EAST LINCOLNSHIRE,2020,144950,2159,161983,27000,885000
NORTH EAST LINCOLNSHIRE,2021,150000,3211,167727,27000,900000
NORTH EAST LINCOLNSHIRE,2022,160000,2858,177039,30000,1187500
NORTH EAST LINCOLNSHIRE,2023,154950,2025,171074,27500,795000
NORTH EAST LINCOLNSHIRE,2024,162500,2275,181409,20000,1250000
NORTH EAST LINCOLNSHIRE,2025,165000,2341,183520,25950,1109727
NORTH EAST LINCOLNSHIRE,2026,157000,869,176661,28500,921000
NORTH HERTFORDSHIRE,2015,288500,2414,332428,35000,2370000
NORTH HERTFORDSHIRE,2016,324950,2282,370094,23874,2050000
NORTH HERTFORDSHIRE,2017,335000,2143,399680,52500,3600000
NORTH HERTFORDSHIRE,2018,335000,1816,398297,57000,3150000
NORTH HERTFORDSHIRE,2019,350000,1850,406547,57500,2000000
NORTH HERTFORDSHIRE,2020,390000,1811,446362,52500,2100000
NORTH HERTFORDSHIRE,2021,390750,2670,445272,63750,1895000
NORTH HERTFORDSHIRE,2022,414995,2111,468606,54000,2600000
NORTH HERTFORDSHIRE,2023,410000,1715,461962,66250,3000000
NORTH HERTFORDSHIRE,2024,422000,2017,481699,60000,2210000
NORTH HERTFORDSHIRE,2025,425000,2071,493853,52500,2850000
NORTH HERTFORDSHIRE,2026,425000,681,470341,52000,2400000
NORTH KESTEVEN,2015,168000,2374,186598,27500,730000
NORTH KESTEVEN,2016,176000,2470,197756,52500,1100000
NORTH KESTEVEN,2017,187995,2391,207874,58500,795000
NORTH KESTEVEN,2018,193000,2234,213686,61000,850000
NORTH KESTEVEN,2019,200000,2236,220652,49689,915000
NORTH KESTEVEN,2020,214995,1981,243704,55000,1350000
NORTH KESTEVEN,2021,226000,2861,257063,53500,1160000
NORTH KESTEVEN,2022,242000,2258,275088,57000,1700000
NORTH KESTEVEN,2023,244000,1710,267952,70000,1250000
NORTH KESTEVEN,2024,232000,1857,261938,60000,1100000
NORTH KESTEVEN,2025,245000,2046,272091,47500,1325000
NORTH KESTEVEN,2026,240000,768,266297,65000,975000
NORTH LINCOLNSHIRE,2015,125000,2449,143583,20000,565000
NORTH LINCOLNSHIRE,2016,127500,2566,146187,15000,550000
NORTH LINCOLNSHIRE,2017,134000,2770,152201,33000,627500
NORTH LINCOLNSHIRE,2018,140000,2624,160536,30000,725000
NORTH LINCOLNSHIRE,2019,142500,2456,164227,36000,690000
NORTH LINCOLNSHIRE,2020,151000,2182,177092,30000,992500
NORTH LINCOLNSHIRE,2021,163000,3022,189906,33000,1000000
NORTH LINCOLNSHIRE,2022,170000,2810,197916,37500,1250000
NORTH LINCOLNSHIRE,2023,169484,2145,195626,25000,1100000
NORTH LINCOLNSHIRE,2024,175000,2292,199713,36000,925000
NORTH LINCOLNSHIRE,2025,179950,2457,210052,35000,870000
NORTH LINCOLNSHIRE,2026,177000,960,203156,41000,815000
NORTH NORFOLK,2015,210000,2346,240344,15000,1950000
NORTH NORFOLK,2016,220000,2368,252596,43494,1800000
NORTH NORFOLK,2017,245000,2184,275913,50000,1500000
NORTH NORFOLK,2018,245000,2134,280418,50750,2350000
NORTH NORFOLK,2019,253722.5,2088,292715,50000,2000000
NORTH NORFOLK,2020,275000,1931,317030,57500,2100000
NORTH NORFOLK,2021,293000,2690,336565,50000,3200000
NORTH NORFOLK,2022,317750,1900,365330,46000,2550000
NORTH NORFOLK,2023,305000,1568,356160,47000,3200000
NORTH NORFOLK,2024,310000,1673,355408,51020,3000000
NORTH NORFOLK,2025,300000,1620,351362,39500,2655000
NORTH NORFOLK,2026,292000,673,334163,50000,1550000
NORTH NORTHAMPTONSHIRE,2015,265000,19,349974,113000,890000
NORTH NORTHAMPTONSHIRE,2016,178500,12,289374,85000,1065000
NORTH NORTHAMPTONSHIRE,2017,200000,10,268900,76500,743000
NORTH NORTHAMPTONSHIRE,2018,259995,13,270302,125000,650000
NORTH NORTHAMPTONSHIRE,2019,250000,69,269953,78000,564995
NORTH NORTHAMPTONSHIRE,2020,250000,926,279493,62000,1555000
NORTH NORTHAMPTONSHIRE,2021,240000,7015,272067,42000,2250000
NORTH NORTHAMPTONSHIRE,2022,260000,6393,287716,48000,1783000
NORTH NORTHAMPTONSHIRE,2023,262000,4795,286588,54000,1650000
NORTH NORTHAMPTONSHIRE,2024,265000,5256,292201,46000,2400000
NORTH NORTHAMPTONSHIRE,2025,265000,5644,291233,36000,9000000
NORTH NORTHAMPTONSHIRE,2026,250000,1936,291231,38843,19500000
NORTH SOMERSET,2015,215000,4403,248664,32500,3300000
NORTH SOMERSET,2016,230000,4430,268643,40000,2770000
NORTH SOMERSET,2017,242500,4001,283285,55000,1600000
NORTH SOMERSET,2018,251995,4088,296146,50000,2575000
NORTH SOMERSET,2019,260000,3783,301450,69000,3600000
NORTH SOMERSET,2020,280000,3439,317680,42000,2280000
NORTH SOMERSET,2021,300000,5361,341046,68946,2600000
NORTH SOMERSET,2022,318995,4347,362980,70000,2700000
NORTH SOMERSET,2023,322000,3257,372327,70000,3500000
NORTH SOMERSET,2024,315000,3626,367028,70000,4800000
NORTH SOMERSET,2025,318000,3857,364170,70000,3000000
NORTH SOMERSET,2026,315000,1412,360250,70000,2300000
NORTH TYNESIDE,2015,155000,3465,172885,22000,886500
NORTH TYNESIDE,2016,157000,3441,176949,23500,860000
NORTH TYNESIDE,2017,168000,3708,188532,35000,995000
NORTH TYNESIDE,2018,169950,3731,193166,6800,895000
NORTH TYNESIDE,2019,173000,3436,197772,27120,1350000
NORTH TYNESIDE,2020,179000,2997,202645,35000,1175000
NORTH TYNESIDE,2021,182000,3946,208681,4784,3250000
NORTH TYNESIDE,2022,190000,3389,226741,36000,1530000
NORTH TYNESIDE,2023,194000,3077,229438,35000,1200000
NORTH TYNESIDE,2024,200000,3197,240073,20650,1210000
NORTH TYNESIDE,2025,220000,3181,253337,35000,1550000
NORTH TYNESIDE,2026,206500,1080,242733,37000,1675000
NORTH WARWICKSHIRE,2015,174250,1008,194276,28500,645000
NORTH WARWICKSHIRE,2016,180000,1034,210524,53000,1300000
NORTH WARWICKSHIRE,2017,190000,1032,221646,62500,1100000
NORTH WARWICKSHIRE,2018,205000,1029,238669,69000,1100000
NORTH WARWICKSHIRE,2019,210000,983,233294,59000,975000
NORTH WARWICKSHIRE,2020,234950,814,260725,66000,1400000
NORTH WARWICKSHIRE,2021,255000,1317,285861,76000,1175000
NORTH WARWICKSHIRE,2022,254000,1041,292904,67000,2550000
NORTH WARWICKSHIRE,2023,240000,701,290149,70500,1500000
NORTH WARWICKSHIRE,2024,262500,767,295831,74000,1450000
NORTH WARWICKSHIRE,2025,269000,1023,298136,75000,2400000
NORTH WARWICKSHIRE,2026,250000,342,273259,76000,840000
NORTH WEST LEICESTERSHIRE,2015,173000,1925,201334,37375,1070000
NORTH WEST LEICESTERSHIRE,2016,182500,2031,209190,26603,1135250
NORTH WEST LEICESTERSHIRE,2017,197495,2253,223479,62000,975000
NORTH WEST LEICESTERSHIRE,2018,210000,2201,236224,63000,1300000
NORTH WEST LEICESTERSHIRE,2019,216497.5,2032,242937,64000,1100000
NORTH WEST LEICESTERSHIRE,2020,238000,1889,260210,63000,1200000
NORTH WEST LEICESTERSHIRE,2021,250000,2449,278081,65000,1500000
NORTH WEST LEICESTERSHIRE,2022,274997.5,2234,301690,68750,1750000
NORTH WEST LEICESTERSHIRE,2023,279995,1572,304482,70000,1850000
NORTH WEST LEICESTERSHIRE,2024,275000,1791,299336,65000,1450000
NORTH WEST LEICESTERSHIRE,2025,273500,1880,300535,25000,2000000
NORTH WEST LEICESTERSHIRE,2026,260000,666,291453,62500,1490000
NORTH YORKSHIRE,2015,240000,31,292470,41000,900000
NORTH YORKSHIRE,2016,250000,25,302224,39900,690000
NORTH YORKSHIRE,2017,250000,19,263839,123000,555000
NORTH YORKSHIRE,2018,192500,21,269009,71000,1200000
NORTH YORKSHIRE,2019,265000,48,300779,85000,785000
NORTH YORKSHIRE,2020,272500,148,321399,48500,1480000
NORTH YORKSHIRE,2021,288950,862,338079,39000,2000000
NORTH YORKSHIRE,2022,292995,2909,343033,45375,2975000
NORTH YORKSHIRE,2023,269458.5,8698,325965,39950,3369000
NORTH YORKSHIRE,2024,270000,10213,326409,45000,25000000
NORTH YORKSHIRE,2025,272000,10190,328268,32500,4000000
NORTH YORKSHIRE,2026,265000,3690,318895,42500,4800000
NORTHAMPTON,2015,169995,4127,191463,25000,812500
NORTHAMPTON,2016,180000,4339,202326,34500,1145000
NORTHAMPTON,2017,195000,3715,218143,43750,1112500
NORTHAMPTON,2018,205000,3542,228463,47000,1275000
NORTHAMPTON,2019,210000,3267,228422,43750,1265000
NORTHAMPTON,2020,218000,2557,235059,43200,1200000
NORTHAMPTON,2021,240000,191,262221,64000,850000
NORTHUMBERLAND,2015,155000,4934,186742,12000,2400000
NORTHUMBERLAND,2016,158000,5296,192352,11340,1535000
NORTHUMBERLAND,2017,160000,5540,196253,10000,2281000
NORTHUMBERLAND,2018,167000,5479,202030,5600,1998500
NORTHUMBERLAND,2019,167442.5,5356,201785,14500,1600000
NORTHUMBERLAND,2020,183500,5081,224937,21500,1650000
NORTHUMBERLAND,2021,186100,6805,239743,16000,5800000
NORTHUMBERLAND,2022,195000,6064,249248,10285,4000000
NORTHUMBERLAND,2023,207000,5142,252654,12500,6000000
NORTHUMBERLAND,2024,210000,5392,254424,10000,3600000
NORTHUMBERLAND,2025,205097.5,5366,262206,10000,2775000
NORTHUMBERLAND,2026,203000,1809,258995,10000,2675000
NORWICH,2015,166000,2327,194427,27000,1100000
NORWICH,2016,176000,2202,206829,32500,1700000
NORWICH,2017,187000,2222,219806,39660,1650000
NORWICH,2018,192000,2220,221485,43750,1370000
NORWICH,2019,195000,1987,227623,41250,1380000
NORWICH,2020,205000,1623,242163,42500,1650000
NORWICH,2021,218000,2364,257137,40000,1435000
NORWICH,2022,235000,2173,269308,40000,2000000
NORWICH,2023,235000,1670,267576,40000,1990000
NORWICH,2024,235000,1770,269851,40000,1435000
NORWICH,2025,235000,1884,285083,40000,36000000
NORWICH,2026,236000,719,273410,46250,1400000
NUNEATON AND BEDWORTH,2015,145000,2096,160690,32000,1000000
NUNEATON AND BEDWORTH,2016,154000,2240,171931,50000,1150000
NUNEATON AND BEDWORTH,2017,162500,2138,182949,53000,770000
NUNEATON AND BEDWORTH,2018,179950,2343,198044,50000,900000
NUNEATON AND BEDWORTH,2019,185000,2233,202665,51000,975000
NUNEATON AND BEDWORTH,2020,195000,1873,212913,53500,710000
NUNEATON AND BEDWORTH,2021,214995,2516,230606,52000,950000
NUNEATON AND BEDWORTH,2022,238000,2483,247402,50000,955000
NUNEATON AND BEDWORTH,2023,233000,1873,246699,55000,840000
NUNEATON AND BEDWORTH,2024,239500,1990,251518,50000,1140000
NUNEATON AND BEDWORTH,2025,243000,2024,258508,50000,1800000
NUNEATON AND BEDWORTH,2026,227750,582,242017,64500,925000
OADBY AND WIGSTON,2015,168000,859,192961,52000,1110000
OADBY AND WIGSTON,2016,180000,900,203289,48000,830000
OADBY AND WIGSTON,2017,189000,729,214880,67500,1150000
OADBY AND WIGSTON,2018,205500,730,225878,70000,800000
OADBY AND WIGSTON,2019,225000,809,252803,65000,1350000
OADBY AND WIGSTON,2020,243500,726,270977,68000,1440000
OADBY AND WIGSTON,2021,260000,1038,286482,76250,1390000
OADBY AND WIGSTON,2022,280000,868,303438,65000,1225000
OADBY AND WIGSTON,2023,285000,730,318687,75000,1330000
OADBY AND WIGSTON,2024,277500,751,306145,87000,1100000
OADBY AND WIGSTON,2025,280000,735,311316,75000,1657500
OADBY AND WIGSTON,2026,277500,241,298382,70000,985000
OLDHAM,2015,119725,2474,135706,15000,1129000
OLDHAM,2016,123000,2800,143943,27000,1394000
OLDHAM,2017,127500,2994,148765,30000,1900000
OLDHAM,2018,130000,2794,152040,1103,1400000
OLDHAM,2019,137000,2947,159127,750,900000
OLDHAM,2020,152000,2398,177547,750,1100000
OLDHAM,2021,173000,3288,201869,30000,3150000
OLDHAM,2022,185000,2747,213198,30000,1800000
OLDHAM,2023,185000,2115,211243,30000,1300000
OLDHAM,2024,200000,2325,229442,30000,1500000
OLDHAM,2025,215000,2506,242208,30000,1300000
OLDHAM,2026,210000,883,232068,37000,975000
OXFORD,2015,350000,1692,462036,35000,4500000
OXFORD,2016,375000,1473,483962,56250,9750000
OXFORD,2017,400000,1266,505478,70000,10500000
OXFORD,2018,395000,1326,510929,81250,6250000
OXFORD,2019,395000,1190,498472,76500,4230000
OXFORD,2020,415000,1083,556564,80000,4500000
OXFORD,2021,435000,1752,569752,81000,6937500
OXFORD,2022,450000,1453,570978,80000,5200000
OXFORD,2023,456000,1133,611542,77000,6750000
OXFORD,2024,460000,1272,599273,77000,6600000
OXFORD,2025,450000,1396,582910,83750,7500000
OXFORD,2026,445000,531,560181,77500,7350000
PEMBROKESHIRE,2015,157000,1872,179193,20000,1190000
PEMBROKESHIRE,2016,160000,1786,182585,38000,825000
PEMBROKESHIRE,2017,164000,1963,188952,12995,1300000
PEMBROKESHIRE,2018,170000,2115,192053,20000,995000
PEMBROKESHIRE,2019,175000,1994,199840,40500,1140000
PEMBROKESHIRE,2020,185000,1667,211257,42000,1379764
PEMBROKESHIRE,2021,201000,2577,236632,40000,1736087
PEMBROKESHIRE,2022,225000,2038,259127,21000,1450000
PEMBROKESHIRE,2023,224500,1658,255761,31000,2700000
PEMBROKESHIRE,2024,227000,1554,253763,43000,1800000
PEMBROKESHIRE,2025,225000,1736,254446,45000,2152000
PEMBROKESHIRE,2026,220000,640,247172,45000,1250000
PENDLE,2015,90000,1379,115981,6000,710000
PENDLE,2016,98500,1492,122043,10000,630000
PENDLE,2017,105000,1437,130597,18000,830000
PENDLE,2018,105500,1458,130452,18000,1345000
PENDLE,2019,110000,1481,132929,19000,765000
PENDLE,2020,120000,1280,146471,18000,1175000
PENDLE,2021,134000,1844,166960,20000,1620000
PENDLE,2022,135975,1550,169130,20000,975000
PENDLE,2023,135000,1195,167102,18000,1026250
PENDLE,2024,139950,1296,170341,18750,1200000
PENDLE,2025,147950,1447,177524,20000,1700000
PENDLE,2026,150000,494,180067,38274,1670000
POOLE,2015,250000,3076,328003,47500,5900000
POOLE,2016,261250,3102,340726,48000,5000000
POOLE,2017,275000,3107,351963,2600,3450000
POOLE,2018,284250,2784,367977,64400,7550000
POOLE,2019,298975,414,377167,76500,2950000
PORTSMOUTH,2015,173975,3550,196549,48750,885000
PORTSMOUTH,2016,190000,3513,210367,42500,1575000
PORTSMOUTH,2017,204250,3209,226077,49500,1250000
PORTSMOUTH,2018,213250,3014,236232,52000,1050000
PORTSMOUTH,2019,210000,2670,236567,50000,1100000
PORTSMOUTH,2020,222625,2312,254079,49000,1300000
PORTSMOUTH,2021,237500,3405,265729,50000,1700000
PORTSMOUTH,2022,259000,2913,282295,50000,1365000
PORTSMOUTH,2023,253000,2012,279349,50000,1225000
PORTSMOUTH,2024,255000,2326,280695,50000,1200000
PORTSMOUTH,2025,258250,2472,301255,52000,22500000
PORTSMOUTH,2026,259000,958,276851,50000,1160000
POWYS,2015,164500,1698,182704,25000,1750000
POWYS,2016,168000,1728,191477,31000,875000
POWYS,2017,175000,1878,198349,43500,765000
POWYS,2018,180000,1922,207854,33000,850000
POWYS,2019,179500,1731,202577,43000,890000
POWYS,2020,190000,1557,221486,33000,2850000
POWYS,2021,220000,2325,247712,35500,1850000
POWYS,2022,245000,1845,277685,40000,3500000
POWYS,2023,233250,1416,260206,32000,1050000
POWYS,2024,242750,1622,272060,39999,1230000
POWYS,2025,250000,1529,279895,51500,1250000
POWYS,2026,242000,528,267042,33000,825000
PRESTON,2015,127400,1847,150683,11000,895000
PRESTON,2016,133650,1915,156612,16000,1050000
PRESTON,2017,140000,2013,166572,20000,868000
PRESTON,2018,145000,2071,168658,18500,775000
PRESTON,2019,150000,1948,176298,17000,1600000
PRESTON,2020,155000,1876,182868,1496,875000
PRESTON,2021,175000,2590,204874,18000,1515000
PRESTON,2022,181000,2657,214092,28500,1250000
PRESTON,2023,197000,2145,225735,15000,1130000
PRESTON,2024,208000,2119,230705,20500,1100000
PRESTON,2025,195000,2143,224817,20500,1171027
PRESTON,2026,195000,712,225944,25000,1100000
PURBECK,2015,275000,804,317859,85000,3250000
PURBECK,2016,285000,789,320456,105000,2250000
PURBECK,2017,302250,812,347863,92000,1650000
PURBECK,2018,300000,761,353723,95000,2600000
PURBECK,2019,285000,124,305394,95000,800000
READING,2015,252000,2909,287544,41000,1475000
READING,2016,280000,2730,308661,46000,1746000
READING,2017,305000,2420,336845,45000,2750000
READING,2018,307250,2316,340269,73500,1380000
READING,2019,308300,2163,349702,75250,3050000
READING,2020,310000,1671,341631,42500,1270000
READING,2021,317500,2723,361454,66250,2400000
READING,2022,342775,2526,386193,72000,3500000
READING,2023,350000,2063,393283,73500,1580000
READING,2024,350000,2054,387274,75000,1600000
READING,2025,350000,2039,391876,75000,2179000
READING,2026,340500,739,369428,80000,1340000
REDBRIDGE,2015,350000,3298,388060,52500,2600000
REDBRIDGE,2016,390000,2963,423038,45000,2470000
REDBRIDGE,2017,420000,2614,451486,87000,2500000
REDBRIDGE,2018,430000,2384,470389,64000,2910000
REDBRIDGE,2019,425000,2253,463430,67500,3100000
REDBRIDGE,2020,455000,1865,493977,81250,1725000
REDBRIDGE,2021,486000,3023,530606,63000,2800000
REDBRIDGE,2022,495000,2384,540455,85000,2650000
REDBRIDGE,2023,495000,1806,546785,81000,3600000
REDBRIDGE,2024,493250,2030,548269,82000,2800000
REDBRIDGE,2025,515000,2217,566392,84000,3700000
REDBRIDGE,2026,500000,742,541427,85750,3500000
REDCAR AND CLEVELAND,2015,127500,1781,136762,6000,502500
REDCAR AND CLEVELAND,2016,130000,1862,140861,14500,1000000
REDCAR AND CLEVELAND,2017,130000,1970,142031,18000,825000
REDCAR AND CLEVELAND,2018,132000,2004,145409,20000,550000
REDCAR AND CLEVELAND,2019,131995,1978,147737,20000,761000
REDCAR AND CLEVELAND,2020,136819,1720,151372,20000,947200
REDCAR AND CLEVELAND,2021,145000,2511,163628,20000,917500
REDCAR AND CLEVELAND,2022,156000,2159,174675,20000,920000
REDCAR AND CLEVELAND,2023,160000,1867,174438,21000,1350000
REDCAR AND CLEVELAND,2024,165000,1792,185223,22800,975000
REDCAR AND CLEVELAND,2025,165000,1900,184453,20000,1100000
REDCAR AND CLEVELAND,2026,170000,658,184608,25500,1075000
REDDITCH,2015,170000,1327,188658,21902,877500
REDDITCH,2016,176000,1245,199405,4121,725000
REDDITCH,2017,195000,1307,214554,63000,1080000
REDDITCH,2018,207500,1453,223742,60000,730000
REDDITCH,2019,217500,1379,233959,60000,695000
REDDITCH,2020,225000,1122,240294,59500,710000
REDDITCH,2021,235000,1436,256083,62500,1100000
REDDITCH,2022,245000,1145,269036,6150,2275000
REDDITCH,2023,250000,1014,266782,60000,915000
REDDITCH,2024,247500,1099,273696,58000,900000
REDDITCH,2025,260000,1163,280059,70000,1370000
REDDITCH,2026,263000,387,279403,70041,800000
REIGATE AND BANSTEAD,2015,355000,2837,427317,61500,2850000
REIGATE AND BANSTEAD,2016,387500,2662,463461,67500,3300000
REIGATE AND BANSTEAD,2017,395000,2541,457885,66000,2500000
REIGATE AND BANSTEAD,2018,408000,2355,478977,66250,3500000
REIGATE AND BANSTEAD,2019,415000,2369,478578,66250,4800000
REIGATE AND BANSTEAD,2020,440000,2171,520703,20000,4100000
REIGATE AND BANSTEAD,2021,450000,3486,528997,65000,3900000
REIGATE AND BANSTEAD,2022,475000,2859,567528,71250,3750000
REIGATE AND BANSTEAD,2023,460000,1899,555735,66250,4150000
REIGATE AND BANSTEAD,2024,490000,2102,573902,68000,5200000
REIGATE AND BANSTEAD,2025,470000,2198,564904,72000,5300000
REIGATE AND BANSTEAD,2026,482500,795,535151,73750,2600000
RHONDDA CYNON TAFF,2015,106000,3445,120705,17000,1000000
RHONDDA CYNON TAFF,2016,110000,3502,125878,7500,725000
RHONDDA CYNON TAFF,2017,110000,3537,126785,7500,700000
RHONDDA CYNON TAFF,2018,110000,3531,127562,4500,745000
RHONDDA CYNON TAFF,2019,115000,3441,131619,22000,660000
RHONDDA CYNON TAFF,2020,122500,2686,141398,24000,810000
RHONDDA CYNON TAFF,2021,135000,4112,159830,25000,843000
RHONDDA CYNON TAFF,2022,146500,3629,173527,24250,1300000
RHONDDA CYNON TAFF,2023,145000,2861,175065,24000,985000
RHONDDA CYNON TAFF,2024,155000,2977,181592,25000,865000
RHONDDA CYNON TAFF,2025,164995,3019,191740,30000,980000
RHONDDA CYNON TAFF,2026,162750,1110,188559,39950,795000
RIBBLE VALLEY,2015,203000,1003,237019,26700,1400000
RIBBLE VALLEY,2016,209375,1032,239361,4425,1375000
RIBBLE VALLEY,2017,219000,1215,247505,61000,1430000
RIBBLE VALLEY,2018,217747.5,1142,248843,950,1356000
RIBBLE VALLEY,2019,238000,1168,267990,80000,1735000
RIBBLE VALLEY,2020,245000,1140,276514,80000,1625000
RIBBLE VALLEY,2021,250000,1542,296206,85612,3700000
RIBBLE VALLEY,2022,266995,1248,308828,82497,1550000
RIBBLE VALLEY,2023,270000,1028,310186,80000,1400000
RIBBLE VALLEY,2024,266250,1084,319208,90000,3500000
RIBBLE VALLEY,2025,283000,1147,332911,84000,2052000
RIBBLE VALLEY,2026,252500,390,305121,83000,1620000
RICHMOND UPON THAMES,2015,577250,3246,753281,80000,9500000
RICHMOND UPON THAMES,2016,605000,2892,775278,112000,6350000
RICHMOND UPON THAMES,2017,640000,2723,812424,122500,8500000
RICHMOND UPON THAMES,2018,635000,2605,798419,135000,8500000
RICHMOND UPON THAMES,2019,635000,2498,822123,132500,7400000
RICHMOND UPON THAMES,2020,680000,2436,877063,135000,9900000
RICHMOND UPON THAMES,2021,700000,3634,914421,122000,18100000
RICHMOND UPON THAMES,2022,730000,3011,951364,134750,21474800
RICHMOND UPON THAMES,2023,725000,2330,953519,150000,9802000
RICHMOND UPON THAMES,2024,715000,2625,925925,137500,7930000
RICHMOND UPON THAMES,2025,725000,2715,935707,150000,10000000
RICHMOND UPON THAMES,2026,705000,882,884765,175000,5188000
RICHMONDSHIRE,2015,190000,717,220968,44000,940000
RICHMONDSHIRE,2016,195000,759,222135,58000,797875
RICHMONDSHIRE,2017,194750,882,221586,52500,1325000
RICHMONDSHIRE,2018,213000,803,242349,72500,962500
RICHMONDSHIRE,2019,210000,644,240591,75000,1250000
RICHMONDSHIRE,2020,221500,616,257634,74500,975000
RICHMONDSHIRE,2021,242500,865,280918,65000,1200000
RICHMONDSHIRE,2022,260000,576,304543,75000,1200000
RICHMONDSHIRE,2023,285000,55,314767,82000,640000
ROCHDALE,2015,124950,2685,136555,15000,1350000
ROCHDALE,2016,125000,2830,140792,25000,733000
ROCHDALE,2017,129995,2908,147977,700,1800000
ROCHDALE,2018,132500,2982,152139,32000,1200000
ROCHDALE,2019,140997.5,2986,160239,33625,980000
ROCHDALE,2020,152000,2443,173054,33000,1300000
ROCHDALE,2021,170500,3384,194256,795,1150000
ROCHDALE,2022,185000,2981,205496,35000,995000
ROCHDALE,2023,182750,2276,211789,34500,1350000
ROCHDALE,2024,205000,2422,226690,35000,1500000
ROCHDALE,2025,210000,2657,235013,35000,1100000
ROCHDALE,2026,210000,946,233423,38000,990000
ROCHFORD,2015,270000,1508,298922,42500,950000
ROCHFORD,2016,302000,1425,328878,80000,2000000
ROCHFORD,2017,330000,1471,352566,84000,1975000
ROCHFORD,2018,335000,1374,368792,84000,3000000
ROCHFORD,2019,332250,1326,365992,88200,1650000
ROCHFORD,2020,350000,1288,389347,82000,2750000
ROCHFORD,2021,370000,2013,412806,80000,2280000
ROCHFORD,2022,407000,1575,441421,85000,3425000
ROCHFORD,2023,390000,1171,416565,95000,2750000
ROCHFORD,2024,390000,1435,423113,85000,2150000
ROCHFORD,2025,410000,1476,437031,78750,2000000
ROCHFORD,2026,400000,444,423668,98000,1600000
ROSSENDALE,2015,122850,1088,141038,20500,975000
ROSSENDALE,2016,125000,1242,146985,23000,1275000
ROSSENDALE,2017,132750,1298,153432,35000,812500
ROSSENDALE,2018,130000,1138,163677,34000,1200000
ROSSENDALE,2019,135750,1185,163815,36940,850000
ROSSENDALE,2020,150000,1032,179127,38000,925000
ROSSENDALE,2021,168000,1451,201349,950,1050000
ROSSENDALE,2022,174575,1212,214436,22500,2300000
ROSSENDALE,2023,175000,924,211314,39500,960000
ROSSENDALE,2024,184995,1023,215726,38500,1075000
ROSSENDALE,2025,191000,1169,231923,39950,1262500
ROSSENDALE,2026,183500,388,221733,39999,1800000
ROTHER,2015,249999,2209,287385,45000,2550000
ROTHER,2016,265000,2154,298396,58000,3300000
ROTHER,2017,278000,2090,312482,56250,1810000
ROTHER,2018,285000,1785,320867,65000,1850000
ROTHER,2019,295000,1673,331584,55000,1981000
ROTHER,2020,325000,1652,365548,55000,2050000
ROTHER,2021,343747.5,2522,396584,55500,4855124
ROTHER,2022,365000,1964,419125,65000,3500000
ROTHER,2023,355000,1345,412100,60000,2850000
ROTHER,2024,365000,1542,414944,64500,2400000
ROTHER,2025,355000,1382,417360,61250,3737000
ROTHER,2026,355000,561,402411,57500,2900000
ROTHERHAM,2015,131000,3387,146947,16000,2732000
ROTHERHAM,2016,132995,3655,151610,19500,1300000
ROTHERHAM,2017,134950,3541,148344,30000,825000
ROTHERHAM,2018,140000,3395,158759,30000,795000
ROTHERHAM,2019,140750,3556,161084,25000,1237000
ROTHERHAM,2020,153000,3330,170637,30000,800000
ROTHERHAM,2021,166000,4516,192173,30000,1250000
ROTHERHAM,2022,176995,3850,202327,30000,1706000
ROTHERHAM,2023,180000,3221,207488,30819,1300000
ROTHERHAM,2024,187996,3422,215915,30000,1800000
ROTHERHAM,2025,195000,3479,226141,30000,13250000
ROTHERHAM,2026,190000,1182,209578,32500,1150000
RUGBY,2015,187500,1918,217071,40000,1557700
RUGBY,2016,200000,1953,233445,54000,1115000
RUGBY,2017,219000,1869,247837,57000,1100000
RUGBY,2018,245000,2052,271035,47500,2500000
RUGBY,2019,250000,2144,274668,58000,1780000
RUGBY,2020,255000,1892,281011,43500,1087000
RUGBY,2021,272995,2371,309681,63700,1975000
RUGBY,2022,288000,1971,320470,45000,4000000
RUGBY,2023,292250,1676,322111,50000,1670625
RUGBY,2024,293475,1942,324689,48000,1600000
RUGBY,2025,305000,1887,337883,56500,1720000
RUGBY,2026,270000,606,305894,47000,1075000
RUNNYMEDE,2015,350000,1502,433337,55000,15000000
RUNNYMEDE,2016,378975,1304,444676,80000,6100000
RUNNYMEDE,2017,400000,1311,513001,110000,14500000
RUNNYMEDE,2018,397500,1261,479471,109950,5000000
RUNNYMEDE,2019,397000,1250,504788,110000,9000000
RUNNYMEDE,2020,425000,1153,561512,104000,10800000
RUNNYMEDE,2021,442500,1841,597031,90000,16398000
RUNNYMEDE,2022,452626,1420,624589,114000,24000000
RUNNYMEDE,2023,451275,1076,573934,110000,20750000
RUNNYMEDE,2024,463000,1125,590995,110000,11749505
RUNNYMEDE,2025,465000,1156,567428,110250,18300000
RUNNYMEDE,2026,460000,455,523314,118000,7000000
RUSHCLIFFE,2015,235500,2073,268262,53000,1550000
RUSHCLIFFE,2016,250500,2212,283004,69000,1625000
RUSHCLIFFE,2017,265000,2313,295447,72000,1950000
RUSHCLIFFE,2018,272500,2207,306583,70000,1500000
RUSHCLIFFE,2019,280000,1981,314800,72000,2920000
RUSHCLIFFE,2020,300000,1976,338794,70000,1900000
RUSHCLIFFE,2021,305995,2835,354615,39999,3250000
RUSHCLIFFE,2022,342000,2465,382281,70000,4550000
RUSHCLIFFE,2023,344972.5,2014,382096,70000,3200000
RUSHCLIFFE,2024,348000,2086,386414,69750,2650000
RUSHCLIFFE,2025,340000,2185,391429,80000,3250000
RUSHCLIFFE,2026,320000,690,363970,75000,1700000
RUSHMOOR,2015,250000,1710,264381,40000,935000
RUSHMOOR,2016,285000,1605,292416,66000,840000
RUSHMOOR,2017,305000,1672,313970,10000,825000
RUSHMOOR,2018,295000,1461,301794,76000,875000
RUSHMOOR,2019,300000,1379,313326,26000,1425000
RUSHMOOR,2020,310000,1176,325398,76000,1155000
RUSHMOOR,2021,325000,1808,337383,50000,1040000
RUSHMOOR,2022,360000,1574,366436,75000,1800000
RUSHMOOR,2023,350000,1183,361276,76500,1150000
RUSHMOOR,2024,355000,1276,364099,75000,1240000
RUSHMOOR,2025,360000,1390,370541,76000,1130000
RUSHMOOR,2026,360000,441,362169,75000,900000
RUTLAND,2015,242500,818,285218,60000,2750000
RUTLAND,2016,244495,800,294826,70000,1995000
RUTLAND,2017,248995,735,309505,43750,2000000
RUTLAND,2018,265000,717,325111,84000,1800000
RUTLAND,2019,275000,687,335296,85500,1960000
RUTLAND,2020,299975,580,370571,98000,2600000
RUTLAND,2021,297725,828,380645,100000,3250000
RUTLAND,2022,320000,659,399838,90000,2000000
RUTLAND,2023,331250,514,426054,107500,2530000
RUTLAND,2024,360000,630,433581,107000,2600000
RUTLAND,2025,340000,665,421893,100000,2400000
RUTLAND,2026,327500,222,377808,110000,1725000
RYEDALE,2015,197500,912,232011,31250,993000
RYEDALE,2016,212250,947,241579,40000,975000
RYEDALE,2017,215000,1008,257892,49000,2800000
RYEDALE,2018,225000,913,262112,50000,2000000
RYEDALE,2019,222500,905,259635,58000,987000
RYEDALE,2020,248500,942,289860,67000,1275000
RYEDALE,2021,250000,1063,306113,49250,1950000
RYEDALE,2022,280000,798,335578,45000,4125000
RYEDALE,2023,280975,76,371232,125000,1250000
SALFORD,2015,129995,4506,145531,22500,1500000
SALFORD,2016,145000,5222,162958,1,1480000
SALFORD,2017,157497.5,4686,180698,35000,2700000
SALFORD,2018,160000,4490,183257,44500,1500000
SALFORD,2019,171000,4415,193925,2000,1400000
SALFORD,2020,193012,3448,214149,685,1200000
SALFORD,2021,210000,5076,233993,675,2700000
SALFORD,2022,229000,4067,250157,4254,2592892
SALFORD,2023,220000,3380,243248,44000,1700000
SALFORD,2024,225000,3440,245196,38000,2330000
SALFORD,2025,240000,3574,263426,45000,1600000
SALFORD,2026,238000,1159,256510,46666,1100000
SANDWELL,2015,124950,3312,133974,18000,540000
SANDWELL,2016,128000,3381,138607,6950,575000
SANDWELL,2017,138000,3636,149229,27000,555000
SANDWELL,2018,148950,3507,159261,30000,582500
SANDWELL,2019,155000,3231,162542,25500,550000
SANDWELL,2020,160000,2401,168965,34000,530000
SANDWELL,2021,176000,3605,188209,3446,600000
SANDWELL,2022,195000,3253,203972,28400,850000
SANDWELL,2023,205000,2526,212566,30000,727500
SANDWELL,2024,210000,2581,215927,27000,735000
SANDWELL,2025,220000,2699,224518,32000,730000
SANDWELL,2026,225000,868,227241,28190,720000
SCARBOROUGH,2015,150000,2217,168389,22000,735000
SCARBOROUGH,2016,149995,2356,164184,19000,660000
SCARBOROUGH,2017,157500,2415,174651,23333,1000000
SCARBOROUGH,2018,158000,2281,176340,36000,880000
SCARBOROUGH,2019,162500,2148,181104,36000,850000
SCARBOROUGH,2020,175000,1989,196504,38000,1200000
SCARBOROUGH,2021,185000,2450,211977,36000,1246000
SCARBOROUGH,2022,195749.5,1794,225978,37000,1750000
SCARBOROUGH,2023,186900,205,225736,59510,1850000
SEDGEMOOR,2015,180000,2175,206395,38000,1125000
SEDGEMOOR,2016,192000,2242,216976,25000,1075000
SEDGEMOOR,2017,207500,2192,236489,47500,1600000
SEDGEMOOR,2018,215000,2071,240605,49500,1320000
SEDGEMOOR,2019,215000,1970,239361,52500,1073000
SEDGEMOOR,2020,226000,1839,257685,50000,1800000
SEDGEMOOR,2021,245000,2680,288012,47500,4050000
SEDGEMOOR,2022,265000,1614,300184,47500,1700000
SEDGEMOOR,2023,274000,140,310214,60000,915000
SEFTON,2015,151999.5,3818,172428,15000,2350000
SEFTON,2016,158995,4046,180025,25000,2800000
SEFTON,2017,164000,4107,190709,1000,2350000
SEFTON,2018,169000,4143,191230,22000,2047500
SEFTON,2019,175000,4006,204202,30000,2200000
SEFTON,2020,185000,3790,214011,28000,3100000
SEFTON,2021,197500,5042,230606,27000,1870000
SEFTON,2022,212000,4313,241616,28750,2700000
SEFTON,2023,211250,3508,238688,30000,2400000
SEFTON,2024,224747.5,3836,253840,30000,3900000
SEFTON,2025,230500,3833,260489,27500,2827834
SEFTON,2026,225000,1364,250471,30000,1475000
SELBY,2015,172000,1623,199503,55000,1135000
SELBY,2016,182995,1766,213144,32000,1075000
SELBY,2017,190999,1863,217692,56000,1120000
SELBY,2018,205000,1832,232480,53500,895000
SELBY,2019,210000,1876,231413,65000,1025000
SELBY,2020,220000,1481,247125,62750,1300000
SELBY,2021,230000,1998,262383,64000,1200000
SELBY,2022,245000,1300,277401,67500,1600000
SELBY,2023,233000,105,267951,79000,775000
SEVENOAKS,2015,350000,1878,459990,41250,3185000
SEVENOAKS,2016,375000,1912,474135,73500,3000000
SEVENOAKS,2017,386500,1770,498675,72500,4500000
SEVENOAKS,2018,409950,1759,516351,68000,2850000
SEVENOAKS,2019,400000,1581,516161,71250,5195000
SEVENOAKS,2020,422250,1596,551206,68125,4375000
SEVENOAKS,2021,450000,2394,576843,70000,5850000
SEVENOAKS,2022,480000,1802,627913,72000,5200000
SEVENOAKS,2023,468747.5,1314,624759,70000,7000000
SEVENOAKS,2024,465750,1516,613997,70000,4456000
SEVENOAKS,2025,492500,1680,644053,68750,6000000
SEVENOAKS,2026,475000,598,589679,90000,5198800
SHEFFIELD,2015,138000,7403,169542,2000,1300000
SHEFFIELD,2016,142500,7292,177111,16000,1500000
SHEFFIELD,2017,150000,7607,185092,34000,1750000
SHEFFIELD,2018,159995,7415,196117,7460,1400000
SHEFFIELD,2019,162000,7334,199316,1000,3050000
SHEFFIELD,2020,169950,6245,209582,1500,2050000
SHEFFIELD,2021,183000,7975,230771,37000,2000000
SHEFFIELD,2022,200000,7120,246699,37500,2850000
SHEFFIELD,2023,207000,6121,255148,37000,3000000
SHEFFIELD,2024,215000,6414,258251,37000,2250000
SHEFFIELD,2025,220000,6408,262945,39000,2500000
SHEFFIELD,2026,217000,2248,259561,39000,2825000
SHEPWAY,2015,205000,2167,232785,22000,1340000
SHEPWAY,2016,225000,2204,257477,30000,1410000
SHEPWAY,2017,249500,2297,273552,54600,1550000
SHEPWAY,2018,250000,1996,282270,54000,1435000
SHEPWAY,2019,250000,823,282714,60000,1600000
SHROPSHIRE,2015,185000,5084,217964,26000,1200000
SHROPSHIRE,2016,199950,5403,230404,44500,1185783
SHROPSHIRE,2017,210000,5619,239207,44000,1379000
SHROPSHIRE,2018,218000,5532,248294,42000,1500000
SHROPSHIRE,2019,220000,5277,251423,42500,1885000
SHROPSHIRE,2020,238000,4684,266815,42000,1500000
SHROPSHIRE,2021,257750,6588,294951,42500,2869520
SHROPSHIRE,2022,270000,5273,310622,43750,2350000
SHROPSHIRE,2023,269000,4349,308688,45000,2050000
SHROPSHIRE,2024,275000,4605,313542,50000,1850000
SHROPSHIRE,2025,275000,4615,317197,53900,2250000
SHROPSHIRE,2026,278000,1781,317430,55000,2125000
SLOUGH,2015,255000,1840,269891,25000,785000
SLOUGH,2016,288500,1757,306203,89100,999995
SLOUGH,2017,315750,1542,330620,97500,980000
SLOUGH,2018,320000,1384,335906,100000,1000000
SLOUGH,2019,323000,1161,335042,49000,1015000
SLOUGH,2020,329225,866,348592,110000,960000
SLOUGH,2021,345000,1473,356864,100000,1100000
SLOUGH,2022,360000,1296,363629,106000,1200000
SLOUGH,2023,380000,934,386576,95000,1225000
SLOUGH,2024,383000,993,395266,100000,1462500
SLOUGH,2025,395000,996,398011,102500,1300000
SLOUGH,2026,404000,346,402661,105000,970000
SOLIHULL,2015,240000,3456,284727,10283,1750000
SOLIHULL,2016,247000,3457,289567,23700,1625000
SOLIHULL,2017,265000,3455,310511,10750,5000000
SOLIHULL,2018,273000,3441,322526,60000,1560000
SOLIHULL,2019,277975,3232,325383,6750,2200000
SOLIHULL,2020,302000,2721,349745,11000,2359354
SOLIHULL,2021,320000,4411,373815,21755,3250000
SOLIHULL,2022,325000,3486,387146,55350,3100000
SOLIHULL,2023,325000,2750,385688,52500,3044000
SOLIHULL,2024,325000,2938,381778,55000,3500000
SOLIHULL,2025,330000,2909,390327,52500,3300000
SOLIHULL,2026,330000,1124,383465,60000,1800000
SOMERSET,2015,260000,27,288814,72500,650000
SOMERSET,2016,180000,17,286647,75000,1200000
SOMERSET,2017,265000,9,318389,184000,610000
SOMERSET,2018,194950,19,238155,90000,645000
SOMERSET,2019,280000,31,309869,100000,730000
SOMERSET,2020,310000,131,335761,90000,760000
SOMERSET,2021,289950,699,337707,64000,4081150
SOMERSET,2022,300000,2234,338220,60000,2550000
SOMERSET,2023,281000,7087,327615,41500,5250000
SOMERSET,2024,277500,8542,321185,42000,3200000
SOMERSET,2025,285000,8796,328265,35000,3075000
SOMERSET,2026,277500,3354,318277,48000,1700000
SOMERSET WEST AND TAUNTON,2015,242250,10,295000,112000,588000
SOMERSET WEST AND TAUNTON,2016,188000,12,227374,151500,370000
SOMERSET WEST AND TAUNTON,2017,249950,13,229381,55000,395000
SOMERSET WEST AND TAUNTON,2018,228495,56,275340,119000,825000
SOMERSET WEST AND TAUNTON,2019,231995,2245,262174,56500,1900000
SOMERSET WEST AND TAUNTON,2020,240000,2294,274396,54000,1200000
SOMERSET WEST AND TAUNTON,2021,265000,3317,303512,55000,1650000
SOMERSET WEST AND TAUNTON,2022,282500,2349,324173,60000,2500000
SOMERSET WEST AND TAUNTON,2023,275000,261,321690,65000,1465000
SOUTH BUCKS,2015,500000,1027,666382,20000,5300000
SOUTH BUCKS,2016,540000,1022,694202,73500,5925000
SOUTH BUCKS,2017,565000,928,745427,168000,6900000
SOUTH BUCKS,2018,570000,870,748110,170000,5856000
SOUTH BUCKS,2019,570000,842,755443,168000,7000000
SOUTH BUCKS,2020,585000,99,702572,221500,1900000
SOUTH CAMBRIDGESHIRE,2015,320000,2525,368192,51250,3250000
SOUTH CAMBRIDGESHIRE,2016,345000,2331,393044,61500,3100000
SOUTH CAMBRIDGESHIRE,2017,360000,2326,413396,72500,2575000
SOUTH CAMBRIDGESHIRE,2018,355000,2352,405177,69000,2550000
SOUTH CAMBRIDGESHIRE,2019,370000,2366,417380,73750,3800000
SOUTH CAMBRIDGESHIRE,2020,385000,2189,434050,47500,3950000
SOUTH CAMBRIDGESHIRE,2021,400000,3409,451716,75000,3450000
SOUTH CAMBRIDGESHIRE,2022,430000,2853,488664,68750,6500000
SOUTH CAMBRIDGESHIRE,2023,449997.5,2164,504552,74000,2925000
SOUTH CAMBRIDGESHIRE,2024,435000,2359,496134,77250,2750000
SOUTH CAMBRIDGESHIRE,2025,440000,2406,500521,75000,4940000
SOUTH CAMBRIDGESHIRE,2026,410000,690,467753,69000,2290000
SOUTH DERBYSHIRE,2015,170000,1975,196341,36000,1000000
SOUTH DERBYSHIRE,2016,176000,2214,204992,38500,1390000
SOUTH DERBYSHIRE,2017,196250,2286,220892,35000,1300000
SOUTH DERBYSHIRE,2018,210000,2403,232316,51000,1300000
SOUTH DERBYSHIRE,2019,220000,2489,241302,61500,1516000
SOUTH DERBYSHIRE,2020,225000,2125,248521,53000,1775000
SOUTH DERBYSHIRE,2021,237500,2933,263289,58000,2812000
SOUTH DERBYSHIRE,2022,258950,2549,280422,51500,1550000
SOUTH DERBYSHIRE,2023,257975,1820,285581,48750,1950000
SOUTH DERBYSHIRE,2024,260000,1875,284811,8500,1475000
SOUTH DERBYSHIRE,2025,259821.5,1994,287132,60000,2150000
SOUTH DERBYSHIRE,2026,245000,699,270725,66250,1060000
SOUTH GLOUCESTERSHIRE,2015,230000,4975,250695,50000,2300000
SOUTH GLOUCESTERSHIRE,2016,245000,4852,267989,33000,1050000
SOUTH GLOUCESTERSHIRE,2017,260000,4913,286403,1439,2250000
SOUTH GLOUCESTERSHIRE,2018,271000,4746,297299,66000,1450000
SOUTH GLOUCESTERSHIRE,2019,277995,4814,303238,62000,1600000
SOUTH GLOUCESTERSHIRE,2020,297500,4063,321518,62000,1750000
SOUTH GLOUCESTERSHIRE,2021,310000,5764,337568,60000,3212400
SOUTH GLOUCESTERSHIRE,2022,335000,4792,363215,65000,1800000
SOUTH GLOUCESTERSHIRE,2023,340000,3966,369843,64125,3800000
SOUTH GLOUCESTERSHIRE,2024,343000,4273,371785,68000,2250000
SOUTH GLOUCESTERSHIRE,2025,340000,4354,368178,68000,1900000
SOUTH GLOUCESTERSHIRE,2026,340000,1651,364560,74000,1620000
SOUTH HAMS,2015,275000,1769,328187,22000,3100000
SOUTH HAMS,2016,275000,1795,339278,46000,2300000
SOUTH HAMS,2017,285000,1880,345252,55000,2625000
SOUTH HAMS,2018,300000,1857,365060,50000,3250000
SOUTH HAMS,2019,295000,1746,368650,60000,4500000
SOUTH HAMS,2020,332000,1827,413028,750,5764000
SOUTH HAMS,2021,350000,2361,438132,56000,5500000
SOUTH HAMS,2022,380000,1804,489700,50000,6100000
SOUTH HAMS,2023,378250,1538,472499,62000,3465000
SOUTH HAMS,2024,375000,1676,457074,44000,5250000
SOUTH HAMS,2025,360000,1646,452912,53000,4008637
SOUTH HAMS,2026,340000,520,388505,70000,1900000
SOUTH HOLLAND,2015,155000,1743,168064,20000,630000
SOUTH HOLLAND,2016,164997.5,1714,180539,45000,630000
SOUTH HOLLAND,2017,175000,1653,190362,47000,550000
SOUTH HOLLAND,2018,185000,1678,199658,62000,750000
SOUTH HOLLAND,2019,187000,1601,204305,62000,675000
SOUTH HOLLAND,2020,198500,1533,215699,60000,775000
SOUTH HOLLAND,2021,220000,2354,240916,57750,975000
SOUTH HOLLAND,2022,240000,1918,261203,55000,1300000
SOUTH HOLLAND,2023,238750,1408,256128,65000,895000
SOUTH HOLLAND,2024,235000,1548,255374,61000,1575000
SOUTH HOLLAND,2025,237495,1628,254337,47000,1025000
SOUTH HOLLAND,2026,235000,573,249321,61000,850000
SOUTH KESTEVEN,2015,178950,2837,206971,37000,1430000
SOUTH KESTEVEN,2016,186500,2763,223218,30000,3500000
SOUTH KESTEVEN,2017,198000,2759,234588,45000,2000000
SOUTH KESTEVEN,2018,217500,2675,247069,44000,1352500
SOUTH KESTEVEN,2019,215000,2415,249206,40000,2800000
SOUTH KESTEVEN,2020,227000,2119,260472,45000,2250000
SOUTH KESTEVEN,2021,240000,3223,279996,50000,2200000
SOUTH KESTEVEN,2022,260000,2675,302215,35000,2500000
SOUTH KESTEVEN,2023,257500,2090,297926,45000,1600000
SOUTH KESTEVEN,2024,265000,2236,309896,25000,4500000
SOUTH KESTEVEN,2025,260000,2381,301656,42000,3287500
SOUTH KESTEVEN,2026,265000,837,300814,54000,3200000
SOUTH LAKELAND,2015,210253,1975,245975,35000,2400000
SOUTH LAKELAND,2016,218000,1935,253791,41500,2350000
SOUTH LAKELAND,2017,228250,2042,268909,50000,3300000
SOUTH LAKELAND,2018,225000,1989,261518,45000,1437500
SOUTH LAKELAND,2019,245000,1852,279261,46000,2800000
SOUTH LAKELAND,2020,255000,1717,297349,45000,2855000
SOUTH LAKELAND,2021,265000,2372,317499,46200,4000000
SOUTH LAKELAND,2022,280000.5,1546,343089,25000,3450000
SOUTH LAKELAND,2023,285000,172,342528,70000,1435000
SOUTH NORFOLK,2015,210000,2615,238629,17000,1175000
SOUTH NORFOLK,2016,230000,2827,259046,30000,1300000
SOUTH NORFOLK,2017,245000,2994,275528,55000,1150000
SOUTH NORFOLK,2018,255000,2784,281970,68000,1600000
SOUTH NORFOLK,2019,260000,2733,284495,70000,2175000
SOUTH NORFOLK,2020,270000,2381,303169,68000,1900000
SOUTH NORFOLK,2021,290000,3586,335014,71200,2500000
SOUTH NORFOLK,2022,315000,2854,350972,68125,1750000
SOUTH NORFOLK,2023,312500,2154,346606,61500,2100000
SOUTH NORFOLK,2024,305000,2276,339179,67500,1825000
SOUTH NORFOLK,2025,300000,2328,341713,59250,1635000
SOUTH NORFOLK,2026,299000,809,323672,67500,1430000
SOUTH NORTHAMPTONSHIRE,2015,270000,1746,309308,60000,3500000
SOUTH NORTHAMPTONSHIRE,2016,282975,1866,318481,58000,1500000
SOUTH NORTHAMPTONSHIRE,2017,295000,1932,331100,58000,1800000
SOUTH NORTHAMPTONSHIRE,2018,310000,1845,346724,64000,1550000
SOUTH NORTHAMPTONSHIRE,2019,312500,1695,352434,60000,1400000
SOUTH NORTHAMPTONSHIRE,2020,310000,1265,353143,64000,2810000
SOUTH NORTHAMPTONSHIRE,2021,330000,109,379903,89000,1250000
SOUTH OXFORDSHIRE,2015,335000,2481,432587,59500,4000000
SOUTH OXFORDSHIRE,2016,365000,2360,461848,90000,3900000
SOUTH OXFORDSHIRE,2017,387750,2136,484325,105000,3300000
SOUTH OXFORDSHIRE,2018,405000,2205,492865,96250,3250000
SOUTH OXFORDSHIRE,2019,395000,2162,484657,81375,4112500
SOUTH OXFORDSHIRE,2020,423550,2233,535936,105000,18000000
SOUTH OXFORDSHIRE,2021,440000,3349,557882,97000,4800000
SOUTH OXFORDSHIRE,2022,447150,2758,568450,98500,5500000
SOUTH OXFORDSHIRE,2023,451500,2214,563017,96403,4400000
SOUTH OXFORDSHIRE,2024,445000,2319,539362,100500,3675000
SOUTH OXFORDSHIRE,2025,455000,2260,573117,100000,8100000
SOUTH OXFORDSHIRE,2026,440000,708,537239,106000,2940000
SOUTH RIBBLE,2015,151995,1882,170024,49500,700000
SOUTH RIBBLE,2016,155000,1843,170657,20000,710000
SOUTH RIBBLE,2017,158000,1894,176055,54000,835000
SOUTH RIBBLE,2018,165000,1905,184213,56000,1267500
SOUTH RIBBLE,2019,165000,1880,185062,55000,800000
SOUTH RIBBLE,2020,182500,1837,205723,53000,1205000
SOUTH RIBBLE,2021,190000,2545,215384,58400,1700000
SOUTH RIBBLE,2022,209995,2296,228855,52000,1350000
SOUTH RIBBLE,2023,207500,1732,232795,60000,1150000
SOUTH RIBBLE,2024,210000,1838,238243,60000,1500000
SOUTH RIBBLE,2025,224575,2032,254001,55250,2500000
SOUTH RIBBLE,2026,212250,656,236806,56000,875000
SOUTH SOMERSET,2015,190000,3180,222853,17000,1781250
SOUTH SOMERSET,2016,200000,3266,233919,42000,3050000
SOUTH SOMERSET,2017,214995,3161,249218,30000,2250000
SOUTH SOMERSET,2018,219000,3031,254672,25000,2170000
SOUTH SOMERSET,2019,226000,2813,262303,45000,3415000
SOUTH SOMERSET,2020,239997.5,2680,286151,50000,2100000
SOUTH SOMERSET,2021,260000,3648,311929,44000,2600000
SOUTH SOMERSET,2022,265000,2417,323873,41500,4100000
SOUTH SOMERSET,2023,255500,267,309050,59000,1535000
SOUTH STAFFORDSHIRE,2015,190000,1489,223952,4945,1600000
SOUTH STAFFORDSHIRE,2016,199350,1480,232598,37000,975000
SOUTH STAFFORDSHIRE,2017,217500,1587,246859,40000,1800000
SOUTH STAFFORDSHIRE,2018,215000,1454,247258,40000,1430000
SOUTH STAFFORDSHIRE,2019,230000,1495,260872,40000,940000
SOUTH STAFFORDSHIRE,2020,245000,1355,283820,43000,2100000
SOUTH STAFFORDSHIRE,2021,265000,2039,303676,43000,2500000
SOUTH STAFFORDSHIRE,2022,280000,1671,319017,46000,1400000
SOUTH STAFFORDSHIRE,2023,275000,1230,313657,45000,1985000
SOUTH STAFFORDSHIRE,2024,280000,1327,321189,42000,5350000
SOUTH STAFFORDSHIRE,2025,294250,1510,330443,40000,1950000
SOUTH STAFFORDSHIRE,2026,285000,523,328731,80000,1150000
SOUTH TYNESIDE,2015,129950,1775,146001,21500,840000
SOUTH TYNESIDE,2016,132000,1818,148710,16000,1110000
SOUTH TYNESIDE,2017,134000,1847,148091,31500,960000
SOUTH TYNESIDE,2018,138500,1761,156528,32000,1150000
SOUTH TYNESIDE,2019,135350,1804,157946,1250,710000
SOUTH TYNESIDE,2020,140000,1521,162879,31500,755000
SOUTH TYNESIDE,2021,147747.5,2210,171875,31400,1250000
SOUTH TYNESIDE,2022,154000,1945,175300,23750,2500000
SOUTH TYNESIDE,2023,155000,1552,181759,33000,1950000
SOUTH TYNESIDE,2024,160000,1659,188480,33000,1350000
SOUTH TYNESIDE,2025,170000,1718,192097,32000,995000
SOUTH TYNESIDE,2026,165000,590,187677,35000,925000
SOUTHAMPTON,2015,183000,4000,199794,31250,1100000
SOUTHAMPTON,2016,195000,3794,211090,39500,909000
SOUTHAMPTON,2017,210000,3664,223446,53000,1000000
SOUTHAMPTON,2018,210000,3641,220930,1350,1450000
SOUTHAMPTON,2019,219250,3018,231260,55000,960000
SOUTHAMPTON,2020,223000,2523,236224,57750,1655000
SOUTHAMPTON,2021,234000,3578,248903,55000,895000
SOUTHAMPTON,2022,255000,3196,266765,54000,1200000
SOUTHAMPTON,2023,245000,2672,256314,55000,1250000
SOUTHAMPTON,2024,260000,2577,270462,54000,1160000
SOUTHAMPTON,2025,260000,2724,275701,55000,1221000
SOUTHAMPTON,2026,260000,1050,265519,57500,920000
SOUTHEND-ON-SEA,2015,220000,3400,252220,45000,1500000
SOUTHEND-ON-SEA,2016,241500,3500,273478,50000,1900000
SOUTHEND-ON-SEA,2017,267000,3140,306539,54000,1650000
SOUTHEND-ON-SEA,2018,280000,3208,317180,70000,2250000
SOUTHEND-ON-SEA,2019,285000,2654,323971,56000,2400000
SOUTHEND-ON-SEA,2020,300000,2431,339083,62000,2375000
SOUTHEND-ON-SEA,2021,322500,3697,365079,57000,2015000
SOUTHEND-ON-SEA,2022,325000,3093,378118,58500,2995000
SOUTHEND-ON-SEA,2023,335000,1967,380065,60000,2050000
SOUTHEND-ON-SEA,2024,335000,2257,379080,60000,2150000
SOUTHEND-ON-SEA,2025,345000,2464,396031,66000,2250000
SOUTHEND-ON-SEA,2026,338775,924,373208,57000,2900000
SOUTHWARK,2015,475000,4054,582828,80000,8000000
SOUTHWARK,2016,514000,3631,642567,81250,11500000
SOUTHWARK,2017,530000,3504,642136,102500,11500000
SOUTHWARK,2018,572500,3527,690505,100000,12000000
SOUTHWARK,2019,540000,3156,684712,92500,6400000
SOUTHWARK,2020,549500,2373,672476,102500,12600000
SOUTHWARK,2021,550000,3558,674858,93000,11300000
SOUTHWARK,2022,555000,3388,678142,102500,7300000
SOUTHWARK,2023,550000,2700,702405,107500,10050000
SOUTHWARK,2024,560000,3084,691398,87500,7000000
SOUTHWARK,2025,540000,3093,668815,92500,5200000
SOUTHWARK,2026,516900,944,656680,98627,8333000
SPELTHORNE,2015,325000,1711,348451,88500,1500000
SPELTHORNE,2016,385000,1632,411787,57000,3050000
SPELTHORNE,2017,385000,1516,417858,103250,1660000
SPELTHORNE,2018,385000,1362,411266,105000,1650000
SPELTHORNE,2019,390000,1344,411519,106000,1324000
SPELTHORNE,2020,415000,1261,437919,105000,1650000
SPELTHORNE,2021,418000,1950,438866,102900,2100000
SPELTHORNE,2022,435000,1601,460720,103650,1975000
SPELTHORNE,2023,443000,1085,473977,100000,3050000
SPELTHORNE,2024,450000,1326,475535,105000,2450000
SPELTHORNE,2025,466000,1367,482728,110000,2900000
SPELTHORNE,2026,450000,453,465248,113000,1545000
ST ALBANS,2015,450000,2642,533965,77500,4400000
ST ALBANS,2016,500000,2386,578588,120000,5125000
ST ALBANS,2017,525000,2110,608594,115000,5860000
ST ALBANS,2018,535000,2111,615217,125000,3850000
ST ALBANS,2019,550000,2111,623069,118000,3600000
ST ALBANS,2020,550000,2055,628296,116000,5000000
ST ALBANS,2021,590000,3014,681565,116000,4275000
ST ALBANS,2022,635000,2469,726100,114000,4700000
ST ALBANS,2023,635000,1888,729314,125000,4850000
ST ALBANS,2024,625000,2001,729323,121500,5000000
ST ALBANS,2025,620000,2179,729182,125000,4700000
ST ALBANS,2026,605000,733,678929,147500,3625000
ST EDMUNDSBURY,2015,237000,1973,268809,46270,2350000
ST EDMUNDSBURY,2016,242500,1823,276615,47500,1250000
ST EDMUNDSBURY,2017,265000,1653,302275,70000,1650000
ST EDMUNDSBURY,2018,280000,1619,324524,67500,2775000
ST EDMUNDSBURY,2019,270000,196,305882,77500,940000
ST HELENS,2015,123500,2312,135704,19818,825000
ST HELENS,2016,130000,2436,144799,17500,980000
ST HELENS,2017,132000,2646,145553,32000,1150000
ST HELENS,2018,133500,2466,147806,22500,700000
ST HELENS,2019,138000,2473,155044,33000,1270000
ST HELENS,2020,148000,2214,164292,32000,880000
ST HELENS,2021,160000,3121,176719,1195,840000
ST HELENS,2022,170000,2642,190530,32500,925000
ST HELENS,2023,174000,1983,193940,31000,950000
ST HELENS,2024,185000,2251,208296,33000,1360000
ST HELENS,2025,195000,2388,214256,32000,1275000
ST HELENS,2026,187500,876,211360,37500,875000
STAFFORD,2015,179700,2237,207008,50000,1125000
STAFFORD,2016,186997.5,2420,215286,30000,925000
STAFFORD,2017,196500,2601,223329,58000,1175000
STAFFORD,2018,202500,2502,230280,58500,863500
STAFFORD,2019,217000,2359,240235,59000,950000
STAFFORD,2020,220000,2118,249208,5000,1950000
STAFFORD,2021,229950,2748,263166,61500,2100000
STAFFORD,2022,250000,2295,279900,60000,1870000
STAFFORD,2023,250000,1849,284464,62500,1750000
STAFFORD,2024,248000,2032,280005,42000,1730000
STAFFORD,2025,260000,2082,288815,59000,1315000
STAFFORD,2026,252000,750,289684,63500,1250000
STAFFORDSHIRE MOORLANDS,2015,154000,1605,173711,20000,770000
STAFFORDSHIRE MOORLANDS,2016,153500,1641,175736,34000,1250000
STAFFORDSHIRE MOORLANDS,2017,161000,1553,187241,44000,790000
STAFFORDSHIRE MOORLANDS,2018,164100,1463,188098,40000,775000
STAFFORDSHIRE MOORLANDS,2019,170000,1438,197600,43000,802500
STAFFORDSHIRE MOORLANDS,2020,187000,1373,217157,46500,865000
STAFFORDSHIRE MOORLANDS,2021,200000,1890,236559,46500,2375000
STAFFORDSHIRE MOORLANDS,2022,215000,1436,244936,48000,1270000
STAFFORDSHIRE MOORLANDS,2023,215000,1225,242018,50000,1300000
STAFFORDSHIRE MOORLANDS,2024,225000,1406,249853,45000,1500000
STAFFORDSHIRE MOORLANDS,2025,227750,1576,261386,44000,1400000
STAFFORDSHIRE MOORLANDS,2026,225000,456,257943,55000,1250000
STEVENAGE,2015,227750,1320,245058,57500,1100000
STEVENAGE,2016,250000,1439,263866,52500,865000
STEVENAGE,2017,270000,1297,287361,71750,935000
STEVENAGE,2018,274950,1043,287291,70000,1350000
STEVENAGE,2019,270000,1114,290522,65450,960000
STEVENAGE,2020,285000,891,307584,70000,865000
STEVENAGE,2021,305000,1355,330708,66500,985000
STEVENAGE,2022,335000,1078,347791,70000,1075000
STEVENAGE,2023,325000,816,333842,66500,960000
STEVENAGE,2024,330000,920,348223,68000,1250000
STEVENAGE,2025,345000,1010,362273,66500,1512000
STEVENAGE,2026,344000,366,351524,71000,910000
STOCKPORT,2015,183025,4940,214577,19000,1170000
STOCKPORT,2016,199950,5110,234116,27000,1475000
STOCKPORT,2017,205000,5146,240839,1472,1380000
STOCKPORT,2018,225000,4977,262905,43000,1650000
STOCKPORT,2019,227000,4750,263956,675,1740000
STOCKPORT,2020,249995,4261,287032,2000,1900000
STOCKPORT,2021,270000,5851,313424,1425,1895000
STOCKPORT,2022,290000,4656,333630,44000,1800000
STOCKPORT,2023,288000,3805,332618,485,1700000
STOCKPORT,2024,296000,4231,342199,53000,1800000
STOCKPORT,2025,310000,4616,356386,42000,4000000
STOCKPORT,2026,310000,1702,354144,60000,1500000
STOCKTON-ON-TEES,2015,135000,2782,155294,10000,925000
STOCKTON-ON-TEES,2016,137500,2872,161073,24550,1770000
STOCKTON-ON-TEES,2017,144000,3079,169238,30000,1070000
STOCKTON-ON-TEES,2018,145500,3046,170498,30000,1150000
STOCKTON-ON-TEES,2019,149995,3076,176525,30000,1900000
STOCKTON-ON-TEES,2020,155750,2758,184261,30000,1400000
STOCKTON-ON-TEES,2021,159950,3643,188438,30000,1195000
STOCKTON-ON-TEES,2022,165000,3203,199082,30000,1057500
STOCKTON-ON-TEES,2023,173750,2626,207760,30000,1400000
STOCKTON-ON-TEES,2024,180000,2785,214111,30000,1450000
STOCKTON-ON-TEES,2025,180000,2960,212432,15000,2000000
STOCKTON-ON-TEES,2026,180000,961,210357,30000,1500000
STOKE-ON-TRENT,2015,100950,3376,113120,20000,580000
STOKE-ON-TRENT,2016,105500,3650,119185,17000,615000
STOKE-ON-TRENT,2017,110725,3766,124183,25000,880000
STOKE-ON-TRENT,2018,116000,3716,129700,25000,840000
STOKE-ON-TRENT,2019,120000,3477,134456,27000,900000
STOKE-ON-TRENT,2020,127500,2838,140833,25500,900000
STOKE-ON-TRENT,2021,135000,3882,151345,25000,1845000
STOKE-ON-TRENT,2022,140000,3564,154673,27089,755000
STOKE-ON-TRENT,2023,142000,2949,158825,25000,750000
STOKE-ON-TRENT,2024,150000,2985,168422,30000,750000
STOKE-ON-TRENT,2025,160000,2952,173958,27500,700000
STOKE-ON-TRENT,2026,160000,1031,172574,28000,810000
STRATFORD-ON-AVON,2015,275000,2445,330105,28500,2650000
STRATFORD-ON-AVON,2016,290000,2573,343755,37500,3850000
STRATFORD-ON-AVON,2017,300000,2727,357249,60000,1900000
STRATFORD-ON-AVON,2018,315000,2565,369245,76000,3300000
STRATFORD-ON-AVON,2019,315000,2419,371161,66000,2950000
STRATFORD-ON-AVON,2020,326695,2355,396542,67500,6150000
STRATFORD-ON-AVON,2021,346750,3468,420122,72500,6070000
STRATFORD-ON-AVON,2022,365000,3077,438502,68000,9300000
STRATFORD-ON-AVON,2023,365000,2255,432448,78000,3322400
STRATFORD-ON-AVON,2024,361497.5,2486,435149,68750,7950000
STRATFORD-ON-AVON,2025,370000,2464,447057,65000,4950000
STRATFORD-ON-AVON,2026,361250,834,434872,70500,2220000
STROUD,2015,225000,2172,264556,43000,1350000
STROUD,2016,232250,2062,279506,48500,1990000
STROUD,2017,257750,2055,305669,55000,2255000
STROUD,2018,270000,2105,314373,47000,1395000
STROUD,2019,270000,2106,311086,47000,2100000
STROUD,2020,292500,1841,347339,48000,3850000
STROUD,2021,307500,2807,367882,54000,3500000
STROUD,2022,330000,2143,399603,67500,4000000
STROUD,2023,335000,1726,401364,59000,7825000
STROUD,2024,342250,1846,403766,60000,4250000
STROUD,2025,330000,1973,389628,52500,3425000
STROUD,2026,345000,648,403198,47000,2630000
SUFFOLK COASTAL,2015,245000,2632,284497,32458,3075000
SUFFOLK COASTAL,2016,260000,2566,298946,32500,1880000
SUFFOLK COASTAL,2017,277500,2476,317531,63000,3750000
SUFFOLK COASTAL,2018,285000,2149,327479,55000,2725000
SUFFOLK COASTAL,2019,280000,325,310423,63000,1500000
SUNDERLAND,2015,120000,3169,133849,10000,900000
SUNDERLAND,2016,120000,3277,136204,15000,985000
SUNDERLAND,2017,124995,3598,139721,16000,835000
SUNDERLAND,2018,128000,3358,142373,15000,985000
SUNDERLAND,2019,130000,3402,144459,15000,890000
SUNDERLAND,2020,131997.5,3162,151325,15000,850000
SUNDERLAND,2021,145000,4238,167089,15000,1105000
SUNDERLAND,2022,149995,4090,171025,15500,845000
SUNDERLAND,2023,149500,3168,170857,15250,1100000
SUNDERLAND,2024,150000,3245,172915,15500,975000
SUNDERLAND,2025,159950,3333,180859,15000,850000
SUNDERLAND,2026,150000,1141,170769,17000,750000
SURREY HEATH,2015,349975,1498,405388,72000,2325000
SURREY HEATH,2016,378250,1494,442004,74000,4650000
SURREY HEATH,2017,400000,1405,467711,77400,5400000
SURREY HEATH,2018,416000,1306,469498,84000,4575000
SURREY HEATH,2019,420000,1427,475406,78000,3588000
SURREY HEATH,2020,445000,1179,513057,79500,4750000
SURREY HEATH,2021,437550,1890,509311,84000,8000000
SURREY HEATH,2022,450000,1575,524987,80000,6350000
SURREY HEATH,2023,460000,1089,535297,75000,3075000
SURREY HEATH,2024,470000,1254,525948,77000,3650000
SURREY HEATH,2025,475000,1324,528246,75250,3900000
SURREY HEATH,2026,490000,508,523402,92000,1750000
SUTTON,2015,320500,3263,358951,69000,1750000
SUTTON,2016,347750,3220,387927,75000,3000000
SUTTON,2017,365000,2977,401349,68750,3250000
SUTTON,2018,385000,2643,421507,108500,2950000
SUTTON,2019,390000,2522,424087,104375,2050000
SUTTON,2020,400250,2400,445534,12500,2200000
SUTTON,2021,425000,3435,467119,104000,3725000
SUTTON,2022,435000,2913,482130,105000,3722000
SUTTON,2023,447000,2243,492828,80000,3150000
SUTTON,2024,462500,2293,497611,102500,2150000
SUTTON,2025,455000,2390,506442,105000,20000000
SUTTON,2026,450000,789,471930,105000,2825000
SWALE,2015,195975,2612,216372,38000,860000
SWALE,2016,225000,2568,242590,43000,1650000
SWALE,2017,239950,2409,262454,45000,1100000
SWALE,2018,245000,2295,272460,17200,1200000
SWALE,2019,250000,2249,281149,45000,2925000
SWALE,2020,267500,2220,296038,45000,1675000
SWALE,2021,290000,3029,320531,45000,1400000
SWALE,2022,315000,2523,340110,45000,2062500
SWALE,2023,305000,1664,332509,57000,1400000
SWALE,2024,307000,2090,334485,50000,1600000
SWALE,2025,310000,2314,338676,47500,1825000
SWALE,2026,300000,844,323936,47500,1500000
SWANSEA,2015,133000,3134,157771,16995,1550000
SWANSEA,2016,139000,3423,166387,26000,995000
SWANSEA,2017,139995,3486,166152,7500,1500000
SWANSEA,2018,142747.5,3340,174819,35000,1600000
SWANSEA,2019,152500,3157,182535,30000,1500000
SWANSEA,2020,160000,2593,195198,43000,1822300
SWANSEA,2021,175000,3791,219270,4000,1600000
SWANSEA,2022,183500,3319,226377,43000,2500000
SWANSEA,2023,185000,2740,223911,8980,1850000
SWANSEA,2024,195000,2907,234945,23000,2470000
SWANSEA,2025,210000,3012,246305,45000,2000000
SWANSEA,2026,195000,1066,228231,42500,1700000
SWINDON,2015,180575,4428,202847,19375,875000
SWINDON,2016,195000,4692,217555,53000,1300000
SWINDON,2017,220000,4443,239900,50000,1100000
SWINDON,2018,230000,4168,248766,60000,1800000
SWINDON,2019,230000,3773,249086,58000,1900000
SWINDON,2020,233000,2921,257033,950,1370000
SWINDON,2021,245000,4785,268028,1,4350000
SWINDON,2022,270000,3948,289523,62000,1290000
SWINDON,2023,272200,3253,295198,58000,1900000
SWINDON,2024,276500,3447,295827,42500,1450000
SWINDON,2025,282500,3518,303030,57500,1700000
SWINDON,2026,275000,1195,290178,62000,1280000
TAMESIDE,2015,125000,2978,135914,30000,690000
TAMESIDE,2016,128000,3152,143893,29000,750000
TAMESIDE,2017,138000,3331,154921,38000,692000
TAMESIDE,2018,140000,3465,159444,400,675000
TAMESIDE,2019,152000,3158,166914,48000,810000
TAMESIDE,2020,161000,2633,181012,38000,860000
TAMESIDE,2021,180000,3945,198366,41400,799999
TAMESIDE,2022,198500,3239,216550,39000,1025000
TAMESIDE,2023,196250,2657,219569,680,1075000
TAMESIDE,2024,212000,2799,229456,42500,950000
TAMESIDE,2025,219975,2906,235715,47000,1445000
TAMESIDE,2026,215000,937,236344,40000,1500000
TAMWORTH,2015,150000,1008,165817,45500,590000
TAMWORTH,2016,166250,1100,183861,7340,550000
TAMWORTH,2017,176500,1166,197853,47000,595000
TAMWORTH,2018,193500,1163,213443,49400,592500
TAMWORTH,2019,208000,1305,224624,60000,584500
TAMWORTH,2020,217500,1161,234390,50000,689950
TAMWORTH,2021,225000,1622,245272,69329,800000
TAMWORTH,2022,245000,1370,265893,60000,870000
TAMWORTH,2023,245000,1025,259202,69000,822500
TAMWORTH,2024,240000,1130,255769,67000,805000
TAMWORTH,2025,250000,1194,267527,55000,1050000
TAMWORTH,2026,242750,410,261068,49000,737500
TANDRIDGE,2015,381375,1675,464696,60000,3100000
TANDRIDGE,2016,399950,1565,464708,92500,3200000
TANDRIDGE,2017,420000,1402,498231,90000,2850000
TANDRIDGE,2018,411250,1264,495725,94500,2425000
TANDRIDGE,2019,435000,1270,515243,100000,2500000
TANDRIDGE,2020,456000,1184,563945,94375,2650000
TANDRIDGE,2021,475000,1806,572903,91250,3760000
TANDRIDGE,2022,490000,1457,596466,108000,3500000
TANDRIDGE,2023,500000,998,594478,90000,5175000
TANDRIDGE,2024,485000,1140,580412,90000,3500000
TANDRIDGE,2025,510000,1215,611371,90000,2925000
TANDRIDGE,2026,480000,422,561337,93000,2800000
TAUNTON DEANE,2015,200000,2339,228422,10000,1350000
TAUNTON DEANE,2016,200000,2609,234025,48500,1300000
TAUNTON DEANE,2017,215000,2423,243688,55000,1215000
TAUNTON DEANE,2018,225000,2229,252087,55000,1450000
TAUNTON DEANE,2019,215000,307,250612,60500,1150000
TEIGNBRIDGE,2015,218000,2706,243362,30000,1325000
TEIGNBRIDGE,2016,230875,2752,256786,40000,2950000
TEIGNBRIDGE,2017,238000,2732,269315,52000,1825000
TEIGNBRIDGE,2018,250000,2548,277435,50000,1650000
TEIGNBRIDGE,2019,248225,2398,275171,50000,1200500
TEIGNBRIDGE,2020,263000,2163,301593,56000,6200000
TEIGNBRIDGE,2021,282750,3188,321665,50000,1600000
TEIGNBRIDGE,2022,300000,2537,344318,37500,3250000
TEIGNBRIDGE,2023,305000,2055,346634,50000,2781140
TEIGNBRIDGE,2024,300000,2095,337836,52000,2475000
TEIGNBRIDGE,2025,300000,2143,342298,57000,2100000
TEIGNBRIDGE,2026,290000,802,325259,50000,2000000
TENDRING,2015,175000,3143,198325,20000,995000
TENDRING,2016,192500,3185,215588,23000,1050000
TENDRING,2017,221750,3026,242588,29000,1275000
TENDRING,2018,230000,2864,251590,45000,1375000
TENDRING,2019,237500,2777,259434,37000,1375000
TENDRING,2020,249250,2724,272324,48000,1200000
TENDRING,2021,270000,4212,293406,50000,1850000
TENDRING,2022,290000,3389,316448,39000,1475000
TENDRING,2023,290000,2306,318766,48000,1265000
TENDRING,2024,285000,2682,310386,50000,1719000
TENDRING,2025,290000,2763,319372,50000,1850000
TENDRING,2026,265000,948,285781,48000,2800000
TEST VALLEY,2015,266000,2427,317397,60000,2750000
TEST VALLEY,2016,282950,2263,327825,70500,1660000
TEST VALLEY,2017,300000,2282,351421,70000,2250000
TEST VALLEY,2018,305000,2191,355894,72000,3250000
TEST VALLEY,2019,310000,2241,359717,73500,2550000
TEST VALLEY,2020,320000,2031,387646,72000,4150000
TEST VALLEY,2021,337000,2919,413376,2160,4701500
TEST VALLEY,2022,365000,2100,451422,80000,6500000
TEST VALLEY,2023,352250,1630,435948,73000,4751000
TEST VALLEY,2024,360000,1770,434022,70000,10500000
TEST VALLEY,2025,367500,1949,427503,72000,4200000
TEST VALLEY,2026,355000,732,411649,69777,3450000
TEWKESBURY,2015,227000,1785,257269,27500,2050000
TEWKESBURY,2016,240000,1920,272599,36250,1780000
TEWKESBURY,2017,257250,1926,288367,61000,1800000
TEWKESBURY,2018,269995,1983,301278,60000,2440000
TEWKESBURY,2019,270000,1739,311587,60000,2050000
TEWKESBURY,2020,289975,1550,331364,59000,2400000
TEWKESBURY,2021,300000,2179,343996,60000,4720000
TEWKESBURY,2022,316995,1907,354081,62000,3500000
TEWKESBURY,2023,328995,1587,374425,66000,3550000
TEWKESBURY,2024,324000,1764,371471,60000,3031500
TEWKESBURY,2025,335000,1789,378158,60000,2150000
TEWKESBURY,2026,310000,555,349650,58500,1950000
THANET,2015,180000,2941,203720,22000,1225000
THANET,2016,202500,2907,227138,39999,1450000
THANET,2017,220000,2932,240881,45000,1400000
THANET,2018,237997.5,2428,258862,47000,1300000
THANET,2019,237250,2244,265218,45000,1900000
THANET,2020,256500,2060,286855,47000,1500000
THANET,2021,285000,3312,319786,45000,2000000
THANET,2022,300250,2516,335800,48000,1975000
THANET,2023,307500,1732,336961,45000,1600000
THANET,2024,290000,1939,313951,50000,2875000
THANET,2025,295000,2147,329918,45000,2350000
THANET,2026,287500,774,311173,45000,1650000
THE VALE OF GLAMORGAN,2015,189000,2307,228386,30000,1460000
THE VALE OF GLAMORGAN,2016,195000,2517,233102,32500,1650000
THE VALE OF GLAMORGAN,2017,213500,2456,252144,39999,1457655
THE VALE OF GLAMORGAN,2018,219995,2388,258268,71000,1325000
THE VALE OF GLAMORGAN,2019,220000,2503,256650,70000,1500000
THE VALE OF GLAMORGAN,2020,235000,1993,274454,70000,1750000
THE VALE OF GLAMORGAN,2021,255000,2765,305741,56000,2200000
THE VALE OF GLAMORGAN,2022,290000,2241,337046,55000,1650000
THE VALE OF GLAMORGAN,2023,278000,1670,337148,70000,2950000
THE VALE OF GLAMORGAN,2024,279000,1765,325822,60000,2100000
THE VALE OF GLAMORGAN,2025,285000,2004,346974,75000,2736500
THE VALE OF GLAMORGAN,2026,285000,776,324822,73000,3000000
THREE RIVERS,2015,420000,1448,506842,100000,5000000
THREE RIVERS,2016,455000,1241,544655,129950,2800000
THREE RIVERS,2017,465000,1173,554900,140000,3920000
THREE RIVERS,2018,470000,1157,578349,114000,7300000
THREE RIVERS,2019,465000,1179,550808,125000,3420000
THREE RIVERS,2020,480000,1086,577077,128643,3200000
THREE RIVERS,2021,500000,1538,623196,115000,5100000
THREE RIVERS,2022,547250,1216,683956,112000,6000000
THREE RIVERS,2023,530000,951,651918,115000,3400000
THREE RIVERS,2024,539500,1138,663028,120000,5595000
THREE RIVERS,2025,550000,1166,667337,130000,4600000
THREE RIVERS,2026,530000,398,621063,135000,4600000
THURROCK,2015,225000,2780,229426,30000,980000
THURROCK,2016,260000,3112,266559,75000,795000
THURROCK,2017,275000,2714,287568,75000,930000
THURROCK,2018,285000,2468,296312,74000,1600000
THURROCK,2019,282000,2349,292281,78750,1230000
THURROCK,2020,305000,2083,317285,77000,1833000
THURROCK,2021,320000,2914,339833,77000,1975000
THURROCK,2022,340000,2312,349905,75000,1900000
THURROCK,2023,347000,1577,353950,74000,1540000
THURROCK,2024,350000,1801,356479,74000,1250000
THURROCK,2025,355000,2090,366011,77000,1950000
THURROCK,2026,360000,751,367284,87500,1485000
TONBRIDGE AND MALLING,2015,295000,2413,348519,43750,2800000
TONBRIDGE AND MALLING,2016,325000,2501,369935,53750,1935000
TONBRIDGE AND MALLING,2017,343000,2405,390803,57500,3750000
TONBRIDGE AND MALLING,2018,350000,2183,393509,58750,2625000
TONBRIDGE AND MALLING,2019,350000,2091,390680,60000,2800000
TONBRIDGE AND MALLING,2020,364995,2039,414022,58750,2152500
TONBRIDGE AND MALLING,2021,375000,3083,435256,58750,2380000
TONBRIDGE AND MALLING,2022,416000,2300,466188,58750,3100000
TONBRIDGE AND MALLING,2023,409995,1637,461894,58125,5200000
TONBRIDGE AND MALLING,2024,410000,1932,464945,60000,3000000
TONBRIDGE AND MALLING,2025,417500,2069,470877,45000,3500000
TONBRIDGE AND MALLING,2026,411900,708,453305,57750,1495000
TORBAY,2015,177000,2993,203332,25000,1260000
TORBAY,2016,183000,2949,209329,31250,1699000
TORBAY,2017,192500,3119,220287,33250,1900000
TORBAY,2018,195000,2806,221309,33250,1900000
TORBAY,2019,199950,2665,227696,35000,2250000
TORBAY,2020,210000,2172,242064,36800,1625000
TORBAY,2021,235000,3364,268852,35525,2900000
TORBAY,2022,250000,2616,286283,35000,2920000
TORBAY,2023,250750,1800,291233,45000,1500000
TORBAY,2024,250000,2058,280505,43000,2125000
TORBAY,2025,249975,2070,278003,39000,1700000
TORBAY,2026,247000,865,271594,37000,1294000
TORFAEN,2015,122500,1043,141156,25000,575000
TORFAEN,2016,128750,1130,147761,19200,705000
TORFAEN,2017,135000,1376,154123,35000,575000
TORFAEN,2018,147500,1529,171481,30000,620000
TORFAEN,2019,155000,1382,175124,35000,520000
TORFAEN,2020,160000,1058,184560,45000,693000
TORFAEN,2021,175000,1531,199321,40000,1100000
TORFAEN,2022,180750,1356,210450,52050,827000
TORFAEN,2023,185750,1096,216336,47270,751000
TORFAEN,2024,195000,1042,220530,43000,730000
TORFAEN,2025,200000,1132,223805,35000,850000
TORFAEN,2026,195000,318,222114,47000,710000
TORRIDGE,2015,199950,1460,222910,40000,995000
TORRIDGE,2016,200000,1491,222635,59000,925000
TORRIDGE,2017,210000,1409,233356,50000,800000
TORRIDGE,2018,218000,1333,237828,53550,850000
TORRIDGE,2019,224950,1230,246570,48000,815000
TORRIDGE,2020,240000,1161,271099,66000,1300000
TORRIDGE,2021,265000,1611,300622,47500,1700000
TORRIDGE,2022,300000,1201,335975,32000,2000000
TORRIDGE,2023,293000,1091,334920,52000,1370000
TORRIDGE,2024,280000,1140,312842,45000,1495000
TORRIDGE,2025,280000,1181,309031,54950,1530000
TORRIDGE,2026,255000,349,292506,55000,1180000
TOWER HAMLETS,2015,425000,4083,483778,65000,5300000
TOWER HAMLETS,2016,470000,4572,524751,67500,5058500
TOWER HAMLETS,2017,490000,3476,552930,81250,4420000
TOWER HAMLETS,2018,480000,3165,548816,91250,3900000
TOWER HAMLETS,2019,500000,3233,557462,91250,3248250
TOWER HAMLETS,2020,533763,3305,592771,92500,3999950
TOWER HAMLETS,2021,570720,4737,637790,92747,6000000
TOWER HAMLETS,2022,515000,3909,628262,96250,6280000
TOWER HAMLETS,2023,509000,2562,580872,91500,4120000
TOWER HAMLETS,2024,515000,2978,597597,92500,8325000
TOWER HAMLETS,2025,500000,2685,599334,91973,4950000
TOWER HAMLETS,2026,455000,849,515494,92500,3100000
TRAFFORD,2015,220625,3892,273657,10000,3500000
TRAFFORD,2016,238000,3920,296577,3020,3000000
TRAFFORD,2017,250000,3746,318054,43750,6800000
TRAFFORD,2018,262500,3750,324423,49000,5250000
TRAFFORD,2019,271000,3482,331237,850,4325000
TRAFFORD,2020,297000,3058,359832,44819,4640000
TRAFFORD,2021,301000,4818,376483,50000,5500000
TRAFFORD,2022,340000,3345,422588,5000,6000000
TRAFFORD,2023,335050,2887,415226,57000,7000000
TRAFFORD,2024,356000,3107,425246,60000,3804900
TRAFFORD,2025,370495,3157,443572,850,5472000
TRAFFORD,2026,385000,1142,618393,65000,200000000
TUNBRIDGE WELLS,2015,316000,2153,405563,58750,9382500
TUNBRIDGE WELLS,2016,332750,1978,429097,55000,3690000
TUNBRIDGE WELLS,2017,363000,1834,458996,82500,2950000
TUNBRIDGE WELLS,2018,375000,1764,470998,90000,3950000
TUNBRIDGE WELLS,2019,380000,1790,470538,84000,2895000
TUNBRIDGE WELLS,2020,405000,1732,500411,90000,3650000
TUNBRIDGE WELLS,2021,430000,2715,529298,84000,4200000
TUNBRIDGE WELLS,2022,465000,2269,564790,84000,4825000
TUNBRIDGE WELLS,2023,456750,1642,559476,73750,4600000
TUNBRIDGE WELLS,2024,425000,1725,529705,84000,6500000
TUNBRIDGE WELLS,2025,445000,1766,554349,85500,7450000
TUNBRIDGE WELLS,2026,425000,593,502787,89000,2250000
UTTLESFORD,2015,341071.5,1744,390212,36000,1575000
UTTLESFORD,2016,370000,1723,426032,69000,2300000
UTTLESFORD,2017,393995,1650,440974,88500,3000000
UTTLESFORD,2018,420000,1665,464738,90000,4750000
UTTLESFORD,2019,407250,1432,460152,87500,2550000
UTTLESFORD,2020,437497.5,1248,487060,91000,2150000
UTTLESFORD,2021,440000,1969,509186,86000,6600000
UTTLESFORD,2022,480000,1489,555632,95000,3750000
UTTLESFORD,2023,457500,1149,529540,94000,2995000
UTTLESFORD,2024,460000,1481,525781,95000,3150000
UTTLESFORD,2025,475000,1589,543243,92000,3150000
UTTLESFORD,2026,445000,458,502638,88000,3000000
VALE OF WHITE HORSE,2015,310000,2437,361257,46250,4500000
VALE OF WHITE HORSE,2016,330000,2427,378571,45625,3100000
VALE OF WHITE HORSE,2017,345000,2557,384191,58500,3950000
VALE OF WHITE HORSE,2018,349995,2540,391965,76000,4000000
VALE OF WHITE HORSE,2019,340000,2467,387062,66250,3600000
VALE OF WHITE HORSE,2020,355000,2385,413080,67500,2962500
VALE OF WHITE HORSE,2021,375130,3164,436507,49950,4950000
VALE OF WHITE HORSE,2022,398000,2793,455413,55000,4750000
VALE OF WHITE HORSE,2023,392500,2111,456592,70000,7500000
VALE OF WHITE HORSE,2024,400000,2325,448268,64000,3700000
VALE OF WHITE HORSE,2025,400000,2398,449553,70000,2645000
VALE OF WHITE HORSE,2026,376000,693,425333,85000,2600000
WAKEFIELD,2015,130000,5072,152289,16000,1100000
WAKEFIELD,2016,139995,5690,158148,25000,1200000
WAKEFIELD,2017,145762.5,5808,167246,35000,890000
WAKEFIELD,2018,153997.5,5744,173537,35000,1804000
WAKEFIELD,2019,158000,5574,176365,35000,2000000
WAKEFIELD,2020,162500,4709,184769,35000,2225000
WAKEFIELD,2021,180000,6697,203669,37500,1400000
WAKEFIELD,2022,193000,5811,213721,27000,2500000
WAKEFIELD,2023,190000,4190,217533,35000,9000000
WAKEFIELD,2024,198000,4573,221567,35000,2270000
WAKEFIELD,2025,205000,4756,231132,35000,1875000
WAKEFIELD,2026,202500,1651,224938,38750,1200000
WALSALL,2015,135000,3197,157387,31000,1125000
WALSALL,2016,140000,3355,163751,30000,1000000
WALSALL,2017,149950,3472,176245,7400,1450000
WALSALL,2018,156000,3350,185066,40000,1850000
WALSALL,2019,157000,3167,184973,6000,1350000
WALSALL,2020,165000,2727,194002,12500,1475000
WALSALL,2021,189972.5,3576,220116,15000,1530000
WALSALL,2022,200000,3106,228225,41000,1325000
WALSALL,2023,209950,2604,235410,50000,1950000
WALSALL,2024,215000,2632,237367,40500,1200000
WALSALL,2025,227500,2874,248540,40000,1385000
WALSALL,2026,220000,978,247766,41500,875000
WALTHAM FOREST,2015,371975,3398,384372,60000,1275000
WALTHAM FOREST,2016,422250,3032,432143,30000,1246700
WALTHAM FOREST,2017,445000,2762,459831,15000,2000000
WALTHAM FOREST,2018,450000,2850,467075,35000,2850000
WALTHAM FOREST,2019,455000,2791,472112,106750,1280000
WALTHAM FOREST,2020,467500,2406,489664,108000,1475000
WALTHAM FOREST,2021,491500,3871,517501,110000,2100000
WALTHAM FOREST,2022,506000,3087,536577,108000,1600000
WALTHAM FOREST,2023,507000,2513,537072,106000,1905000
WALTHAM FOREST,2024,520000,2779,550630,106000,1830000
WALTHAM FOREST,2025,540000,2946,572254,108000,3615000
WALTHAM FOREST,2026,545000,922,577466,110000,1500000
WANDSWORTH,2015,560000,5892,687526,58500,10700000
WANDSWORTH,2016,644000,5554,776002,39992,15000000
WANDSWORTH,2017,650000,5034,800841,10000,11510000
WANDSWORTH,2018,620000,4700,774993,112500,9250000
WANDSWORTH,2019,625000,4558,761862,108000,13000000
WANDSWORTH,2020,655605.5,4344,816038,108000,11370000
WANDSWORTH,2021,650000,6328,826131,111250,9900000
WANDSWORTH,2022,702500,6043,894871,110000,12382860
WANDSWORTH,2023,665000,4570,892683,112500,17460000
WANDSWORTH,2024,650000,5011,843574,111250,7750000
WANDSWORTH,2025,650000,4984,833604,1,13200000
WANDSWORTH,2026,600000,1525,737789,115000,8000000
WARRINGTON,2015,165000,3347,200355,21000,1665100
WARRINGTON,2016,169950,3405,206405,38000,1650000
WARRINGTON,2017,178000,3166,214214,20000,1675000
WARRINGTON,2018,184000,3067,219967,37500,1470000
WARRINGTON,2019,192000,3144,230494,525,1450000
WARRINGTON,2020,212000,2935,251811,54000,1900000
WARRINGTON,2021,237250,4010,272480,51500,1600000
WARRINGTON,2022,250000,3348,288619,52000,2350000
WARRINGTON,2023,258000,2652,297316,53000,2700000
WARRINGTON,2024,250000,2675,290440,57500,1885000
WARRINGTON,2025,258000,3028,303472,51000,2700000
WARRINGTON,2026,262500,1144,303436,62000,2130000
WARWICK,2015,260000,2715,299289,57500,2612500
WARWICK,2016,280000,2587,328341,70000,2383000
WARWICK,2017,290000,2724,338911,68500,1770000
WARWICK,2018,305000,2542,363547,51250,3950000
WARWICK,2019,305000,2381,359165,80000,2000000
WARWICK,2020,325000,2061,380715,84500,2500000
WARWICK,2021,335000,3264,389935,61250,2800000
WARWICK,2022,345750,2551,402229,80000,3900000
WARWICK,2023,360000,2217,413432,79000,6213700
WARWICK,2024,360000,2440,419528,79950,3350000
WARWICK,2025,360000,2477,413219,78500,3338550
WARWICK,2026,350000,867,394374,80000,2400000
WATFORD,2015,301150,1631,340152,82500,1650000
WATFORD,2016,344500,1406,380993,57500,1730000
WATFORD,2017,365000,1177,403258,100000,1700000
WATFORD,2018,365000,1136,409809,90000,1500000
WATFORD,2019,366000,1146,406650,93000,1720000
WATFORD,2020,378500,914,417515,93000,1565000
WATFORD,2021,390000,1559,428142,90000,1810000
WATFORD,2022,400000,1480,433712,93000,1803000
WATFORD,2023,389950,1061,428761,86875,1851000
WATFORD,2024,420000,1154,461285,87500,2500000
WATFORD,2025,420000,1065,456184,87500,1600000
WATFORD,2026,415000,381,460512,95000,1675000
WAVENEY,2015,162000,2012,192094,29000,1922550
WAVENEY,2016,168000,2166,195150,31500,1050000
WAVENEY,2017,185000,2085,216080,59000,1700000
WAVENEY,2018,188995,1963,214817,59000,1525000
WAVENEY,2019,188975,320,216037,54000,787836
WAVERLEY,2015,400750,2302,494019,72000,5525000
WAVERLEY,2016,430000,1997,523181,85000,4575000
WAVERLEY,2017,435000,1987,549708,78750,4750000
WAVERLEY,2018,485975,1884,573459,84000,3900000
WAVERLEY,2019,460000,1926,554141,78000,3350000
WAVERLEY,2020,500000,2028,614082,82500,4000000
WAVERLEY,2021,519500,2846,643403,84000,24600000
WAVERLEY,2022,545500,2370,669062,90000,8500000
WAVERLEY,2023,575000,1845,670375,78750,8650000
WAVERLEY,2024,548475,1918,634316,78750,4075000
WAVERLEY,2025,555000,2030,694542,78500,8000000
WAVERLEY,2026,521575,721,665074,104000,39500000
WEALDEN,2015,275000,2916,329698,52900,2750000
WEALDEN,2016,294995,2925,353228,65000,3950000
WEALDEN,2017,310000,2779,368678,58000,2400000
WEALDEN,2018,319950,2819,380871,55000,2550000
WEALDEN,2019,315000,2676,372372,66000,1990000
WEALDEN,2020,345000,2673,423116,56000,4850000
WEALDEN,2021,368500,4088,453501,57750,3850000
WEALDEN,2022,395000,2967,489838,57500,3590000
WEALDEN,2023,385000,2256,472162,64000,5020000
WEALDEN,2024,385000,2619,455280,55000,4750000
WEALDEN,2025,380000,2656,452348,58000,3643940
WEALDEN,2026,380000,962,431414,60000,2100000
WELLINGBOROUGH,2015,165000,1323,192367,45000,1090000
WELLINGBOROUGH,2016,169995,1288,198358,46000,1200000
WELLINGBOROUGH,2017,191500,1296,220838,42000,1665000
WELLINGBOROUGH,2018,210000,1266,243595,43500,1292500
WELLINGBOROUGH,2019,210000,1070,245970,47500,1650000
WELLINGBOROUGH,2020,212250,822,248740,45500,1321555
WELLINGBOROUGH,2021,237000,47,254219,116000,635000
WELWYN HATFIELD,2015,305000,1675,378505,44000,6300000
WELWYN HATFIELD,2016,366500,1594,449476,80000,4750000
WELWYN HATFIELD,2017,370000,1529,447536,533,2750000
WELWYN HATFIELD,2018,370000,1383,457211,88900,3850000
WELWYN HATFIELD,2019,370000,1263,456992,86625,3200000
WELWYN HATFIELD,2020,392500,1282,477951,97500,4500000
WELWYN HATFIELD,2021,415000,1805,501562,79375,5200000
WELWYN HATFIELD,2022,426000,1513,520488,80500,6000000
WELWYN HATFIELD,2023,430000,1029,535789,80000,3700000
WELWYN HATFIELD,2024,431795,1191,525181,80000,5170000
WELWYN HATFIELD,2025,430949.5,1334,526551,80000,6300000
WELWYN HATFIELD,2026,431310,487,504611,97000,2250000
WEST BERKSHIRE,2015,299950,2751,353905,28000,2100000
WEST BERKSHIRE,2016,330000,2439,384861,59950,4450000
WEST BERKSHIRE,2017,339950,2445,395260,80000,4000000
WEST BERKSHIRE,2018,346000,2327,413247,80000,9000000
WEST BERKSHIRE,2019,345000,2105,411962,78000,3150000
WEST BERKSHIRE,2020,360000,1968,424758,82000,2600000
WEST BERKSHIRE,2021,375000,3213,438760,82500,3200000
WEST BERKSHIRE,2022,396500,2582,464882,86000,7000000
WEST BERKSHIRE,2023,405000,1932,468033,82500,3650000
WEST BERKSHIRE,2024,392500,2181,471585,78000,4300000
WEST BERKSHIRE,2025,400000,2409,473134,85000,7300000
WEST BERKSHIRE,2026,380000,805,433879,80000,2486160
WEST DEVON,2015,215000,989,250578,40000,1200000
WEST DEVON,2016,215000,1025,249013,53500,1475000
WEST DEVON,2017,219950,957,262296,69000,1150000
WEST DEVON,2018,235000,947,278102,60000,2175000
WEST DEVON,2019,245000,934,282555,62500,855000
WEST DEVON,2020,270000,901,308587,63000,1485000
WEST DEVON,2021,295000,1254,333099,66000,2350000
WEST DEVON,2022,304995,1103,354201,60000,2825000
WEST DEVON,2023,309995,861,362293,60000,4900000
WEST DEVON,2024,290000,893,340387,60000,1500000
WEST DEVON,2025,298000,943,343380,60000,1400000
WEST DEVON,2026,290000,311,339524,78000,1310000
WEST DORSET,2015,251500,2022,286028,38500,1750000
WEST DORSET,2016,270000,2195,301907,63000,2890000
WEST DORSET,2017,282500,2111,317365,65000,1800000
WEST DORSET,2018,290000,1923,324240,65000,1770000
WEST DORSET,2019,290000,267,341884,72000,1375000
WEST LANCASHIRE,2015,170000,1388,201220,9200,1300000
WEST LANCASHIRE,2016,181000,1534,212536,39000,2400000
WEST LANCASHIRE,2017,180000,1535,216065,40000,1080000
WEST LANCASHIRE,2018,190000,1557,222600,40000,1550000
WEST LANCASHIRE,2019,190000,1646,218563,40000,1050000
WEST LANCASHIRE,2020,200000,1507,233221,46000,1230000
WEST LANCASHIRE,2021,212500,2203,249746,43250,1750000
WEST LANCASHIRE,2022,220000,1777,258786,46250,3000000
WEST LANCASHIRE,2023,235000,1429,274244,1,2700000
WEST LANCASHIRE,2024,241500.5,1628,285515,42500,3350000
WEST LANCASHIRE,2025,245000,1648,280376,50000,3300000
WEST LANCASHIRE,2026,248000,565,300459,70000,2675000
WEST LINDSEY,2015,150500,1686,175425,22000,965000
WEST LINDSEY,2016,155750,1704,177374,25000,975000
WEST LINDSEY,2017,170000,1701,189348,28000,830000
WEST LINDSEY,2018,176000,1739,196652,29000,925000
WEST LINDSEY,2019,179000,1781,201289,28000,775000
WEST LINDSEY,2020,200000,1520,224962,28750,1875000
WEST LINDSEY,2021,220500,2474,247436,30000,1500000
WEST LINDSEY,2022,227000,2051,260648,30000,1400000
WEST LINDSEY,2023,220000,1364,250058,31000,1300000
WEST LINDSEY,2024,228000,1505,253842,30000,1200000
WEST LINDSEY,2025,235000,1717,260874,30000,1525000
WEST LINDSEY,2026,220000,563,238493,30000,775000
WEST NORTHAMPTONSHIRE,2015,280000,21,272664,65000,550000
WEST NORTHAMPTONSHIRE,2016,220000,15,265230,57500,1175000
WEST NORTHAMPTONSHIRE,2017,392500,6,345042,100000,600000
WEST NORTHAMPTONSHIRE,2018,169000,16,262512,105000,635000
WEST NORTHAMPTONSHIRE,2019,263475,72,295972,116550,710000
WEST NORTHAMPTONSHIRE,2020,284950,921,319976,45000,1285000
WEST NORTHAMPTONSHIRE,2021,275495,7888,314701,27500,2640000
WEST NORTHAMPTONSHIRE,2022,295000,7295,331468,46000,4400000
WEST NORTHAMPTONSHIRE,2023,295000,5482,330083,44000,2500500
WEST NORTHAMPTONSHIRE,2024,300000,6073,336126,43750,3000000
WEST NORTHAMPTONSHIRE,2025,300000,6505,339286,43000,4000000
WEST NORTHAMPTONSHIRE,2026,290000,2180,326506,45000,1990000
WEST OXFORDSHIRE,2015,283500,1859,337444,60000,4350000
WEST OXFORDSHIRE,2016,315000,1816,362154,70000,2800000
WEST OXFORDSHIRE,2017,335000,1781,385934,76000,3100000
WEST OXFORDSHIRE,2018,340000,1815,402203,74000,3076000
WEST OXFORDSHIRE,2019,340000,1731,400604,75250,4867046
WEST OXFORDSHIRE,2020,360000,1865,424337,74000,3900000
WEST OXFORDSHIRE,2021,367475,2790,445496,75250,18037700
WEST OXFORDSHIRE,2022,395000,1901,478933,75000,11968000
WEST OXFORDSHIRE,2023,385000,1601,477019,75000,4000000
WEST OXFORDSHIRE,2024,378492,1595,479982,75000,16500000
WEST OXFORDSHIRE,2025,401000,1730,494747,75000,4500000
WEST OXFORDSHIRE,2026,380000,569,467439,76000,4350000
WEST SOMERSET,2015,200000,658,225560,20850,1100000
WEST SOMERSET,2016,210000,728,238064,40000,2050000
WEST SOMERSET,2017,230000,760,255869,55000,1348000
WEST SOMERSET,2018,238000,628,268583,75000,1525000
WEST SOMERSET,2019,275000,90,295554,81500,795000
WEST SUFFOLK,2015,292500,14,318250,125000,815000
WEST SUFFOLK,2016,362500,8,341749,78000,530000
WEST SUFFOLK,2017,302500,18,339750,160000,720000
WEST SUFFOLK,2018,275000,67,318393,95000,925000
WEST SUFFOLK,2019,258000,2276,291446,57750,2700000
WEST SUFFOLK,2020,260000,2561,296533,54000,1730000
WEST SUFFOLK,2021,280000,3484,320500,54000,2500000
WEST SUFFOLK,2022,300000,3184,343419,60000,3500000
WEST SUFFOLK,2023,295000,2256,337757,58500,2400000
WEST SUFFOLK,2024,287750,2472,329115,60000,2200000
WEST SUFFOLK,2025,290000,2800,335580,55000,2750000
WEST SUFFOLK,2026,276743.5,962,316115,75000,1800000
WESTMORLAND AND FURNESS,2015,181000,8,239438,120000,482500
WESTMORLAND AND FURNESS,2016,486000,5,386233,95000,680000
WESTMORLAND AND FURNESS,2017,297500,10,332550,86000,660000
WESTMORLAND AND FURNESS,2018,300000,7,279071,59000,680000
WESTMORLAND AND FURNESS,2019,221500,14,247589,52500,583750
WESTMORLAND AND FURNESS,2020,227500,44,301009,39000,1050000
WESTMORLAND AND FURNESS,2021,270000,235,291894,30000,695000
WESTMORLAND AND FURNESS,2022,295000,854,327662,35000,9858750
WESTMORLAND AND FURNESS,2023,249725,3218,286973,35000,2950000
WESTMORLAND AND FURNESS,2024,241000,3547,286834,25000,8100000
WESTMORLAND AND FURNESS,2025,240000,3727,280469,30000,3250000
WESTMORLAND AND FURNESS,2026,238000,1409,266018,36000,1180000
WEYMOUTH AND PORTLAND,2015,195000,1240,221821,45000,830000
WEYMOUTH AND PORTLAND,2016,200000,1339,225774,10000,1000000
WEYMOUTH AND PORTLAND,2017,207000,1362,234484,10000,1500000
WEYMOUTH AND PORTLAND,2018,220000,1292,243474,58000,1495000
WEYMOUTH AND PORTLAND,2019,216000,185,237902,75500,600000
WIGAN,2015,125000,4343,138325,15000,840000
WIGAN,2016,125000,4689,140962,25000,865000
WIGAN,2017,132000,4959,148849,30000,825000
WIGAN,2018,138000,5380,155352,4200,1080000
WIGAN,2019,147000,5186,162765,500,650000
WIGAN,2020,155000,4771,173868,30000,1300000
WIGAN,2021,167000,5967,187662,4000,1500000
WIGAN,2022,185000,5431,204643,35000,1125000
WIGAN,2023,180000,4187,201751,750,1150000
WIGAN,2024,190000,4465,211335,30000,1650000
WIGAN,2025,200000,4672,221934,1,1490000
WIGAN,2026,196500,1520,217702,33845,906000
WILTSHIRE,2015,231000,8959,273849,31500,2500000
WILTSHIRE,2016,245000,9068,283750,30000,3250000
WILTSHIRE,2017,265000,8635,304430,55000,4100000
WILTSHIRE,2018,272000,8134,311975,56000,2550000
WILTSHIRE,2019,275000,7868,315034,55000,3500000
WILTSHIRE,2020,285000,7068,335699,55000,6495700
WILTSHIRE,2021,300000,10691,360571,55000,10250000
WILTSHIRE,2022,325000,8698,380431,51000,6000000
WILTSHIRE,2023,322000,6749,379052,55000,11000000
WILTSHIRE,2024,317500,7454,372634,50000,7270000
WILTSHIRE,2025,323000,7737,375245,50000,4300000
WILTSHIRE,2026,315000,2746,357370,50000,3000000
WINCHESTER,2015,351000,2119,432168,65000,3200000
WINCHESTER,2016,369475,1958,448626,50000,2950000
WINCHESTER,2017,417500,1820,496231,90000,5300000
WINCHESTER,2018,403000,1785,495740,93000,5500000
WINCHESTER,2019,415000,1839,499517,92500,4847830
WINCHESTER,2020,440000,1783,549441,96500,8204250
WINCHESTER,2021,455000,2815,554517,90500,18500000
WINCHESTER,2022,465000,2311,563421,91250,6500000
WINCHESTER,2023,460000,1644,572901,92000,3250000
WINCHESTER,2024,465000,1865,572416,91000,3950000
WINCHESTER,2025,460000,1862,559122,92000,8750000
WINCHESTER,2026,460000,669,533898,100000,2100000
WINDSOR AND MAIDENHEAD,2015,420000,2465,527010,69000,6400000
WINDSOR AND MAIDENHEAD,2016,460000,2185,578012,57500,5400000
WINDSOR AND MAIDENHEAD,2017,485000,2085,613123,135000,21000000
WINDSOR AND MAIDENHEAD,2018,465000,1871,593716,122500,6550000
WINDSOR AND MAIDENHEAD,2019,465000,1935,580475,125000,5500000
WINDSOR AND MAIDENHEAD,2020,496500,1736,629658,125000,4750000
WINDSOR AND MAIDENHEAD,2021,506954,2835,652687,87750,7125000
WINDSOR AND MAIDENHEAD,2022,520000,2417,673172,122000,7300000
WINDSOR AND MAIDENHEAD,2023,491000,1887,644246,121500,6425000
WINDSOR AND MAIDENHEAD,2024,530000,2058,664342,122500,6850000
WINDSOR AND MAIDENHEAD,2025,545000,2087,669289,122500,6495000
WINDSOR AND MAIDENHEAD,2026,509750,676,611458,121500,5150000
WIRRAL,2015,145000,4694,171842,18000,2300000
WIRRAL,2016,150000,4809,178700,20000,1850000
WIRRAL,2017,157000,5131,188956,32500,1725000
WIRRAL,2018,160000,4880,187504,32000,1695000
WIRRAL,2019,166250,4634,195209,32000,1600000
WIRRAL,2020,172000,4209,208730,32700,2250000
WIRRAL,2021,195000,5878,239213,34000,2100000
WIRRAL,2022,200000,5153,241898,34500,2500000
WIRRAL,2023,205000,3795,243569,30000,2375000
WIRRAL,2024,213500,4314,250138,38750,3499750
WIRRAL,2025,220250,4704,260196,38000,2000000
WIRRAL,2026,228000,1719,263498,35000,2250000
WOKING,2015,343440,1857,428490,75000,3100000
WOKING,2016,380000,1756,448705,60000,2750000
WOKING,2017,406000,1645,506667,99950,3120000
WOKING,2018,390000,1566,477891,97000,3000000
WOKING,2019,390000,1322,483076,90000,3005000
WOKING,2020,415000,1230,504146,90000,3000000
WOKING,2021,430000,2034,532208,90000,5350000
WOKING,2022,440000,1729,552050,89950,4091000
WOKING,2023,452500,1268,577513,90000,3450000
WOKING,2024,450000,1396,546510,100000,2775000
WOKING,2025,450000,1472,546682,75000,3350000
WOKING,2026,440000,551,513358,90000,2900000
WOKINGHAM,2015,377975,3044,411608,78750,2385000
WOKINGHAM,2016,415000,2801,454977,114750,3000000
WOKINGHAM,2017,422500,3084,460925,88000,2859500
WOKINGHAM,2018,420000,3001,456165,116000,3100000
WOKINGHAM,2019,420000,2872,457477,115000,3200000
WOKINGHAM,2020,435000,2564,471879,110000,4812500
WOKINGHAM,2021,450000,4001,491463,87500,2900000
WOKINGHAM,2022,485000,3266,528685,116000,5650000
WOKINGHAM,2023,490000,2384,530856,119000,3940000
WOKINGHAM,2024,490000,2590,528994,114000,4750000
WOKINGHAM,2025,492000,2605,547798,97200,6100000
WOKINGHAM,2026,465000,892,508222,122500,3000000
WOLVERHAMPTON,2015,128000,2740,147475,20000,760000
WOLVERHAMPTON,2016,134950,3067,153213,25000,770000
WOLVERHAMPTON,2017,140000,3030,159896,35000,1510000
WOLVERHAMPTON,2018,149995,2921,167241,35000,990000
WOLVERHAMPTON,2019,153750,2732,167383,32000,795000
WOLVERHAMPTON,2020,168500,2413,185178,34500,1125000
WOLVERHAMPTON,2021,180997.5,3196,204398,33750,1200000
WOLVERHAMPTON,2022,190000,2621,211343,39000,1140000
WOLVERHAMPTON,2023,200000,2148,217703,34000,1130000
WOLVERHAMPTON,2024,210000,2231,228666,35000,1950000
WOLVERHAMPTON,2025,220000,2295,239171,35000,1500000
WOLVERHAMPTON,2026,230000,778,241297,34000,900000
WORCESTER,2015,182000,1752,201735,42000,849000
WORCESTER,2016,181500,1931,199639,45000,960000
WORCESTER,2017,189500,1727,212188,58000,990000
WORCESTER,2018,197700,1751,222586,56000,890000
WORCESTER,2019,205500,1549,230080,56500,1350000
WORCESTER,2020,220000,1360,242325,60000,800000
WORCESTER,2021,232000,2032,256742,55200,960000
WORCESTER,2022,248724.5,1678,270922,56000,1575000
WORCESTER,2023,245000,1295,266902,59000,1275000
WORCESTER,2024,255000,1456,277781,57500,1450000
WORCESTER,2025,260000,1599,283686,55000,1500000
WORCESTER,2026,248000,505,265801,55000,885000
WORTHING,2015,246400,2555,264602,33750,1152000
WORTHING,2016,263000,2359,279080,18000,1650500
WORTHING,2017,280000,2278,296502,70000,980000
WORTHING,2018,295000,2149,309327,70000,1190000
WORTHING,2019,287000,2153,307426,72000,940000
WORTHING,2020,301500,1724,327737,68000,1125000
WORTHING,2021,325000,2574,360469,75000,1972000
WORTHING,2022,345000,2064,369202,70000,1500000
WORTHING,2023,345000,1722,377803,70000,1500000
WORTHING,2024,355000,1707,383100,68250,1330000
WORTHING,2025,350000,1745,371934,72000,1650000
WORTHING,2026,336000,606,355126,69000,1200000
WREKIN,2015,152000,2800,164776,19000,985000
WREKIN,2016,159995,2992,173244,29000,800000
WREKIN,2017,163000,2893,180519,40000,985000
WREKIN,2018,167500,2786,186330,45000,1235000
WREKIN,2019,175950,2933,196360,40000,885000
WREKIN,2020,189950,2376,214792,48000,995000
WREKIN,2021,212000,3498,236478,42000,985000
WREKIN,2022,227500,2904,248983,29015,1500000
WREKIN,2023,227000,2295,249743,41000,1035000
WREKIN,2024,232500,2493,253156,44500,1055000
WREKIN,2025,233750,2496,256953,42000,1650000
WREKIN,2026,220000,777,240607,55000,1110000
WREXHAM,2015,141250,1602,162874,30000,1100000
WREXHAM,2016,143000,1618,166660,43000,1150000
WREXHAM,2017,147975,1726,171486,40000,925000
WREXHAM,2018,156000,1713,180747,45000,935523
WREXHAM,2019,152500,1671,175018,45750,790000
WREXHAM,2020,161000,1401,187723,50000,1525000
WREXHAM,2021,180000,2134,211123,57000,1210000
WREXHAM,2022,187250,1794,222029,59000,1395000
WREXHAM,2023,186500,1385,214833,55000,1300000
WREXHAM,2024,195000,1509,219679,50000,1250000
WREXHAM,2025,200000,1604,232591,60000,1450000
WREXHAM,2026,196333.5,616,225758,50000,1575000
WYCHAVON,2015,233000,2353,267070,40000,2500000
WYCHAVON,2016,247500,2371,284596,43000,2797800
WYCHAVON,2017,262000,2397,294779,68000,2200000
WYCHAVON,2018,271500,2370,304396,52000,2850000
WYCHAVON,2019,270250,2172,305828,69000,1400000
WYCHAVON,2020,295000,1966,333137,65000,2500000
WYCHAVON,2021,305000,2642,355589,78675,2850000
WYCHAVON,2022,323750,2052,373524,65000,3750000
WYCHAVON,2023,325000,1678,375442,64500,5250000
WYCHAVON,2024,330000,1782,377713,64000,4400000
WYCHAVON,2025,328500,1936,383703,59950,4150000
WYCHAVON,2026,326000,649,364185,67500,2200000
WYCOMBE,2015,330000,2811,397044,43750,18000000
WYCOMBE,2016,353250,3010,410343,54000,2750000
WYCOMBE,2017,375750,2744,450673,64000,5250000
WYCOMBE,2018,375000,2401,450446,106000,3200000
WYCOMBE,2019,380000,2245,448532,52500,5500000
WYCOMBE,2020,390000,264,464270,150000,1874180
WYRE,2015,140000,1834,162662,25500,800000
WYRE,2016,148000,1921,168929,35000,700000
WYRE,2017,152000,1993,176635,2625,1400000
WYRE,2018,155000,1996,181831,40950,1250000
WYRE,2019,158000,1964,185878,41250,825000
WYRE,2020,175000,1967,201976,42000,1220000
WYRE,2021,184950,2992,218003,40000,1300000
WYRE,2022,194725,2280,221881,45000,955000
WYRE,2023,199950,1754,225889,42000,1100000
WYRE,2024,197000,1927,224487,43602,1250000
WYRE,2025,205000,2146,231083,42700,1239441
WYRE,2026,185000,603,215309,56000,1200000
WYRE FOREST,2015,157000,1590,182650,23000,1550000
WYRE FOREST,2016,165000,1554,193737,35000,1650000
WYRE FOREST,2017,174500,1593,205845,25000,1605000
WYRE FOREST,2018,185000,1557,211563,34000,1850000
WYRE FOREST,2019,185000,1492,212162,34000,2015000
WYRE FOREST,2020,204997.5,1276,238894,35000,1202000
WYRE FOREST,2021,222500,1779,253806,33000,1200000
WYRE FOREST,2022,237865,1557,271381,39500,2200000
WYRE FOREST,2023,244495,1211,273418,35250,3000000
WYRE FOREST,2024,250000,1422,275864,39950,2000000
WYRE FOREST,2025,260000,1619,288584,41000,1520000
WYRE FOREST,2026,247500,520,267812,40000,1430000
YORK,2015,213500,3478,243122,60000,1650000
YORK,2016,220000,3420,258058,57500,2175000
YORK,2017,227750,3530,263616,81000,4000000
YORK,2018,237250,3376,273169,83000,1525000
YORK,2019,245000,3165,280239,81600,2500000
YORK,2020,257250,2632,299411,81600,2750000
YORK,2021,278000,3975,326210,44620,2350000
YORK,2022,300000,3031,341326,84000,2750000
YORK,2023,300000,2473,354000,85000,2415000
YORK,2024,310000,2829,353554,65350,2705000
YORK,2025,305000,2855,346411,84000,1650000
YORK,2026,304000,988,350547,81000,5100000
