district,la_code,la_name,year,median_price,mean_price,min_price,max_price,transaction_count,median_pay,mean_pay,number_of_jobs_thousands,price_to_earnings_ratio
ADUR,E07000223,Adur,2015,265000,289410,67500,1580000,1088,21377,24991,22,12.4
ADUR,E07000223,Adur,2016,290500,319686,60000,1795715,1097,20611,24731,21,14.09
ADUR,E07000223,Adur,2017,300000,328144,80000,1600000,1041,20338,23547,23,14.75
ADUR,E07000223,Adur,2018,312500,335015,115000,1500000,987,22605,26670,20,13.82
ADUR,E07000223,Adur,2019,312500,333091,116000,1300000,1000,22877,26460,20,13.66
ADUR,E07000223,Adur,2020,325000,365096,118000,1650000,890,25157,30590,19,12.92
ADUR,E07000223,Adur,2021,360000,389266,113000,1560000,1303,,26505,22,
ADUR,E07000223,Adur,2022,385000,422496,115000,2350000,1035,25635,30563,21,15.02
ADUR,E07000223,Adur,2023,377750,404632,20000,2785000,838,27049,32426,18,13.97
ADUR,E07000223,Adur,2024,375000,399762,115000,1435000,882,29840,35684,22,12.57
ADUR,E07000223,Adur,2025,375000,403149,90000,2275000,952,30217,37627,24,12.41
ALLERDALE,E07000026,Allerdale,2015,145000,166290,15000,875000,1542,19534,24198,38,7.42
ALLERDALE,E07000026,Allerdale,2016,145000,172881,22000,1350000,1469,,27887,36,
ALLERDALE,E07000026,Allerdale,2017,160000,182107,32500,820000,1566,22471,27564,37,7.12
ALLERDALE,E07000026,Allerdale,2018,165000,189821,30000,1355000,1537,22720,28789,40,7.26
ALLERDALE,E07000026,Allerdale,2019,164950,191505,30500,1875000,1609,24040,29039,,6.86
ALLERDALE,E07000026,Allerdale,2020,172500,203113,38000,2100000,1387,26405,31288,42,6.53
ALLERDALE,E07000026,Allerdale,2021,165000,202179,33000,1341000,1805,29754,33170,38,5.55
AMBER VALLEY,E07000032,Amber Valley,2015,153250,181690,25000,1375000,2240,21380,26346,47,7.17
AMBER VALLEY,E07000032,Amber Valley,2016,156000,184625,33500,1600000,2391,22780,28962,44,6.85
AMBER VALLEY,E07000032,Amber Valley,2017,163000,195782,50000,1200000,2299,23328,28470,45,6.99
AMBER VALLEY,E07000032,Amber Valley,2018,174000,203252,30000,1150000,2287,22227,28594,47,7.83
AMBER VALLEY,E07000032,Amber Valley,2019,177000,212030,42000,1460000,2280,23000,29416,48,7.7
AMBER VALLEY,E07000032,Amber Valley,2020,184000,224609,50000,2053250,1937,25939,31354,42,7.09
AMBER VALLEY,E07000032,Amber Valley,2021,213500,251287,50000,1900000,2577,24568,29779,50,8.69
AMBER VALLEY,E07000032,Amber Valley,2022,224000,258428,50000,1500000,2502,24601,29673,48,9.11
AMBER VALLEY,E07000032,Amber Valley,2023,234950,266227,55000,2200000,1935,28117,32822,44,8.36
AMBER VALLEY,E07000032,Amber Valley,2024,237500,275172,50000,2000000,2057,30462,34507,51,7.8
AMBER VALLEY,E07000032,Amber Valley,2025,235000,279755,52500,1900000,2134,30823,35177,50,7.62
ARUN,E07000224,Arun,2015,245000,279255,35000,1950000,3565,20337,25657,46,12.05
ARUN,E07000224,Arun,2016,266000,298559,46000,2550000,3407,21339,26488,46,12.47
ARUN,E07000224,Arun,2017,280000,313296,50000,2250000,3490,21982,25842,52,12.74
ARUN,E07000224,Arun,2018,290000,324878,47100,4000000,3158,22258,27380,53,13.03
ARUN,E07000224,Arun,2019,285000,322881,49000,2450000,2962,21555,26935,48,13.22
ARUN,E07000224,Arun,2020,300000,348513,50000,2850000,2728,22364,28545,52,13.41
ARUN,E07000224,Arun,2021,325000,378411,46813,4825000,3797,22938,26217,55,14.17
ARUN,E07000224,Arun,2022,360000,403466,49000,4500000,3367,24211,26936,49,14.87
ARUN,E07000224,Arun,2023,355000,393447,48750,2600000,2645,,29250,,
ARUN,E07000224,Arun,2024,345000,387606,44000,5150000,2746,28767,33307,55,11.99
ARUN,E07000224,Arun,2025,350000,398484,45000,3500000,2953,29809,34472,59,11.74
ASHFIELD,E07000170,Ashfield,2015,125000,136971,28000,595500,1982,20125,22172,45,6.21
ASHFIELD,E07000170,Ashfield,2016,136997.5,150338,35000,615000,2386,20221,23760,44,6.78
ASHFIELD,E07000170,Ashfield,2017,137500,151076,22000,580000,2272,21262,23307,45,6.47
ASHFIELD,E07000170,Ashfield,2018,145000,158691,37000,580000,1954,22467,25083,43,6.45
ASHFIELD,E07000170,Ashfield,2019,144500,159659,37500,692500,1981,22714,25681,45,6.36
ASHFIELD,E07000170,Ashfield,2020,155000,170534,37400,522000,1748,22741,26385,47,6.82
ASHFIELD,E07000170,Ashfield,2021,174000,192522,39950,766000,2323,23466,26526,45,7.41
ASHFIELD,E07000170,Ashfield,2022,190000,208281,40000,775000,2007,25820,28846,40,7.36
ASHFIELD,E07000170,Ashfield,2023,185500,206407,39000,715000,1494,26082,28714,43,7.11
ASHFIELD,E07000170,Ashfield,2024,200000,218701,52500,950000,1862,27708,31043,43,7.22
ASHFIELD,E07000170,Ashfield,2025,200000,221500,47000,850000,1901,27797,33388,46,7.2
ASHFORD,E07000105,Ashford,2015,233000,275940,33000,1800000,2361,22919,28433,41,10.17
ASHFORD,E07000105,Ashford,2016,250000,287513,39600,1650000,2444,23758,27947,44,10.52
ASHFORD,E07000105,Ashford,2017,270000,307906,45000,1900000,2291,25237,29680,40,10.7
ASHFORD,E07000105,Ashford,2018,285000,328349,48750,1865000,2095,24119,29591,42,11.82
ASHFORD,E07000105,Ashford,2019,283000,327739,45000,1925000,2016,25126,31334,47,11.26
ASHFORD,E07000105,Ashford,2020,310000,363484,48000,2750000,2072,25377,31207,40,12.22
ASHFORD,E07000105,Ashford,2021,325000,373823,45000,3975000,2978,24333,29184,43,13.36
ASHFORD,E07000105,Ashford,2022,350000,397395,50750,2500000,2298,29096,32231,43,12.03
ASHFORD,E07000105,Ashford,2023,355000,405637,45000,1600000,1706,29275,34742,50,12.13
ASHFORD,E07000105,Ashford,2024,346750,401740,47500,2210000,1758,32443,38243,47,10.69
ASHFORD,E07000105,Ashford,2025,347500,400408,66500,1525000,1853,32991,39399,49,10.53
AYLESBURY VALE,E07000004,Aylesbury Vale,2015,274000,310262,37800,1828500,4101,23245,32101,69,11.79
AYLESBURY VALE,E07000004,Aylesbury Vale,2016,310000,347049,72500,1800000,3905,23904,31827,68,12.97
AYLESBURY VALE,E07000004,Aylesbury Vale,2017,328000,369860,71250,2650000,3404,26909,33224,67,12.19
AYLESBURY VALE,E07000004,Aylesbury Vale,2018,337000,375475,84000,5040000,3529,26890,33029,76,12.53
BABERGH,E07000200,Babergh,2015,231500,270759,42000,1725000,1459,20517,29233,31,11.28
BABERGH,E07000200,Babergh,2016,250000,295007,60000,1650000,1478,22851,36165,30,10.94
BABERGH,E07000200,Babergh,2017,274247.5,311941,55000,2030000,1536,24921,33852,30,11.0
BABERGH,E07000200,Babergh,2018,275000,318327,60000,1510000,1475,25130,36313,28,10.94
BABERGH,E07000200,Babergh,2019,280000,325503,55000,2200000,1493,25429,34560,29,11.01
BABERGH,E07000200,Babergh,2020,300000,346812,56000,2550000,1436,24510,33729,31,12.24
BABERGH,E07000200,Babergh,2021,320000,370381,60000,2850000,2170,26685,35334,35,11.99
BABERGH,E07000200,Babergh,2022,340000,384151,60000,2875000,1730,26909,33048,34,12.64
BABERGH,E07000200,Babergh,2023,338000,388007,58000,2770000,1293,27346,33311,34,12.36
BABERGH,E07000200,Babergh,2024,325000,371172,60000,1995000,1410,30000,37218,36,10.83
BABERGH,E07000200,Babergh,2025,332500,384613,65000,2425000,1517,30118,35961,34,11.04
BARKING AND DAGENHAM,E09000002,Barking and Dagenham,2015,246500,244578,70000,695000,2249,23901,25054,48,10.31
BARKING AND DAGENHAM,E09000002,Barking and Dagenham,2016,290000,290235,67500,2550000,2070,23601,25290,48,12.29
BARKING AND DAGENHAM,E09000002,Barking and Dagenham,2017,300000,301107,66000,650000,1934,24640,25948,51,12.18
BARKING AND DAGENHAM,E09000002,Barking and Dagenham,2018,310000,310133,81000,666500,1817,25470,27104,50,12.17
BARKING AND DAGENHAM,E09000002,Barking and Dagenham,2019,315000,319239,78750,675000,1534,25412,26651,55,12.4
BARKING AND DAGENHAM,E09000002,Barking and Dagenham,2020,325000,329533,78750,660000,1271,26394,27748,48,12.31
BARKING AND DAGENHAM,E09000002,Barking and Dagenham,2021,340000,340826,80500,925000,1829,26674,29029,53,12.75
BARKING AND DAGENHAM,E09000002,Barking and Dagenham,2022,375000,367619,80000,992000,1664,27946,30087,53,13.42
BARKING AND DAGENHAM,E09000002,Barking and Dagenham,2023,375000,369913,80000,900000,1266,28211,30985,52,13.29
BARKING AND DAGENHAM,E09000002,Barking and Dagenham,2024,362000,356898,79375,760000,1266,29790,32003,58,12.15
BARKING AND DAGENHAM,E09000002,Barking and Dagenham,2025,385000,376680,87500,975000,1343,32911,35424,64,11.7
BARNET,E09000003,Barnet,2015,450000,567131,90000,6600000,4973,26099,33568,102,17.24
BARNET,E09000003,Barnet,2016,479250,584969,67500,8450000,4933,26000,35062,99,18.43
BARNET,E09000003,Barnet,2017,530000,664807,750,15704000,3906,28040,37068,98,18.9
BARNET,E09000003,Barnet,2018,505900,627441,64250,15000000,3753,28740,37872,111,17.6
BARNET,E09000003,Barnet,2019,520000,623865,98000,15000000,3674,29512,38746,105,17.62
BARNET,E09000003,Barnet,2020,560000,690626,45190,23500000,3333,29239,39660,120,19.15
BARNET,E09000003,Barnet,2021,579000,716712,97000,12500000,5027,30000,41030,117,19.3
BARNET,E09000003,Barnet,2022,581000,757545,97500,35100000,4491,32461,40162,101,17.9
BARNET,E09000003,Barnet,2023,565000,753359,46500,19100000,3126,34279,43132,101,16.48
BARNET,E09000003,Barnet,2024,580000,753315,83000,24500000,3461,36355,45954,117,15.95
BARNET,E09000003,Barnet,2025,583000,732601,100000,8750000,3567,39239,52160,130,14.86
BARNSLEY,E08000016,Barnsley,2015,115000,130404,17500,1175000,3189,20573,23612,83,5.59
BARNSLEY,E08000016,Barnsley,2016,118250,134658,18000,1050000,3544,19886,23173,82,5.95
BARNSLEY,E08000016,Barnsley,2017,125000,143006,30000,875000,3836,20547,24179,82,6.08
BARNSLEY,E08000016,Barnsley,2018,130000,150549,15000,1500000,3919,21657,25394,80,6.0
BARNSLEY,E08000016,Barnsley,2019,137000,155807,32500,1050000,3841,22087,26151,83,6.2
BARNSLEY,E08000016,Barnsley,2020,140000,160225,32500,910000,3190,22693,27463,75,6.17
BARNSLEY,E08000016,Barnsley,2021,150000,175030,34300,2400000,4336,23018,27392,86,6.52
BARNSLEY,E08000016,Barnsley,2022,165000,188638,33500,895000,4044,24868,28491,76,6.64
BARNSLEY,E08000016,Barnsley,2023,162500,189585,34000,1375000,3207,27094,30480,84,6.0
BARNSLEY,E08000038,Barnsley,2024,175000,199430,33000,1115000,3454,30472,33795,89,5.74
BARNSLEY,E08000038,Barnsley,2025,180000,209237,33000,1035000,3350,31359,35139,93,5.74
BARROW-IN-FURNESS,E07000027,Barrow-in-Furness,2015,110000,122504,20000,500000,1295,19349,22074,24,5.69
BARROW-IN-FURNESS,E07000027,Barrow-in-Furness,2016,116500,132702,15000,470000,1274,21514,24715,25,5.42
BARROW-IN-FURNESS,E07000027,Barrow-in-Furness,2017,120000,135491,27000,505000,1227,,24641,27,
BARROW-IN-FURNESS,E07000027,Barrow-in-Furness,2018,125000,143980,27000,490000,1171,26508,27140,24,4.72
BARROW-IN-FURNESS,E07000027,Barrow-in-Furness,2019,126250,148729,22500,449995,1196,27452,28656,24,4.6
BARROW-IN-FURNESS,E07000027,Barrow-in-Furness,2020,130000,150752,35000,830000,998,30097,31638,20,4.32
BARROW-IN-FURNESS,E07000027,Barrow-in-Furness,2021,144000,167236,25000,820000,1489,28416,31301,24,5.07
BASILDON,E07000066,Basildon,2015,230000,263718,40000,2700000,3354,22063,27976,65,10.42
BASILDON,E07000066,Basildon,2016,270000,305356,51000,3000000,2921,24047,31307,63,11.23
BASILDON,E07000066,Basildon,2017,282000,320684,17500,1700000,2921,24240,33455,60,11.63
BASILDON,E07000066,Basildon,2018,295000,335005,65000,2250000,2677,25454,32954,63,11.59
BASILDON,E07000066,Basildon,2019,300000,339664,70000,2205000,2487,27723,32851,66,10.82
BASILDON,E07000066,Basildon,2020,320000,360267,64500,2000000,2143,25457,30464,64,12.57
BASILDON,E07000066,Basildon,2021,340000,379767,81000,1750000,3370,27016,31302,67,12.59
BASILDON,E07000066,Basildon,2022,360000,409228,66000,3950000,2681,28026,33675,56,12.85
BASILDON,E07000066,Basildon,2023,350000,387258,65000,2460000,1947,30538,37366,60,11.46
BASILDON,E07000066,Basildon,2024,350000,394549,66000,2250000,2266,33820,41724,67,10.35
BASILDON,E07000066,Basildon,2025,365000,408767,65000,2860000,2591,34133,43056,70,10.69
BASINGSTOKE AND DEANE,E07000084,Basingstoke and Deane,2015,250000,292376,22500,3410000,3049,27860,32852,72,8.97
BASINGSTOKE AND DEANE,E07000084,Basingstoke and Deane,2016,280000,322266,67000,2475000,3018,28822,33785,69,9.71
BASINGSTOKE AND DEANE,E07000084,Basingstoke and Deane,2017,310000,347003,60000,3317000,2892,28780,32964,70,10.77
BASINGSTOKE AND DEANE,E07000084,Basingstoke and Deane,2018,321000,353046,70000,1875000,3037,28000,33830,67,11.46
BASINGSTOKE AND DEANE,E07000084,Basingstoke and Deane,2019,302000,345402,70000,5300000,3015,30412,34805,64,9.93
BASINGSTOKE AND DEANE,E07000084,Basingstoke and Deane,2020,327000,370485,70000,2700000,2645,31857,38271,71,10.26
BASINGSTOKE AND DEANE,E07000084,Basingstoke and Deane,2021,335000,392344,74000,7675000,3684,32544,36362,82,10.29
BASINGSTOKE AND DEANE,E07000084,Basingstoke and Deane,2022,355000,412822,70000,10500000,2755,35608,40273,77,9.97
BASINGSTOKE AND DEANE,E07000084,Basingstoke and Deane,2023,360000,415556,69000,9000000,2309,35318,41045,72,10.19
BASINGSTOKE AND DEANE,E07000084,Basingstoke and Deane,2024,365000,420394,72000,15881552,2596,38107,45776,83,9.58
BASINGSTOKE AND DEANE,E07000084,Basingstoke and Deane,2025,375000,429903,71000,9600998,2658,39279,49677,75,9.55
BASSETLAW,E07000171,Bassetlaw,2015,134995,155571,19000,815000,1756,20630,23808,41,6.54
BASSETLAW,E07000171,Bassetlaw,2016,140000,165307,31000,810000,1970,21540,25036,37,6.5
BASSETLAW,E07000171,Bassetlaw,2017,148000,171824,39500,900000,1994,22322,24327,39,6.63
BASSETLAW,E07000171,Bassetlaw,2018,157000,182864,43000,900000,1907,21537,24794,39,7.29
BASSETLAW,E07000171,Bassetlaw,2019,163500,189097,45000,895000,1991,22192,26027,39,7.37
BASSETLAW,E07000171,Bassetlaw,2020,178000,206255,43000,2000000,1903,22908,27170,43,7.77
BASSETLAW,E07000171,Bassetlaw,2021,195000,226289,42000,1300000,2443,,24919,44,
BASSETLAW,E07000171,Bassetlaw,2022,205000,232909,49000,1500000,2296,24353,27138,42,8.42
BASSETLAW,E07000171,Bassetlaw,2023,200000,226726,45000,1250000,1848,,29434,44,
BASSETLAW,E07000171,Bassetlaw,2024,205250,236856,47500,1500000,1902,28748,31592,43,7.14
BASSETLAW,E07000171,Bassetlaw,2025,210000,243907,45000,1450000,1979,28314,31599,47,7.42
BATH AND NORTH EAST SOMERSET,E06000022,Bath and North East Somerset UA,2015,270000,335479,36250,4025000,3393,22016,28179,72,12.26
BATH AND NORTH EAST SOMERSET,E06000022,Bath and North East Somerset,2016,305000,378124,80000,4000000,3302,23730,30057,66,12.85
BATH AND NORTH EAST SOMERSET,E06000022,Bath and North East Somerset,2017,319012.5,390733,30000,4300000,3012,23076,29879,61,13.82
BATH AND NORTH EAST SOMERSET,E06000022,Bath and North East Somerset,2018,327500,397985,90000,3509000,3092,23752,30783,63,13.79
BATH AND NORTH EAST SOMERSET,E06000022,Bath and North East Somerset,2019,324995,410475,90000,6000000,2872,24256,30792,66,13.4
BATH AND NORTH EAST SOMERSET,E06000022,Bath and North East Somerset UA,2020,345000,433719,90000,4750000,2566,24199,30666,68,14.26
BATH AND NORTH EAST SOMERSET,E06000022,Bath and North East Somerset UA,2021,365750,464904,73000,4650000,3724,24204,29573,67,15.11
BATH AND NORTH EAST SOMERSET,E06000022,Bath and North East Somerset UA,2022,386675,505866,92500,3850000,2943,27644,35576,71,13.99
BATH AND NORTH EAST SOMERSET,E06000022,Bath and North East Somerset UA,2023,393590,502390,93000,6000000,2442,29528,38447,74,13.33
BATH AND NORTH EAST SOMERSET,E06000022,Bath and North East Somerset UA,2024,400000,509827,100000,4400000,2568,32255,40139,61,12.4
BATH AND NORTH EAST SOMERSET,E06000022,Bath and North East Somerset UA,2025,400000,504925,103250,4834000,2774,32481,43277,73,12.31
BEDFORD,E06000055,Bedford UA,2015,229850,256370,37500,1600000,3120,23362,27300,67,9.84
BEDFORD,E06000055,Bedford,2016,245000,270837,50000,2700000,3175,24998,28392,70,9.8
BEDFORD,E06000055,Bedford,2017,270000,297271,40000,1700000,3085,25539,29404,69,10.57
BEDFORD,E06000055,Bedford,2018,282500,309572,60000,2200000,2884,24173,28943,64,11.69
BEDFORD,E06000055,Bedford,2019,282000,311329,57225,1700000,2806,25640,30810,64,11.0
BEDFORD,E06000055,Bedford UA,2020,290000,321246,57500,1500000,2664,28661,33507,66,10.12
BEDFORD,E06000055,Bedford UA,2021,310000,347662,39500,2250000,3639,26609,31502,74,11.65
BEDFORD,E06000055,Bedford UA,2022,335000,369420,66000,1810000,2891,29196,33830,73,11.47
BEDFORD,E06000055,Bedford UA,2023,330000,368820,60000,2654850,2125,30960,34199,69,10.66
BEDFORD,E06000055,Bedford UA,2024,335000,374300,71750,2500000,2410,33416,39116,69,10.03
BEDFORD,E06000055,Bedford UA,2025,350000,390479,73000,1650000,2531,35987,44065,72,9.73
BEXLEY,E09000004,Bexley,2015,285000,295560,1000,1267000,3838,25789,33120,90,11.05
BEXLEY,E09000004,Bexley,2016,328000,340559,62500,1200000,3378,26754,32841,84,12.26
BEXLEY,E09000004,Bexley,2017,340000,357237,82000,1425000,3209,27323,33281,82,12.44
BEXLEY,E09000004,Bexley,2018,350000,365385,84000,1850000,2994,27561,34243,80,12.7
BEXLEY,E09000004,Bexley,2019,356750,372307,82250,1300000,2918,30708,36455,85,11.62
BEXLEY,E09000004,Bexley,2020,375000,392389,82500,1335000,2749,32767,38874,79,11.44
BEXLEY,E09000004,Bexley,2021,385300,407801,84000,1450000,4078,29274,37921,87,13.16
BEXLEY,E09000004,Bexley,2022,420000,430975,84000,1350000,3246,33319,41121,83,12.61
BEXLEY,E09000004,Bexley,2023,415000,423941,84000,1415111,2414,36074,42513,76,11.5
BEXLEY,E09000004,Bexley,2024,425000,436673,84000,1550000,2716,38478,44118,80,11.05
BEXLEY,E09000004,Bexley,2025,430000,445154,87500,1999998,2912,36883,44762,92,11.66
BIRMINGHAM,E08000025,Birmingham,2015,145000,178076,10100,2673000,12601,20929,24009,289,6.93
BIRMINGHAM,E08000025,Birmingham,2016,153600,185656,2500,2575000,13111,21697,24723,280,7.08
BIRMINGHAM,E08000025,Birmingham,2017,164950,199664,10000,2800000,12833,21924,25335,293,7.52
BIRMINGHAM,E08000025,Birmingham,2018,175000,210430,37440,3275000,13163,22151,26332,277,7.9
BIRMINGHAM,E08000025,Birmingham,2019,180000,213941,40000,4725000,12232,22584,26857,269,7.97
BIRMINGHAM,E08000025,Birmingham,2020,195000,230607,30000,3500000,9784,23876,28468,242,8.17
BIRMINGHAM,E08000025,Birmingham,2021,210000,249123,13000,3700000,13148,24282,28086,266,8.65
BIRMINGHAM,E08000025,Birmingham,2022,225000,260254,11900,2800000,11842,25526,29913,261,8.81
BIRMINGHAM,E08000025,Birmingham,2023,225000,264196,12000,2900000,8962,27055,31301,265,8.32
BIRMINGHAM,E08000025,Birmingham,2024,230000,267935,10000,2050000,9460,28946,33030,263,7.95
BIRMINGHAM,E08000025,Birmingham,2025,239950,274643,10950,2950000,9767,30180,34020,304,7.95
BLABY,E07000129,Blaby,2015,176000,207470,32500,1600000,1833,23762,27903,39,7.41
BLABY,E07000129,Blaby,2016,199125,223400,35000,810000,2006,23401,27119,37,8.51
BLABY,E07000129,Blaby,2017,208000,234976,66000,3200000,2033,25226,28014,34,8.25
BLABY,E07000129,Blaby,2018,220000,245597,62500,1160000,1848,24399,28477,33,9.02
BLABY,E07000129,Blaby,2019,217995,243886,50000,1850000,1701,26448,28488,34,8.24
BLABY,E07000129,Blaby,2020,235000,261732,70000,1250000,1516,29875,32934,33,7.87
BLABY,E07000129,Blaby,2021,255000,282497,60000,1540000,2064,24844,29405,40,10.26
BLABY,E07000129,Blaby,2022,275000,303974,65000,1225000,1569,29977,33380,35,9.17
BLABY,E07000129,Blaby,2023,271475,305137,70000,2375000,1262,28041,31847,36,9.68
BLABY,E07000129,Blaby,2024,274000,303138,64000,2075000,1431,31211,34918,33,8.78
BLABY,E07000129,Blaby,2025,280000,308403,67000,3000000,1504,31950,35148,39,8.76
BLACKBURN WITH DARWEN,E06000008,Blackburn with Darwen UA,2015,103000,121396,18000,1000000,1653,18393,20675,38,5.6
BLACKBURN WITH DARWEN,E06000008,Blackburn with Darwen,2016,105000,124255,10000,750000,1677,19295,21716,40,5.44
BLACKBURN WITH DARWEN,E06000008,Blackburn with Darwen,2017,111000,134431,36000,1000000,1771,18786,22210,38,5.91
BLACKBURN WITH DARWEN,E06000008,Blackburn with Darwen,2018,120000,141237,29000,1170000,1847,19879,22198,42,6.04
BLACKBURN WITH DARWEN,E06000008,Blackburn with Darwen,2019,123000,146831,35000,925000,1905,21260,23714,44,5.79
BLACKBURN WITH DARWEN,E06000008,Blackburn with Darwen UA,2020,130000,156348,650,1000000,1731,21512,23932,42,6.04
BLACKBURN WITH DARWEN,E06000008,Blackburn with Darwen UA,2021,140000,165589,27000,995000,2300,20895,22902,43,6.7
BLACKBURN WITH DARWEN,E06000008,Blackburn with Darwen UA,2022,150000,175245,39500,1250000,2082,23203,24665,42,6.46
BLACKBURN WITH DARWEN,E06000008,Blackburn with Darwen UA,2023,160000,185647,41166,1520000,1840,25226,27733,46,6.34
BLACKBURN WITH DARWEN,E06000008,Blackburn with Darwen UA,2024,166625,187711,42000,925000,2066,26104,28903,47,6.38
BLACKBURN WITH DARWEN,E06000008,Blackburn with Darwen UA,2025,171000,199270,45000,1550000,1974,27502,31055,50,6.22
BLACKPOOL,E06000009,Blackpool UA,2015,103000,109166,15000,670000,1828,16347,20069,40,6.3
BLACKPOOL,E06000009,Blackpool,2016,105000,113844,15000,675000,2051,17630,20280,40,5.96
BLACKPOOL,E06000009,Blackpool,2017,112000,120306,37500,725000,2029,17617,20342,40,6.36
BLACKPOOL,E06000009,Blackpool,2018,110000,122386,32500,640000,2137,18210,21181,42,6.04
BLACKPOOL,E06000009,Blackpool,2019,115000,124767,32000,685000,2058,19486,22142,41,5.9
BLACKPOOL,E06000009,Blackpool UA,2020,119950,128156,37000,630000,1795,19810,22711,38,6.06
BLACKPOOL,E06000009,Blackpool UA,2021,127500,140506,31000,625000,2720,20361,22319,49,6.26
BLACKPOOL,E06000009,Blackpool UA,2022,135000,148381,38000,875000,2604,21859,23585,42,6.18
BLACKPOOL,E06000009,Blackpool UA,2023,133250,145706,32000,585000,1978,23226,25302,47,5.74
BLACKPOOL,E06000009,Blackpool UA,2024,135000,148429,27000,925000,2015,26705,29076,42,5.06
BLACKPOOL,E06000009,Blackpool UA,2025,137500,151063,32000,675000,2071,27979,28814,44,4.91
BLAENAU GWENT,W06000019,Blaenau Gwent / Blaenau Gwent,2015,78000,89097,18000,296000,753,19331,21269,23,4.03
BLAENAU GWENT,W06000019,Blaenau Gwent / Blaenau Gwent,2016,80000,94494,12000,310000,766,,20038,23,
BLAENAU GWENT,W06000019,Blaenau Gwent / Blaenau Gwent,2017,82000,99484,25000,370000,856,21592,22928,22,3.8
BLAENAU GWENT,W06000019,Blaenau Gwent / Blaenau Gwent,2018,84975,100607,22000,330000,936,20690,21564,22,4.11
BLAENAU GWENT,W06000019,Blaenau Gwent / Blaenau Gwent,2019,90000,109119,23000,399950,869,19459,21333,23,4.63
BLAENAU GWENT,W06000019,Blaenau Gwent / Blaenau Gwent,2020,97000,115187,28750,377000,755,,,,
BLAENAU GWENT,W06000019,Blaenau Gwent / Blaenau Gwent,2021,110000,126373,13000,435000,1122,21794,23950,22,5.05
BLAENAU GWENT,W06000019,Blaenau Gwent / Blaenau Gwent,2022,133000,153078,25000,585000,1041,25391,26990,20,5.24
BLAENAU GWENT,W06000019,Blaenau Gwent / Blaenau Gwent,2023,130000,148632,32000,750000,728,27570,28353,24,4.72
BLAENAU GWENT,W06000019,Blaenau Gwent / Blaenau Gwent,2024,135000,154468,32000,600000,690,29122,30066,24,4.64
BLAENAU GWENT,W06000019,Blaenau Gwent / Blaenau Gwent,2025,140000,160756,35000,550000,786,30734,31736,25,4.56
BOLSOVER,E07000033,Bolsover,2015,115000,128779,20000,550000,1214,18635,21157,25,6.17
BOLSOVER,E07000033,Bolsover,2016,121000,138179,25000,750000,1448,21669,23372,24,5.58
BOLSOVER,E07000033,Bolsover,2017,125000,139340,39000,560000,1346,18874,20941,23,6.62
BOLSOVER,E07000033,Bolsover,2018,132000,146869,39950,670000,1341,20898,23373,27,6.32
BOLSOVER,E07000033,Bolsover,2019,135125,151952,39500,780000,1402,21035,23821,26,6.42
BOLSOVER,E07000033,Bolsover,2020,149950,164590,40000,645000,1305,21385,25408,25,7.01
BOLSOVER,E07000033,Bolsover,2021,163997.5,183423,39999,1025000,1774,22683,27669,29,7.23
BOLSOVER,E07000033,Bolsover,2022,178000,193820,25000,750000,1597,,26054,28,
BOLSOVER,E07000033,Bolsover,2023,174950,197437,45000,1650000,1215,24023,26529,31,7.28
BOLSOVER,E07000033,Bolsover,2024,185000,200536,39440,740000,1315,26847,29184,33,6.89
BOLSOVER,E07000033,Bolsover,2025,185000,207160,35000,800000,1326,29674,31819,30,6.23
BOLTON,E08000001,Bolton,2015,120000,142288,15500,1800000,3642,19921,22840,85,6.02
BOLTON,E08000001,Bolton,2016,125000,147007,20000,1310000,4002,20318,23556,80,6.15
BOLTON,E08000001,Bolton,2017,128000,152969,30000,2750000,4028,20631,23863,82,6.2
BOLTON,E08000001,Bolton,2018,135000,159983,2900,2750000,3878,20726,24501,80,6.51
BOLTON,E08000001,Bolton,2019,138000,163453,2115,1200000,3785,22268,26243,78,6.2
BOLTON,E08000001,Bolton,2020,150000,177731,24838,2300000,3518,23336,26536,75,6.43
BOLTON,E08000001,Bolton,2021,165000,199975,31600,2827500,4505,23414,26122,85,7.05
BOLTON,E08000001,Bolton,2022,180000,214524,5000,2425000,4017,25145,29880,78,7.16
BOLTON,E08000001,Bolton,2023,182000,214359,32000,2100000,3062,27040,30286,76,6.73
BOLTON,E08000001,Bolton,2024,200050,231285,30000,2775000,3280,27821,31089,84,7.19
BOLTON,E08000001,Bolton,2025,210000,237796,625,2600000,3497,29409,34110,93,7.14
BOSTON,E07000136,Boston,2015,138000,152057,30000,580000,1005,17778,17990,22,7.76
BOSTON,E07000136,Boston,2016,140000,155034,40000,650000,1028,18232,20105,,7.68
BOSTON,E07000136,Boston,2017,150000,165265,57000,575000,1074,19037,20797,23,7.88
BOSTON,E07000136,Boston,2018,158000,170043,56500,595000,1077,19315,21573,24,8.18
BOSTON,E07000136,Boston,2019,168250,186056,55000,710000,996,19529,20971,23,8.62
BOSTON,E07000136,Boston,2020,169950,185576,54950,610000,786,20221,22175,22,8.4
BOSTON,E07000136,Boston,2021,189950,209760,55000,780000,1373,22681,23861,27,8.37
BOSTON,E07000136,Boston,2022,197000,216789,54250,995000,1104,,25492,,
BOSTON,E07000136,Boston,2023,197500,216877,55000,675000,923,,28111,,
BOSTON,E07000136,Boston,2024,200000,218709,55000,1800000,937,25368,26405,24,7.88
BOSTON,E07000136,Boston,2025,213000,228335,60000,850000,926,27729,30171,24,7.68
BOURNEMOUTH,E06000028,Bournemouth UA,2015,220000,244341,30000,1725000,4039,22489,25221,60,9.78
BOURNEMOUTH,E06000028,Bournemouth,2016,228000,250620,44000,1295000,3993,22418,25238,62,10.17
BOURNEMOUTH,E06000028,Bournemouth,2017,241000,265558,58000,1350000,3592,22588,26835,62,10.67
"BOURNEMOUTH, CHRISTCHURCH AND POOLE",E06000058,"Bournemouth, Christchurch and Poole",2018,227500,278521,62700,1450000,195,22739,27682,135,10.0
"BOURNEMOUTH, CHRISTCHURCH AND POOLE",E06000058,"Bournemouth, Christchurch and Poole",2019,282500,333837,8370,4800000,5724,25128,29594,133,11.24
"BOURNEMOUTH, CHRISTCHURCH AND POOLE",E06000058,"Bournemouth, Christchurch and Poole UA",2020,295250,361449,44000,6850000,6258,24987,29882,132,11.82
"BOURNEMOUTH, CHRISTCHURCH AND POOLE",E06000058,"Bournemouth, Christchurch and Poole UA",2021,315000,386762,55000,8000000,9214,24321,28790,141,12.95
"BOURNEMOUTH, CHRISTCHURCH AND POOLE",E06000058,"Bournemouth, Christchurch and Poole UA",2022,337000,413980,54000,6850000,7070,26717,31972,131,12.61
"BOURNEMOUTH, CHRISTCHURCH AND POOLE",E06000058,"Bournemouth, Christchurch and Poole UA",2023,330000,405622,53700,13500000,5418,28418,32901,128,11.61
"BOURNEMOUTH, CHRISTCHURCH AND POOLE",E06000058,"Bournemouth, Christchurch and Poole UA",2024,333000,402582,61000,9300000,5699,30213,33673,130,11.02
"BOURNEMOUTH, CHRISTCHURCH AND POOLE",E06000058,"Bournemouth, Christchurch and Poole UA",2025,337500,396983,62000,5030000,5761,31848,36636,146,10.6
BRACKNELL FOREST,E06000036,Bracknell Forest UA,2015,290500,342871,80000,2750000,2168,26895,31711,48,10.8
BRACKNELL FOREST,E06000036,Bracknell Forest,2016,330000,380001,95000,3425000,2061,27067,32951,48,12.19
BRACKNELL FOREST,E06000036,Bracknell Forest,2017,330000,381338,103500,3400000,1877,27610,33323,51,11.95
BRACKNELL FOREST,E06000036,Bracknell Forest,2018,340000,385758,81900,2700000,1942,27050,32838,49,12.57
BRACKNELL FOREST,E06000036,Bracknell Forest,2019,350000,403204,101250,3400000,2311,29393,35914,47,11.91
BRACKNELL FOREST,E06000036,Bracknell Forest UA,2020,375000,418465,85000,2850000,2008,28377,34980,59,13.21
BRACKNELL FOREST,E06000036,Bracknell Forest UA,2021,385000,438974,90000,8000000,2756,31911,36547,56,12.06
BRACKNELL FOREST,E06000036,Bracknell Forest UA,2022,415000,474808,101250,10000000,2100,33405,37400,42,12.42
BRACKNELL FOREST,E06000036,Bracknell Forest UA,2023,395000,452384,102500,5200000,1840,33308,43638,55,11.86
BRACKNELL FOREST,E06000036,Bracknell Forest UA,2024,403000,453064,102000,4600000,1841,36051,41985,56,11.18
BRACKNELL FOREST,E06000036,Bracknell Forest UA,2025,425000,484211,101250,27300000,1818,36067,42373,53,11.78
BRADFORD,E08000032,Bradford,2015,126000,156693,16000,2500000,6906,19944,23509,158,6.32
BRADFORD,E08000032,Bradford,2016,130000,160796,14100,2200000,7033,20320,24412,154,6.4
BRADFORD,E08000032,Bradford,2017,132000,165683,25000,2000000,7517,20542,24123,152,6.43
BRADFORD,E08000032,Bradford,2018,136000,168050,10000,1797000,7363,21084,25263,159,6.45
BRADFORD,E08000032,Bradford,2019,139950,171932,26000,1750000,7394,21946,26130,163,6.38
BRADFORD,E08000032,Bradford,2020,148000,182747,31750,1885000,6183,24016,28865,151,6.16
BRADFORD,E08000032,Bradford,2021,155000,194778,32000,4600000,8677,23687,27396,172,6.54
BRADFORD,E08000032,Bradford,2022,163000,202091,10000,3750000,7483,25212,29741,148,6.47
BRADFORD,E08000032,Bradford,2023,165000,209558,10500,4875000,5867,26095,31729,152,6.32
BRADFORD,E08000032,Bradford,2024,175000,214467,10000,3150000,6442,27514,32302,170,6.36
BRADFORD,E08000032,Bradford,2025,187500,227903,13500,3120000,6757,28424,33267,165,6.6
BRAINTREE,E07000067,Braintree,2015,230000,261413,35000,2350000,2881,,27727,55,
BRAINTREE,E07000067,Braintree,2016,255000,281737,42000,1600000,2750,26207,28858,54,9.73
BRAINTREE,E07000067,Braintree,2017,266000,301184,70000,1250000,2408,25925,29535,54,10.26
BRAINTREE,E07000067,Braintree,2018,280000,315130,75000,1595800,2407,27414,32889,54,10.21
BRAINTREE,E07000067,Braintree,2019,290000,316062,70000,1600000,2507,27106,32644,52,10.7
BRAINTREE,E07000067,Braintree,2020,300000,338972,70000,2250000,2373,25902,34912,56,11.58
BRAINTREE,E07000067,Braintree,2021,320525,358402,70000,2050000,3626,26586,30854,58,12.06
BRAINTREE,E07000067,Braintree,2022,345000,385203,72000,2250000,2955,29836,34630,52,11.56
BRAINTREE,E07000067,Braintree,2023,350000,386906,70000,2585000,2221,31129,36560,50,11.24
BRAINTREE,E07000067,Braintree,2024,345000,376734,75000,3100000,2373,35932,39555,58,9.6
BRAINTREE,E07000067,Braintree,2025,348000,383776,72000,2425000,2477,34546,37489,60,10.07
BRECKLAND,E07000143,Breckland,2015,182500,209372,20000,1347500,2655,17838,21544,41,10.23
BRECKLAND,E07000143,Breckland,2016,199950,223421,45000,1100000,2633,19128,21917,44,10.45
BRECKLAND,E07000143,Breckland,2017,214000,238674,62000,1250000,2516,19162,21753,42,11.17
BRECKLAND,E07000143,Breckland,2018,220035,245310,65000,1335000,2384,21787,23143,40,10.1
BRECKLAND,E07000143,Breckland,2019,219995,245109,66000,1225000,2302,22512,23641,43,9.77
BRECKLAND,E07000143,Breckland,2020,235000,268984,62000,2000000,2101,22877,25288,45,10.27
BRECKLAND,E07000143,Breckland,2021,255000,293595,65000,1800000,3232,24150,25744,49,10.56
BRECKLAND,E07000143,Breckland,2022,275750,314890,75000,2600000,2622,24659,26483,47,11.18
BRECKLAND,E07000143,Breckland,2023,275000,308523,65000,2200000,2151,26668,28168,45,10.31
BRECKLAND,E07000143,Breckland,2024,272000,305355,66000,2000000,2241,28795,31247,49,9.45
BRECKLAND,E07000143,Breckland,2025,271375,307006,70000,1395000,2254,28930,30532,54,9.38
BRENT,E09000005,Brent,2015,415000,506465,72000,5499000,2922,24710,30243,98,16.79
BRENT,E09000005,Brent,2016,445000,517861,85000,3550000,2875,24604,30265,98,18.09
BRENT,E09000005,Brent,2017,496250,575394,22000,4900000,2088,24645,30429,93,20.14
BRENT,E09000005,Brent,2018,495000,583156,35000,3900000,1848,25017,30990,95,19.79
BRENT,E09000005,Brent,2019,486000,583259,80000,4530000,1635,26325,33721,96,18.46
BRENT,E09000005,Brent,2020,500000,608287,82500,6050000,1654,28196,33451,89,17.73
BRENT,E09000005,Brent,2021,520000,611615,40000,3999950,2447,28367,33338,102,18.33
BRENT,E09000005,Brent,2022,543000,655228,90000,5250000,2418,30720,38713,92,17.68
BRENT,E09000005,Brent,2023,545000,655138,90000,4350001,1661,32259,42492,98,16.89
BRENT,E09000005,Brent,2024,560000,695003,90000,5000000,1761,33388,45203,98,16.77
BRENT,E09000005,Brent,2025,550000,656137,90000,5100000,2057,34871,43550,111,15.77
BRENTWOOD,E07000068,Brentwood,2015,340000,406762,63700,2725000,1493,31641,43748,26,10.75
BRENTWOOD,E07000068,Brentwood,2016,400000,480177,44000,3675000,1278,31796,40433,25,12.58
BRENTWOOD,E07000068,Brentwood,2017,415000,491157,80000,2850000,1298,32852,40949,24,12.63
BRENTWOOD,E07000068,Brentwood,2018,425000,506506,84000,3900000,1296,,40998,27,
BRENTWOOD,E07000068,Brentwood,2019,415000,493870,80000,3500000,1188,32391,43082,24,12.81
BRENTWOOD,E07000068,Brentwood,2020,467500,559179,80000,4700000,1089,,48430,26,
BRENTWOOD,E07000068,Brentwood,2021,470000,572302,79750,4200000,1719,27310,,22,17.21
BRENTWOOD,E07000068,Brentwood,2022,465000,550591,81250,3800000,1571,34615,57270,26,13.43
BRENTWOOD,E07000068,Brentwood,2023,475000,581279,79500,6850000,1100,41395,65748,25,11.47
BRENTWOOD,E07000068,Brentwood,2024,495000,597788,90000,4900000,1197,43479,68846,28,11.38
BRENTWOOD,E07000068,Brentwood,2025,500000,614856,84000,4850000,1344,39864,57200,28,12.54
BRIDGEND,W06000013,Bridgend / Pen-y-bont ar Ogwr,2015,137500,151985,12000,1750000,2320,20063,22829,51,6.85
BRIDGEND,W06000013,Bridgend / Pen-y-bont ar Ogwr,2016,145000,158197,22000,730000,2211,21861,24950,47,6.63
BRIDGEND,W06000013,Bridgend / Pen-y-bont ar Ogwr,2017,149995,164793,8413,925000,2358,21889,25052,47,6.85
BRIDGEND,W06000013,Bridgend / Pen-y-bont ar Ogwr,2018,152000,166715,12000,798000,2499,23091,25969,44,6.58
BRIDGEND,W06000013,Bridgend / Pen-y-bont ar Ogwr,2019,159000,174627,33000,900000,2383,23497,26523,42,6.77
BRIDGEND,W06000013,Bridgend / Pen-y-bont ar Ogwr,2020,169000,186533,35000,1100000,1855,24913,29078,49,6.78
BRIDGEND,W06000013,Bridgend / Pen-y-bont ar Ogwr,2021,180000,206517,37000,1400000,2572,23836,26204,52,7.55
BRIDGEND,W06000013,Bridgend / Pen-y-bont ar Ogwr,2022,199995,223785,35000,1300000,2327,26883,30421,49,7.44
BRIDGEND,W06000013,Bridgend / Pen-y-bont ar Ogwr,2023,195000,224765,40000,1000000,1819,27551,31118,55,7.08
BRIDGEND,W06000013,Bridgend / Pen-y-bont ar Ogwr,2024,210000,232107,45000,910000,1940,30528,33572,53,6.88
BRIDGEND,W06000013,Bridgend / Pen-y-bont ar Ogwr,2025,215000,237906,52500,950000,2026,31475,34754,58,6.83
BRIGHTON AND HOVE,E06000043,Brighton and Hove UA,2015,300000,352440,21500,2500000,5235,23001,28121,92,13.04
BRIGHTON AND HOVE,E06000043,Brighton and Hove,2016,325000,383261,50000,3400000,4783,23957,30180,91,13.57
BRIGHTON AND HOVE,E06000043,Brighton and Hove,2017,350000,409153,67500,3000000,4359,24187,29867,101,14.47
BRIGHTON AND HOVE,E06000043,Brighton and Hove,2018,350000,405581,70000,3150000,3820,24448,31235,103,14.32
BRIGHTON AND HOVE,E06000043,Brighton and Hove,2019,352525,414079,68750,2800000,3678,25791,30923,103,13.67
BRIGHTON AND HOVE,E06000043,Brighton and Hove UA,2020,380000,438762,71250,2400000,3409,27639,31427,104,13.75
BRIGHTON AND HOVE,E06000043,Brighton and Hove UA,2021,400000,467145,70000,3500000,5475,26289,30663,128,15.22
BRIGHTON AND HOVE,E06000043,Brighton and Hove UA,2022,422500,502940,71250,4550000,4439,27126,32568,95,15.58
BRIGHTON AND HOVE,E06000043,Brighton and Hove UA,2023,415000,500590,68000,7500000,3223,28595,33828,104,14.51
BRIGHTON AND HOVE,E06000043,Brighton and Hove UA,2024,410000,493300,72500,2900000,3718,33226,38278,122,12.34
BRIGHTON AND HOVE,E06000043,Brighton and Hove UA,2025,412500,496215,103750,3800000,3794,33506,40737,106,12.31
BROADLAND,E07000144,Broadland,2015,215000,235971,10000,1430000,2301,19727,23491,46,10.9
BROADLAND,E07000144,Broadland,2016,225000,250676,80000,1200000,2489,20401,24917,42,11.03
BROADLAND,E07000144,Broadland,2017,240000,265987,55000,1575000,2442,21710,24046,42,11.05
BROADLAND,E07000144,Broadland,2018,250000,274694,52500,1550000,2339,23593,26363,43,10.6
BROADLAND,E07000144,Broadland,2019,253000,278037,40000,1225000,2405,22803,25870,47,11.1
BROADLAND,E07000144,Broadland,2020,265000,292647,70000,1250000,2159,,26582,43,
BROADLAND,E07000144,Broadland,2021,280000,315326,78000,1600000,3001,24778,27053,54,11.3
BROADLAND,E07000144,Broadland,2022,315000,343494,79000,1850000,2631,27243,31700,40,11.56
BROADLAND,E07000144,Broadland,2023,305000,337785,46000,1500000,2073,30093,33124,51,10.14
BROADLAND,E07000144,Broadland,2024,300000,330495,20000,1500000,2237,30373,33812,53,9.88
BROADLAND,E07000144,Broadland,2025,307650,335656,77500,2750000,2421,30920,36368,58,9.95
BROMLEY,E09000006,Bromley,2015,375000,441385,60000,4150000,5977,31413,41455,104,11.94
BROMLEY,E09000006,Bromley,2016,420000,478084,65000,4250000,5264,31513,41413,115,13.33
BROMLEY,E09000006,Bromley,2017,438000,500811,82500,4000000,4744,32827,43008,118,13.34
BROMLEY,E09000006,Bromley,2018,438000,496947,79500,5150000,4624,33794,42970,119,12.96
BROMLEY,E09000006,Bromley,2019,440000,498590,80000,3200000,4633,33546,43848,116,13.12
BROMLEY,E09000006,Bromley,2020,470000,527898,1,3500000,4338,35654,47484,111,13.18
BROMLEY,E09000006,Bromley,2021,490000,559208,84000,6400000,6173,34020,44697,120,14.4
BROMLEY,E09000006,Bromley,2022,507500,587582,80000,15375000,5009,37739,48950,105,13.45
BROMLEY,E09000006,Bromley,2023,502500,580086,80000,10000000,3585,38674,51387,105,12.99
BROMLEY,E09000006,Bromley,2024,500000,580537,80000,6480000,4294,40514,50612,115,12.34
BROMLEY,E09000006,Bromley,2025,525000,597185,80000,5100000,4410,43981,58925,118,11.94
BROMSGROVE,E07000234,Bromsgrove,2015,245000,277726,58000,1800000,1720,23970,30542,37,10.22
BROMSGROVE,E07000234,Bromsgrove,2016,258000,294287,59000,1675000,1831,24280,30477,36,10.63
BROMSGROVE,E07000234,Bromsgrove,2017,268000,309232,68750,1600000,1799,26170,30430,34,10.24
BROMSGROVE,E07000234,Bromsgrove,2018,285000,325677,64500,2800000,1754,25320,32175,37,11.26
BROMSGROVE,E07000234,Bromsgrove,2019,285000,326582,68000,1900000,1589,27103,33549,36,10.52
BROMSGROVE,E07000234,Bromsgrove,2020,300000,343635,66500,2500000,1436,26692,32894,33,11.24
BROMSGROVE,E07000234,Bromsgrove,2021,320000,363337,64000,2700000,1872,29424,34308,36,10.88
BROMSGROVE,E07000234,Bromsgrove,2022,337000,382453,65000,2000000,1508,28688,35178,39,11.75
BROMSGROVE,E07000234,Bromsgrove,2023,340000,381038,70000,2000000,1207,32528,37980,40,10.45
BROMSGROVE,E07000234,Bromsgrove,2024,335000,379058,65000,2500000,1381,34053,40423,37,9.84
BROMSGROVE,E07000234,Bromsgrove,2025,345000,389413,65000,2000000,1431,36409,44103,42,9.48
BROXBOURNE,E07000095,Broxbourne,2015,290000,318403,47250,1650000,1574,27099,31701,35,10.7
BROXBOURNE,E07000095,Broxbourne,2016,325000,356376,78000,1712500,1508,27989,33723,34,11.61
BROXBOURNE,E07000095,Broxbourne,2017,340000,374275,84000,1799950,1514,27723,33493,34,12.26
BROXBOURNE,E07000095,Broxbourne,2018,350000,384782,88000,1569500,1405,28005,35279,35,12.5
BROXBOURNE,E07000095,Broxbourne,2019,356000,390369,90500,2200000,1208,28710,34228,33,12.4
BROXBOURNE,E07000095,Broxbourne,2020,375000,416078,88000,3000000,1190,29918,34065,31,12.53
BROXBOURNE,E07000095,Broxbourne,2021,395000,432494,86000,2500000,1848,27194,31389,37,14.53
BROXBOURNE,E07000095,Broxbourne,2022,435000,475102,83532,2485000,1442,33400,39683,32,13.02
BROXBOURNE,E07000095,Broxbourne,2023,430000,463959,88000,3450000,1214,32094,41285,33,13.4
BROXBOURNE,E07000095,Broxbourne,2024,425000,454872,83000,2875000,1275,34084,41375,30,12.47
BROXBOURNE,E07000095,Broxbourne,2025,437000,461163,83000,2800000,1387,37283,47463,33,11.72
BROXTOWE,E07000172,Broxtowe,2015,149000,173234,28500,1110000,1798,24810,29947,41,6.01
BROXTOWE,E07000172,Broxtowe,2016,160000,181360,28000,1350000,1957,25839,31341,44,6.19
BROXTOWE,E07000172,Broxtowe,2017,165000,189645,60000,1300000,1880,25654,31707,42,6.43
BROXTOWE,E07000172,Broxtowe,2018,177000,198118,52500,1275000,1987,25865,32044,46,6.84
BROXTOWE,E07000172,Broxtowe,2019,186000,208969,55000,1000000,1697,25272,32011,46,7.36
BROXTOWE,E07000172,Broxtowe,2020,201000,229918,52000,860000,1475,26527,33987,44,7.58
BROXTOWE,E07000172,Broxtowe,2021,220000,249224,52500,1300000,2108,26023,32463,41,8.45
BROXTOWE,E07000172,Broxtowe,2022,240000,268783,62500,1600000,1779,28079,32676,43,8.55
BROXTOWE,E07000172,Broxtowe,2023,247725,271943,50250,1600000,1470,29048,33961,39,8.53
BROXTOWE,E07000172,Broxtowe,2024,251000,279902,60000,2100000,1608,31841,37259,45,7.88
BROXTOWE,E07000172,Broxtowe,2025,252000,282260,65000,1550000,1675,30966,35785,43,8.14
BUCKINGHAMSHIRE,E10000002,Buckinghamshire,2015,410000,544130,143000,1825000,31,25500,35576,184,16.08
BUCKINGHAMSHIRE,E10000002,Buckinghamshire,2016,285750,353725,155950,1500000,38,26000,36503,183,10.99
BUCKINGHAMSHIRE,E10000002,Buckinghamshire,2017,430100,605087,150000,2150000,23,26995,38784,178,15.93
BUCKINGHAMSHIRE,E10000002,Buckinghamshire,2018,423250,468258,145000,1050000,50,28090,37779,194,15.07
BUCKINGHAMSHIRE,E06000060,Buckinghamshire,2019,402475,487340,91000,1950000,372,29302,40716,194,13.74
BUCKINGHAMSHIRE,E06000060,Buckinghamshire UA,2020,415000,514025,80000,8250000,6634,30079,39956,205,13.8
BUCKINGHAMSHIRE,E06000060,Buckinghamshire UA,2021,430000,542524,80000,10000000,11574,29170,38151,204,14.74
BUCKINGHAMSHIRE,E06000060,Buckinghamshire UA,2022,450000,572973,80000,6250000,9009,31199,46996,170,14.42
BUCKINGHAMSHIRE,E06000060,Buckinghamshire UA,2023,450000,562712,80000,8000000,6485,32929,46785,189,13.67
BUCKINGHAMSHIRE,E06000060,Buckinghamshire UA,2024,450000,566451,83250,10950000,7309,35471,48342,202,12.69
BUCKINGHAMSHIRE,E06000060,Buckinghamshire UA,2025,460830,569479,51250,7500000,7939,35937,47678,204,12.82
BURNLEY,E07000117,Burnley,2015,78750,94949,10000,620000,1318,20254,23806,26,3.89
BURNLEY,E07000117,Burnley,2016,86000,99074,10000,425000,1470,20798,24536,28,4.14
BURNLEY,E07000117,Burnley,2017,91995,104329,15000,500000,1589,20467,24424,26,4.49
BURNLEY,E07000117,Burnley,2018,90000,106338,10000,530000,1538,20801,23695,31,4.33
BURNLEY,E07000117,Burnley,2019,94000,110697,15000,564000,1425,22175,26626,32,4.24
BURNLEY,E07000117,Burnley,2020,104950,123200,16000,848000,1231,22605,27088,25,4.64
BURNLEY,E07000117,Burnley,2021,119995,136105,650,650000,1812,23864,26957,26,5.03
BURNLEY,E07000117,Burnley,2022,130000,149471,15000,825000,1716,24429,27968,30,5.32
BURNLEY,E07000117,Burnley,2023,116000,142656,22000,975000,1341,,29999,26,
BURNLEY,E07000117,Burnley,2024,130000,153690,15000,840000,1483,29740,32212,26,4.37
BURNLEY,E07000117,Burnley,2025,135000,156103,15000,850000,1371,29680,32759,29,4.55
BURY,E08000002,Bury,2015,146995,165266,11000,1500000,2912,24154,26754,69,6.09
BURY,E08000002,Bury,2016,150995,172321,13000,1200000,3128,23872,26519,64,6.33
BURY,E08000002,Bury,2017,159000,182358,33250,1600000,3013,23768,26921,65,6.69
BURY,E08000002,Bury,2018,167725,192686,32000,1950000,2898,25433,27123,65,6.59
BURY,E08000002,Bury,2019,175000,199797,700,1300000,2725,26215,28260,66,6.68
BURY,E08000002,Bury,2020,190000,214152,13000,2300000,2233,26839,29301,60,7.08
BURY,E08000002,Bury,2021,215000,241441,2000,1300000,3234,27332,29183,61,7.87
BURY,E08000002,Bury,2022,229000,253650,30000,2500000,2765,27686,31444,61,8.27
BURY,E08000002,Bury,2023,225000,249754,1800,1340000,2125,29960,32265,63,7.51
BURY,E08000002,Bury,2024,240000,267092,33750,1500000,2380,31592,35220,60,7.6
BURY,E08000002,Bury,2025,255000,277534,44000,1600000,2439,31687,36576,64,8.05
CAERPHILLY,W06000018,Caerphilly / Caerffili,2015,119000,130042,4700,775000,2128,21066,22553,63,5.65
CAERPHILLY,W06000018,Caerphilly / Caerffili,2016,120000,132835,21700,950000,2270,20816,23514,63,5.76
CAERPHILLY,W06000018,Caerphilly / Caerffili,2017,125000,140497,30000,750000,2620,21665,23012,55,5.77
CAERPHILLY,W06000018,Caerphilly / Caerffili,2018,129950,145141,35000,975000,2309,22580,24514,57,5.76
CAERPHILLY,W06000018,Caerphilly / Caerffili,2019,137500,152898,35000,1200000,2436,22497,24668,61,6.11
CAERPHILLY,W06000018,Caerphilly / Caerffili,2020,145000,162679,35000,830000,1856,23303,25323,67,6.22
CAERPHILLY,W06000018,Caerphilly / Caerffili,2021,160000,180751,39500,1995000,2834,24782,26584,65,6.46
CAERPHILLY,W06000018,Caerphilly / Caerffili,2022,175000,196718,35000,900000,2478,25737,28683,64,6.8
CAERPHILLY,W06000018,Caerphilly / Caerffili,2023,175000,198242,39999,1340000,1858,27723,29441,65,6.31
CAERPHILLY,W06000018,Caerphilly / Caerffili,2024,185000,206846,39999,825000,2163,28449,30230,66,6.5
CAERPHILLY,W06000018,Caerphilly / Caerffili,2025,192500,213475,39500,790000,2186,30854,33725,70,6.24
CALDERDALE,E08000033,Calderdale,2015,130000,155076,15000,735000,3199,20634,23879,70,6.3
CALDERDALE,E08000033,Calderdale,2016,135000,161770,25000,1000000,3192,22727,25150,68,5.94
CALDERDALE,E08000033,Calderdale,2017,135000,162078,32500,930000,3279,21726,24952,66,6.21
CALDERDALE,E08000033,Calderdale,2018,143000,168862,22250,850000,3436,22377,25656,71,6.39
CALDERDALE,E08000033,Calderdale,2019,147500,175615,30000,1550000,3148,23277,26468,67,6.34
CALDERDALE,E08000033,Calderdale,2020,152750,182629,33000,1150000,2670,24943,27673,71,6.12
CALDERDALE,E08000033,Calderdale,2021,165000,200281,35000,1200000,4055,23567,27049,77,7.0
CALDERDALE,E08000033,Calderdale,2022,171000,206392,35000,1250000,3252,26163,29798,72,6.54
CALDERDALE,E08000033,Calderdale,2023,172500,208376,35000,1500000,2720,26449,30976,67,6.52
CALDERDALE,E08000033,Calderdale,2024,180000,212875,35000,1200000,2845,30125,34791,76,5.98
CALDERDALE,E08000033,Calderdale,2025,195000,232403,35000,2150000,3137,31708,35761,78,6.15
CAMBRIDGE,E07000008,Cambridge,2015,405000,486635,48750,3000000,1658,26075,31419,41,15.53
CAMBRIDGE,E07000008,Cambridge,2016,420000,488936,62500,2800000,1640,27157,31799,46,15.47
CAMBRIDGE,E07000008,Cambridge,2017,435000,524059,93000,2525000,1644,28821,34712,45,15.09
CAMBRIDGE,E07000008,Cambridge,2018,425000,528144,94500,5600000,1373,29529,36066,43,14.39
CAMBRIDGE,E07000008,Cambridge,2019,435000,516546,94000,3000000,1390,28525,33267,47,15.25
CAMBRIDGE,E07000008,Cambridge,2020,444495,520050,95000,3500000,1222,31657,35900,51,14.04
CAMBRIDGE,E07000008,Cambridge,2021,455000,553349,70500,5500000,1721,31154,38782,46,14.6
CAMBRIDGE,E07000008,Cambridge,2022,470400,561765,95000,3277700,1663,33919,39648,47,13.87
CAMBRIDGE,E07000008,Cambridge,2023,484950,585639,96100,5500000,1375,34850,42549,54,13.92
CAMBRIDGE,E07000008,Cambridge,2024,495000,597628,103250,4500000,1234,38445,48287,47,12.88
CAMBRIDGE,E07000008,Cambridge,2025,495000,594619,76000,5000000,1336,38711,51653,56,12.79
CAMDEN,E09000007,Camden,2015,701800,1037001,80000,22500000,2472,33429,46179,59,20.99
CAMDEN,E09000007,Camden,2016,730000,1059498,100000,24850000,2160,33082,44200,60,22.07
CAMDEN,E09000007,Camden,2017,760000,1093034,118835,17500000,2163,32685,50714,63,23.25
CAMDEN,E09000007,Camden,2018,780000,1111894,176000,12330000,1805,34492,59681,60,22.61
CAMDEN,E09000007,Camden,2019,783113,1157666,183333,38500000,1619,35247,55701,59,22.22
CAMDEN,E09000007,Camden,2020,810000,1144773,160000,14662000,1749,34466,51654,56,23.5
CAMDEN,E09000007,Camden,2021,790000,1176398,133750,25900000,2441,35102,45539,62,22.51
CAMDEN,E09000007,Camden,2022,800000,1226400,175000,22000000,2123,36105,49760,52,22.16
CAMDEN,E09000007,Camden,2023,800000,1209816,178000,26000000,1917,39998,54344,49,20.0
CAMDEN,E09000007,Camden,2024,800000,1168671,189000,22500000,2188,41410,63103,67,19.32
CAMDEN,E09000007,Camden,2025,780000,1226028,175000,53000000,1944,44088,71777,67,17.69
CANNOCK CHASE,E07000192,Cannock Chase,2015,138000,156765,25000,760000,1412,21723,23171,37,6.35
CANNOCK CHASE,E07000192,Cannock Chase,2016,149000,167230,44750,800000,1682,22829,25250,32,6.53
CANNOCK CHASE,E07000192,Cannock Chase,2017,161750,177569,5300,750000,1842,23890,26197,35,6.77
CANNOCK CHASE,E07000192,Cannock Chase,2018,165000,184396,57000,899950,1592,23860,25444,38,6.92
CANNOCK CHASE,E07000192,Cannock Chase,2019,172500,189319,53500,1170000,1695,23414,25053,38,7.37
CANNOCK CHASE,E07000192,Cannock Chase,2020,190000,208690,52000,875000,1475,23872,25383,35,7.96
CANNOCK CHASE,E07000192,Cannock Chase,2021,199975,219679,10270,1100000,1964,25917,27072,39,7.72
CANNOCK CHASE,E07000192,Cannock Chase,2022,219950,235281,1,885000,1673,24081,26591,38,9.13
CANNOCK CHASE,E07000192,Cannock Chase,2023,220000,240028,10966,1250000,1184,25904,27696,35,8.49
CANNOCK CHASE,E07000192,Cannock Chase,2024,220000,235000,60000,985000,1299,28180,29998,34,7.81
CANNOCK CHASE,E07000192,Cannock Chase,2025,230000,249442,64000,1850000,1495,30178,33725,37,7.62
CANTERBURY,E07000106,Canterbury,2015,245000,274867,15000,1450000,2818,23880,30208,49,10.26
CANTERBURY,E07000106,Canterbury,2016,270000,302488,40500,1730000,2598,22922,28675,50,11.78
CANTERBURY,E07000106,Canterbury,2017,289250,318480,51600,1450000,2379,22851,28772,55,12.66
CANTERBURY,E07000106,Canterbury,2018,299995,335549,65500,1320000,2301,22568,28993,50,13.29
CANTERBURY,E07000106,Canterbury,2019,302500,345393,65000,1775000,2285,25040,31502,46,12.08
CANTERBURY,E07000106,Canterbury,2020,325000,360706,73000,2300000,2097,25335,31141,55,12.83
CANTERBURY,E07000106,Canterbury,2021,340000,380796,65000,2100000,3170,24727,30970,54,13.75
CANTERBURY,E07000106,Canterbury,2022,360000,400719,65000,2250000,2541,26542,33909,49,13.56
CANTERBURY,E07000106,Canterbury,2023,351498,396238,62000,2820000,1934,26225,32435,47,13.4
CANTERBURY,E07000106,Canterbury,2024,350000,389781,55500,3125000,2134,29518,34185,49,11.86
CANTERBURY,E07000106,Canterbury,2025,345000,386454,65000,2550000,2206,30188,36528,52,11.43
CARDIFF,W06000015,Cardiff / Caerdydd,2015,172000,202790,27500,1999999,5413,22000,26535,113,7.82
CARDIFF,W06000015,Cardiff / Caerdydd,2016,180000,213654,10000,1480000,5533,22784,27515,112,7.9
CARDIFF,W06000015,Cardiff / Caerdydd,2017,185000,221714,45000,2000000,5472,23245,27780,110,7.96
CARDIFF,W06000015,Cardiff / Caerdydd,2018,200000,233705,500,2000000,5618,23414,28702,114,8.54
CARDIFF,W06000015,Cardiff / Caerdydd,2019,208000,238331,4000,960000,5447,24918,28660,115,8.35
CARDIFF,W06000015,Cardiff / Caerdydd,2020,220995,252184,48000,1500000,3987,25028,27110,115,8.83
CARDIFF,W06000015,Cardiff / Caerdydd,2021,247000,279799,21670,1775000,5735,24657,27605,126,10.02
CARDIFF,W06000015,Cardiff / Caerdydd,2022,258997.5,294554,46000,1675000,5490,27646,30288,113,9.37
CARDIFF,W06000015,Cardiff / Caerdydd,2023,256000,298765,45000,2000000,4196,29998,33850,119,8.53
CARDIFF,W06000015,Cardiff / Caerdydd,2024,265000,302508,35000,1850000,4484,31540,34531,130,8.4
CARDIFF,W06000015,Cardiff / Caerdydd,2025,270000,317179,30000,20000000,4554,32756,36723,143,8.24
CARLISLE,E07000028,Carlisle,2015,130000,150991,26250,760000,1895,19534,22154,41,6.66
CARLISLE,E07000028,Carlisle,2016,132500,154768,30000,685000,1901,19141,21512,42,6.92
CARLISLE,E07000028,Carlisle,2017,139500,157154,40000,700000,2083,19657,21925,38,7.1
CARLISLE,E07000028,Carlisle,2018,140000,163345,33000,1688295,2076,21509,23809,41,6.51
CARLISLE,E07000028,Carlisle,2019,145000,164273,40000,885000,1936,20969,24501,46,6.91
CARLISLE,E07000028,Carlisle,2020,153000,174970,40000,745000,1820,24924,27657,42,6.14
CARLISLE,E07000028,Carlisle,2021,157000,181481,40000,870000,2498,21381,24008,37,7.34
CARMARTHENSHIRE,W06000010,Carmarthenshire / Sir Gaerfyrddin,2015,130000,147768,27000,590000,2489,19579,24278,60,6.64
CARMARTHENSHIRE,W06000010,Carmarthenshire / Sir Gaerfyrddin,2016,135000,149264,22000,750000,2799,20255,24303,59,6.67
CARMARTHENSHIRE,W06000010,Carmarthenshire / Sir Gaerfyrddin,2017,135000,153150,15000,1800000,2963,20559,25074,61,6.57
CARMARTHENSHIRE,W06000010,Carmarthenshire / Sir Gaerfyrddin,2018,137750,157589,30000,865000,2900,21029,24919,54,6.55
CARMARTHENSHIRE,W06000010,Carmarthenshire / Sir Gaerfyrddin,2019,145000,164176,9000,670000,2769,22543,26406,61,6.43
CARMARTHENSHIRE,W06000010,Carmarthenshire / Sir Gaerfyrddin,2020,153355,174562,30000,840000,2322,23938,27646,61,6.41
CARMARTHENSHIRE,W06000010,Carmarthenshire / Sir Gaerfyrddin,2021,170000,201635,30000,1125000,3399,24454,27758,70,6.95
CARMARTHENSHIRE,W06000010,Carmarthenshire / Sir Gaerfyrddin,2022,180000,220149,30000,1750000,2769,26840,29451,60,6.71
CARMARTHENSHIRE,W06000010,Carmarthenshire / Sir Gaerfyrddin,2023,178990,212068,32500,1200000,2136,27399,30556,63,6.53
CARMARTHENSHIRE,W06000010,Carmarthenshire / Sir Gaerfyrddin,2024,187500,220663,35000,1200000,2148,28903,31949,68,6.49
CARMARTHENSHIRE,W06000010,Carmarthenshire / Sir Gaerfyrddin,2025,200000,228514,30000,1250000,2372,30774,35003,68,6.5
CASTLE POINT,E07000069,Castle Point,2015,248000,265365,45000,1100000,1599,,26526,30,
CASTLE POINT,E07000069,Castle Point,2016,270000,289245,100000,1350000,1519,21114,26595,27,12.79
CASTLE POINT,E07000069,Castle Point,2017,294500,322214,112000,1270000,1438,,29790,29,
CASTLE POINT,E07000069,Castle Point,2018,300000,321579,125000,2050000,1315,24853,31942,29,12.07
CASTLE POINT,E07000069,Castle Point,2019,300000,320615,112000,1500000,1365,,32402,26,
CASTLE POINT,E07000069,Castle Point,2020,315000,339917,118000,1200000,1271,26288,33294,26,11.98
CASTLE POINT,E07000069,Castle Point,2021,335000,363651,110000,1425000,1860,,32306,29,
CASTLE POINT,E07000069,Castle Point,2022,365000,391996,1,1600000,1337,27949,35724,26,13.06
CASTLE POINT,E07000069,Castle Point,2023,360000,382064,110000,1840000,1078,30665,39098,27,11.74
CASTLE POINT,E07000069,Castle Point,2024,355500,377542,120000,1250000,1237,34910,38442,27,10.18
CASTLE POINT,E07000069,Castle Point,2025,370000,394253,110000,2300000,1355,35975,42637,27,10.28
CENTRAL BEDFORDSHIRE,E06000056,Central Bedfordshire UA,2015,246000,271966,32500,1995000,5938,25971,31440,107,9.47
CENTRAL BEDFORDSHIRE,E06000056,Central Bedfordshire,2016,272000,297516,34375,1720000,5787,26586,31335,107,10.23
CENTRAL BEDFORDSHIRE,E06000056,Central Bedfordshire,2017,300000,329285,39663,2000000,5510,27002,31566,103,11.11
CENTRAL BEDFORDSHIRE,E06000056,Central Bedfordshire,2018,315000,337748,54000,2180000,5240,27754,32221,111,11.35
CENTRAL BEDFORDSHIRE,E06000056,Central Bedfordshire,2019,315000,342617,50000,1825000,5234,30012,33492,109,10.5
CENTRAL BEDFORDSHIRE,E06000056,Central Bedfordshire UA,2020,325000,356016,46250,1975000,4868,30508,34874,109,10.65
CENTRAL BEDFORDSHIRE,E06000056,Central Bedfordshire UA,2021,342000,374492,56250,1900000,7490,30231,33551,126,11.31
CENTRAL BEDFORDSHIRE,E06000056,Central Bedfordshire UA,2022,375000,398892,52500,2600000,5931,33840,37073,116,11.08
CENTRAL BEDFORDSHIRE,E06000056,Central Bedfordshire UA,2023,370000,394217,50750,1850000,4206,33645,38631,113,11.0
CENTRAL BEDFORDSHIRE,E06000056,Central Bedfordshire UA,2024,370000,398974,51250,3600000,4727,35716,40568,124,10.36
CENTRAL BEDFORDSHIRE,E06000056,Central Bedfordshire UA,2025,365000,396317,52000,1800000,5119,36622,42115,123,9.97
CEREDIGION,W06000008,Ceredigion / Ceredigion,2015,169000,184505,38500,600000,849,19313,21445,25,8.75
CEREDIGION,W06000008,Ceredigion / Ceredigion,2016,173000,188087,35000,650000,859,20071,22657,22,8.62
CEREDIGION,W06000008,Ceredigion / Ceredigion,2017,180000,196740,56000,810000,1035,19124,21785,19,9.41
CEREDIGION,W06000008,Ceredigion / Ceredigion,2018,177750,197407,56000,620000,998,20412,22844,21,8.71
CEREDIGION,W06000008,Ceredigion / Ceredigion,2019,185500,203587,57000,750000,1007,21538,24123,23,8.61
CEREDIGION,W06000008,Ceredigion / Ceredigion,2020,190000,215495,58000,1000000,877,22020,24388,23,8.63
CEREDIGION,W06000008,Ceredigion / Ceredigion,2021,223000,243180,65000,1347964,1243,23401,27453,26,9.53
CEREDIGION,W06000008,Ceredigion / Ceredigion,2022,240125,270817,70000,1567100,1047,25833,29807,26,9.3
CEREDIGION,W06000008,Ceredigion / Ceredigion,2023,235000,263520,50000,851000,739,26689,30462,23,8.81
CEREDIGION,W06000008,Ceredigion / Ceredigion,2024,237500,263801,59000,923596,845,29166,32898,25,8.14
CEREDIGION,W06000008,Ceredigion / Ceredigion,2025,225000,252392,56000,750000,868,29326,32048,28,7.67
CHARNWOOD,E07000130,Charnwood,2015,179950,211639,30375,1500000,2900,23140,25654,60,7.78
CHARNWOOD,E07000130,Charnwood,2016,190000,226051,42000,3280000,3040,22951,25531,60,8.28
CHARNWOOD,E07000130,Charnwood,2017,204975,234582,45500,1600000,3092,23024,26109,58,8.9
CHARNWOOD,E07000130,Charnwood,2018,213000,240395,43000,2100000,3231,23948,27129,56,8.89
CHARNWOOD,E07000130,Charnwood,2019,222000,252498,55000,5200000,2931,25495,28125,62,8.71
CHARNWOOD,E07000130,Charnwood,2020,230000,263698,52500,2190000,2398,25955,28376,61,8.86
CHARNWOOD,E07000130,Charnwood,2021,249950,279764,52500,1988180,3190,24283,27362,67,10.29
CHARNWOOD,E07000130,Charnwood,2022,265000,303481,50000,2350000,2627,28194,29979,60,9.4
CHARNWOOD,E07000130,Charnwood,2023,270000,309568,45000,6750000,2318,31228,34913,58,8.65
CHARNWOOD,E07000130,Charnwood,2024,270000,312697,16500,3450000,2392,33271,34913,64,8.12
CHARNWOOD,E07000130,Charnwood,2025,279000,315045,50000,3100000,2672,33550,35439,72,8.32
CHELMSFORD,E07000070,Chelmsford,2015,274995,314256,24000,2535336,3226,24722,33944,65,11.12
CHELMSFORD,E07000070,Chelmsford,2016,313500,356608,65000,3700000,3291,24265,35087,60,12.92
CHELMSFORD,E07000070,Chelmsford,2017,335000,381201,80000,2900000,2950,25725,35901,58,13.02
CHELMSFORD,E07000070,Chelmsford,2018,345000,391048,75000,2400000,2866,25584,31884,60,13.48
CHELMSFORD,E07000070,Chelmsford,2019,350000,394690,75000,1920000,2777,26399,32799,60,13.26
CHELMSFORD,E07000070,Chelmsford,2020,380000,423999,73500,2137500,2479,28233,33177,55,13.46
CHELMSFORD,E07000070,Chelmsford,2021,380000,433848,62000,2435000,3671,29487,36576,56,12.89
CHELMSFORD,E07000070,Chelmsford,2022,400000,450335,73750,2250000,3146,31010,36912,50,12.9
CHELMSFORD,E07000070,Chelmsford,2023,395000,439245,75000,2705000,2316,30866,37416,48,12.8
CHELMSFORD,E07000070,Chelmsford,2024,399995,447178,75000,3275000,2415,33024,41820,53,12.11
CHELMSFORD,E07000070,Chelmsford,2025,410000,457788,72900,3200000,2690,35791,46329,57,11.46
CHELTENHAM,E07000078,Cheltenham,2015,225000,274652,50000,2500000,2477,23994,28714,45,9.38
CHELTENHAM,E07000078,Cheltenham,2016,240500,293623,34500,3880000,2668,24796,28446,48,9.7
CHELTENHAM,E07000078,Cheltenham,2017,260000,321944,60000,2600000,2443,25779,29673,46,10.09
CHELTENHAM,E07000078,Cheltenham,2018,272500,328370,60000,3000000,2359,25574,32972,48,10.66
CHELTENHAM,E07000078,Cheltenham,2019,265000,334801,60000,3750000,1983,27443,36344,47,9.66
CHELTENHAM,E07000078,Cheltenham,2020,285000,360827,63000,3100000,1854,28512,32358,41,10.0
CHELTENHAM,E07000078,Cheltenham,2021,300000,379950,60000,3800000,2773,30445,34711,46,9.85
CHELTENHAM,E07000078,Cheltenham,2022,319000,405249,60000,3920000,2185,34510,38583,42,9.24
CHELTENHAM,E07000078,Cheltenham,2023,317750,402544,60840,3273000,1642,31036,36533,45,10.24
CHELTENHAM,E07000078,Cheltenham,2024,330000,425643,60000,5000000,1931,35017,41100,43,9.42
CHELTENHAM,E07000078,Cheltenham,2025,325000,420214,63000,3950000,2108,36014,41041,44,9.02
CHERWELL,E07000177,Cherwell,2015,270000,303440,65000,2000000,2708,24473,28330,56,11.03
CHERWELL,E07000177,Cherwell,2016,300000,326663,55000,2750000,2921,26425,31071,56,11.35
CHERWELL,E07000177,Cherwell,2017,303974.5,331466,62000,1405000,2736,26654,30595,57,11.4
CHERWELL,E07000177,Cherwell,2018,315000,342578,64000,3362080,2622,26462,31298,53,11.9
CHERWELL,E07000177,Cherwell,2019,310000,340608,67500,2400000,2486,26466,32565,58,11.71
CHERWELL,E07000177,Cherwell,2020,315000,358921,60000,4650000,2309,29303,34277,59,10.75
CHERWELL,E07000177,Cherwell,2021,338000,376388,61250,3000000,3774,29579,33169,67,11.43
CHERWELL,E07000177,Cherwell,2022,355000,393393,70000,2925000,2978,30718,35294,60,11.56
CHERWELL,E07000177,Cherwell,2023,365000,396892,49000,2670000,2089,33449,36963,67,10.91
CHERWELL,E07000177,Cherwell,2024,350000,394637,61250,3150000,2233,36082,41893,67,9.7
CHERWELL,E07000177,Cherwell,2025,360000,396809,60000,4100000,2409,36568,43315,65,9.84
CHESHIRE EAST,E06000049,Cheshire East UA,2015,193600,246534,25000,4500000,7287,21973,29033,138,8.81
CHESHIRE EAST,E06000049,Cheshire East,2016,205000,261161,21799,4200000,7475,22645,30428,132,9.05
CHESHIRE EAST,E06000049,Cheshire East,2017,220000,278208,5900,5625000,7596,23045,31587,135,9.55
CHESHIRE EAST,E06000049,Cheshire East,2018,235000,287699,600,4300000,7568,24028,31067,134,9.78
CHESHIRE EAST,E06000049,Cheshire East,2019,240000,292174,32500,6250000,7695,25697,33862,144,9.34
CHESHIRE EAST,E06000049,Cheshire East UA,2020,250000,312155,32500,5450000,7150,27017,35277,137,9.25
CHESHIRE EAST,E06000049,Cheshire East UA,2021,270000,335114,5900,5100000,9914,24873,31797,148,10.86
CHESHIRE EAST,E06000049,Cheshire East UA,2022,283500,354602,33750,5000000,7979,28498,35793,131,9.95
CHESHIRE EAST,E06000049,Cheshire East UA,2023,285000,354103,450,7000000,6498,30499,38187,138,9.34
CHESHIRE EAST,E06000049,Cheshire East UA,2024,297500,364308,23500,8720000,6770,32000,41232,138,9.3
CHESHIRE EAST,E06000049,Cheshire East UA,2025,300000,378450,21250,5750000,7396,33221,44740,162,9.03
CHESHIRE WEST AND CHESTER,E06000050,Cheshire West and Chester UA,2015,182750,220934,21000,1700000,5997,22131,27821,118,8.26
CHESHIRE WEST AND CHESTER,E06000050,Cheshire West and Chester,2016,188000,227884,16500,1925000,6192,22354,27181,121,8.41
CHESHIRE WEST AND CHESTER,E06000050,Cheshire West and Chester,2017,199994,235394,32000,2837000,6601,23596,28794,118,8.48
CHESHIRE WEST AND CHESTER,E06000050,Cheshire West and Chester,2018,195995,238626,35000,1800000,6097,24227,29183,125,8.09
CHESHIRE WEST AND CHESTER,E06000050,Cheshire West and Chester,2019,204995,243038,32000,2250000,5783,25444,30580,126,8.06
CHESHIRE WEST AND CHESTER,E06000050,Cheshire West and Chester,2020,222000,264417,35000,2500000,5126,26007,30865,131,8.54
CHESHIRE WEST AND CHESTER,E06000050,Cheshire West and Chester,2021,240000,288690,22000,3075000,7346,26487,31861,138,9.06
CHESHIRE WEST AND CHESTER,E06000050,Cheshire West and Chester,2022,250000,300754,20000,3335000,6035,28129,33921,111,8.89
CHESHIRE WEST AND CHESTER,E06000050,Cheshire West and Chester UA,2023,250000,300858,20000,3150000,4856,29592,34497,119,8.45
CHESHIRE WEST AND CHESTER,E06000050,Cheshire West and Chester UA,2024,260000,307714,25000,2300000,5166,31498,37476,131,8.25
CHESHIRE WEST AND CHESTER,E06000050,Cheshire West and Chester UA,2025,264000,313238,30000,4300000,5522,32391,38487,143,8.15
CHESTERFIELD,E07000034,Chesterfield,2015,134000,152803,35000,895000,1591,20789,22588,35,6.45
CHESTERFIELD,E07000034,Chesterfield,2016,135000,158028,47500,860000,1539,20134,23540,32,6.71
CHESTERFIELD,E07000034,Chesterfield,2017,147500,171560,38000,925000,1602,20481,23298,32,7.2
CHESTERFIELD,E07000034,Chesterfield,2018,150000,177519,48500,900000,1523,21345,25376,36,7.03
CHESTERFIELD,E07000034,Chesterfield,2019,155000,182459,50000,750000,1529,21920,26428,35,7.07
CHESTERFIELD,E07000034,Chesterfield,2020,172250,197392,11350,835000,1410,22886,25368,34,7.53
CHESTERFIELD,E07000034,Chesterfield,2021,185000,212688,50000,1220000,1963,22875,26303,35,8.09
CHESTERFIELD,E07000034,Chesterfield,2022,186000,218760,50000,825000,1675,25417,28657,37,7.32
CHESTERFIELD,E07000034,Chesterfield,2023,185000,219257,49000,1142500,1436,25906,30786,41,7.14
CHESTERFIELD,E07000034,Chesterfield,2024,191948,222629,45000,944000,1488,28636,32644,40,6.7
CHESTERFIELD,E07000034,Chesterfield,2025,200000,229961,55000,895000,1545,30621,34677,41,6.53
CHICHESTER,E07000225,Chichester,2015,316997,405277,55500,3500000,2179,20334,30410,39,15.59
CHICHESTER,E07000225,Chichester,2016,345000,428463,67500,4825000,2104,22871,28861,42,15.08
CHICHESTER,E07000225,Chichester,2017,357250,448480,70000,3850000,2088,22423,27980,41,15.93
CHICHESTER,E07000225,Chichester,2018,370000,458107,46500,4500000,1971,21515,29877,35,17.2
CHICHESTER,E07000225,Chichester,2019,360000,457763,74000,4687500,1811,24038,31847,42,14.98
CHICHESTER,E07000225,Chichester,2020,393500,510046,69999,5000000,1932,23368,29194,41,16.84
CHICHESTER,E07000225,Chichester,2021,402000,514059,72000,8000000,2899,24423,28614,41,16.46
CHICHESTER,E07000225,Chichester,2022,425000,557137,71750,5200000,2257,27278,33195,,15.58
CHICHESTER,E07000225,Chichester,2023,420000,550143,70500,6000000,1755,,32731,40,
CHICHESTER,E07000225,Chichester,2024,420000,531497,70000,4100000,1805,28263,34475,43,14.86
CHICHESTER,E07000225,Chichester,2025,432750,544912,70000,3900000,1792,28585,35844,38,15.14
CHILTERN,E07000005,Chiltern,2015,470000,562935,82000,3800000,1600,,38442,29,
CHILTERN,E07000005,Chiltern,2016,515000,593725,85000,3143987,1439,28086,40394,30,18.34
CHILTERN,E07000005,Chiltern,2017,541250,647991,135000,4500000,1448,29531,,28,18.33
CHILTERN,E07000005,Chiltern,2018,550000,647399,135000,3900000,1251,32759,43497,31,16.79
CHORLEY,E07000118,Chorley,2015,162725,191306,28500,2125000,2084,22227,24582,40,7.32
CHORLEY,E07000118,Chorley,2016,164950,193188,35000,1175000,2143,23301,25955,40,7.08
CHORLEY,E07000118,Chorley,2017,170000,196696,39999,806600,2083,22534,24864,42,7.54
CHORLEY,E07000118,Chorley,2018,166000,194496,5900,1500000,2141,24349,27728,42,6.82
CHORLEY,E07000118,Chorley,2019,175000,204788,2830,1200000,2025,25016,28035,44,7.0
CHORLEY,E07000118,Chorley,2020,185000,216337,45000,1900000,1745,24989,27648,41,7.4
CHORLEY,E07000118,Chorley,2021,192000,230930,45000,2700000,2298,25194,29453,46,7.62
CHORLEY,E07000118,Chorley,2022,200000,235207,1244,1536000,1938,27874,30918,46,7.18
CHORLEY,E07000118,Chorley,2023,205000,246813,46800,1402000,1444,30217,34294,40,6.78
CHORLEY,E07000118,Chorley,2024,220000,256183,40000,1450000,1627,32846,36094,44,6.7
CHORLEY,E07000118,Chorley,2025,222500,260181,50000,1950000,1755,33337,37899,52,6.67
CHRISTCHURCH,E07000048,Christchurch,2015,302250,330664,52000,1444595,1154,22364,27328,14,13.52
CHRISTCHURCH,E07000048,Christchurch,2016,320000,350124,65000,1650000,1060,,,,
CHRISTCHURCH,E07000048,Christchurch,2017,338500,371212,90000,1922000,1022,21297,27765,15,15.89
CITY OF BRISTOL,E06000023,"Bristol, City of UA",2015,215000,253647,1400,1800000,7994,23989,26464,156,8.96
CITY OF BRISTOL,E06000023,"Bristol, City of",2016,242000,284512,44250,2500000,7693,23692,26516,152,10.21
CITY OF BRISTOL,E06000023,"Bristol, City of",2017,259500,299997,49000,3085000,7691,23506,27077,148,11.04
CITY OF BRISTOL,E06000023,"Bristol, City of",2018,265000,309726,47100,2500000,7185,24145,28065,157,10.98
CITY OF BRISTOL,E06000023,"Bristol, City of",2019,270000,316724,53000,3350000,6585,25952,29540,173,10.4
CITY OF BRISTOL,E06000023,"Bristol, City of UA",2020,290000,343137,45600,3000000,5675,27504,30107,166,10.54
CITY OF BRISTOL,E06000023,"Bristol, City of UA",2021,310250,360897,56000,3900000,8488,26936,30482,188,11.52
CITY OF BRISTOL,E06000023,"Bristol, City of UA",2022,335000,393274,53550,3500000,7021,30030,32435,172,11.16
CITY OF BRISTOL,E06000023,"Bristol, City of UA",2023,335500,384946,50000,3160000,5767,30877,34757,184,10.87
CITY OF BRISTOL,E06000023,"Bristol, City of UA",2024,340000,392467,46250,3950000,5889,32799,36674,184,10.37
CITY OF BRISTOL,E06000023,"Bristol, City of UA",2025,350000,402999,60000,2825000,6201,34051,38617,202,10.28
CITY OF DERBY,E06000015,Derby UA,2015,138250,159808,26500,990000,3652,23381,25752,89,5.91
CITY OF DERBY,E06000015,Derby,2016,145000,165347,21000,700000,3728,24560,27232,79,5.9
CITY OF DERBY,E06000015,Derby,2017,148000,169027,30000,770000,3735,24533,27609,76,6.03
CITY OF DERBY,E06000015,Derby,2018,155000,178739,31050,870000,3585,26000,28529,81,5.96
CITY OF DERBY,E06000015,Derby,2019,168000,187753,30000,899950,3236,25774,29285,80,6.52
CITY OF DERBY,E06000015,Derby UA,2020,172000,195793,30000,1025000,2773,26605,30473,79,6.46
CITY OF DERBY,E06000015,Derby UA,2021,187500,212890,33500,1250000,3968,26464,29223,79,7.09
CITY OF DERBY,E06000015,Derby UA,2022,199950,222102,30000,1660000,3285,26825,29594,77,7.45
CITY OF DERBY,E06000015,Derby UA,2023,200000,224309,30000,1888027,2841,28417,32014,79,7.04
CITY OF DERBY,E06000015,Derby UA,2024,215000,236097,31500,950000,2897,30131,33934,88,7.14
CITY OF DERBY,E06000015,Derby UA,2025,220000,242991,30000,1800000,3093,30467,34719,90,7.22
CITY OF KINGSTON UPON HULL,E06000010,Kingston upon Hull UA,2015,100000,111317,19341,395000,3382,17797,19868,85,5.62
CITY OF KINGSTON UPON HULL,E06000010,Kingston upon Hull,2016,108000,116464,19000,474950,2863,18136,20389,85,5.96
CITY OF KINGSTON UPON HULL,E06000010,Kingston upon Hull,2017,111000,120770,28000,620000,3181,18956,20805,90,5.86
CITY OF KINGSTON UPON HULL,E06000010,Kingston upon Hull,2018,115000,122660,22000,455000,3403,19268,20562,90,5.97
CITY OF KINGSTON UPON HULL,E06000010,Kingston upon Hull,2019,120000,127620,25176,490000,3289,20741,22767,92,5.79
CITY OF KINGSTON UPON HULL,E06000010,Kingston upon Hull UA,2020,120000,133034,20000,2599950,2778,20762,22382,92,5.78
CITY OF KINGSTON UPON HULL,E06000010,Kingston upon Hull UA,2021,129950,139813,20000,448000,3829,22151,23323,99,5.87
CITY OF KINGSTON UPON HULL,E06000010,Kingston upon Hull UA,2022,135000,145022,22000,670000,3619,23238,24330,95,5.81
CITY OF KINGSTON UPON HULL,E06000010,Kingston upon Hull UA,2023,130000,141730,24000,572000,2702,24937,26595,90,5.21
CITY OF KINGSTON UPON HULL,E06000010,Kingston upon Hull UA,2024,136000,147870,23000,495000,2783,27049,28892,89,5.03
CITY OF KINGSTON UPON HULL,E06000010,Kingston upon Hull UA,2025,143500,155440,21500,545000,2949,27309,29153,91,5.25
CITY OF LONDON,E09000001,City of London,2015,799999.5,929925,315000,4450000,276,,,,
CITY OF LONDON,E09000001,City of London,2016,835000,937416,300000,3835000,137,,59935,,
CITY OF LONDON,E09000001,City of London,2017,838000,949574,395000,3700000,219,,70179,,
CITY OF LONDON,E09000001,City of London,2018,924015,1270832,360000,9141500,364,,56829,,
CITY OF LONDON,E09000001,City of London,2019,870000,1085878,320000,6725000,136,,,,
CITY OF LONDON,E09000001,City of London,2020,859500,1129186,300000,6450000,187,,,,
CITY OF LONDON,E09000001,City of London,2021,805000,1017903,335000,4900000,215,,,,
CITY OF LONDON,E09000001,City of London,2022,835000,1082796,325000,6120000,181,,,,
CITY OF LONDON,E09000001,City of London,2023,890000,1110046,385000,5350000,159,,,,
CITY OF LONDON,E09000001,City of London,2024,796812.5,990213,340000,3600000,216,,77069,,
CITY OF LONDON,E09000001,City of London,2025,825000,987388,382000,3200000,160,,73082,,
CITY OF NOTTINGHAM,E06000018,Nottingham UA,2015,115000,137659,24000,1250000,3829,18065,21959,83,6.37
CITY OF NOTTINGHAM,E06000018,Nottingham,2016,124000,147724,42560,1250000,3947,18985,22543,84,6.53
CITY OF NOTTINGHAM,E06000018,Nottingham,2017,130000,158099,35000,2700000,3811,18911,23370,79,6.87
CITY OF NOTTINGHAM,E06000018,Nottingham,2018,138000,164747,35000,1450000,3876,19556,22898,81,7.06
CITY OF NOTTINGHAM,E06000018,Nottingham,2019,140000,166031,34000,1110000,3754,20299,23803,85,6.9
CITY OF NOTTINGHAM,E06000018,Nottingham UA,2020,155000,188321,35500,1505000,2710,21677,24710,80,7.15
CITY OF NOTTINGHAM,E06000018,Nottingham UA,2021,170000,206484,37000,2060000,3555,21406,23438,75,7.94
CITY OF NOTTINGHAM,E06000018,Nottingham UA,2022,182500,211848,35000,1900000,3493,22234,24510,70,8.21
CITY OF NOTTINGHAM,E06000018,Nottingham UA,2023,190000,220902,38000,1650000,2711,23306,25308,78,8.15
CITY OF NOTTINGHAM,E06000018,Nottingham UA,2024,190000,218426,35000,1765200,2739,25296,28188,78,7.51
CITY OF NOTTINGHAM,E06000018,Nottingham UA,2025,200000,224815,34000,1275000,2870,26512,29857,87,7.54
CITY OF PETERBOROUGH,E06000031,Peterborough UA,2015,155000,175019,27000,1298750,3134,,25708,66,
CITY OF PETERBOROUGH,E06000031,Peterborough,2016,165000,189724,36500,1842500,3322,21044,25023,66,7.84
CITY OF PETERBOROUGH,E06000031,Peterborough,2017,174000,199541,34500,1615000,3262,19999,25491,67,8.7
CITY OF PETERBOROUGH,E06000031,Peterborough,2018,186995,209699,34500,1450000,3157,21548,26233,64,8.68
CITY OF PETERBOROUGH,E06000031,Peterborough,2019,202000,219858,33750,2650000,3069,22846,26506,71,8.84
CITY OF PETERBOROUGH,E06000031,Peterborough UA,2020,215000,233845,34500,1600000,2510,23442,26901,68,9.17
CITY OF PETERBOROUGH,E06000031,Peterborough UA,2021,223000,249518,34500,1650000,3437,24572,28397,78,9.08
CITY OF PETERBOROUGH,E06000031,Peterborough UA,2022,240000,264783,33000,1875000,2961,24578,29535,75,9.76
CITY OF PETERBOROUGH,E06000031,Peterborough UA,2023,240000,270798,38000,2750000,2198,28080,33118,75,8.55
CITY OF PETERBOROUGH,E06000031,Peterborough UA,2024,250000,277822,36250,2025000,2400,29508,34443,72,8.47
CITY OF PETERBOROUGH,E06000031,Peterborough UA,2025,245000,273384,36000,2600000,2429,29828,33238,75,8.21
CITY OF PLYMOUTH,E06000026,Plymouth UA,2015,162000,178392,22000,895000,4374,20013,22191,93,8.09
CITY OF PLYMOUTH,E06000026,Plymouth,2016,165975,183341,30000,1000000,4494,20403,22099,84,8.13
CITY OF PLYMOUTH,E06000026,Plymouth,2017,170000,186878,25000,1050000,4359,21703,23589,82,7.83
CITY OF PLYMOUTH,E06000026,Plymouth,2018,177000,195451,42000,950000,4225,22465,25021,85,7.88
CITY OF PLYMOUTH,E06000026,Plymouth,2019,178000,199364,3750,1700000,4101,21612,24354,89,8.24
CITY OF PLYMOUTH,E06000026,Plymouth UA,2020,187500,209669,41000,1110000,3444,22963,24687,89,8.17
CITY OF PLYMOUTH,E06000026,Plymouth UA,2021,195000,218776,41250,825000,4629,22064,23735,78,8.84
CITY OF PLYMOUTH,E06000026,Plymouth UA,2022,215000,234532,41500,1250000,4382,23223,25474,92,9.26
CITY OF PLYMOUTH,E06000026,Plymouth UA,2023,210000,234519,40500,1350000,3402,26846,29106,82,7.82
CITY OF PLYMOUTH,E06000026,Plymouth UA,2024,220000,239176,40000,1200000,3673,28309,31263,91,7.77
CITY OF PLYMOUTH,E06000026,Plymouth UA,2025,227000,251787,41500,17000000,3846,28992,32435,101,7.83
CITY OF WESTMINSTER,E09000033,Westminster,2015,890000,1359046,20370,22500000,2891,37930,61115,47,23.46
CITY OF WESTMINSTER,E09000033,Westminster,2016,1025000,1578509,20000,30000000,2783,35534,55196,52,28.85
CITY OF WESTMINSTER,E09000033,Westminster,2017,1050000,1743460,102500,90000000,2607,38089,78386,53,27.57
CITY OF WESTMINSTER,E09000033,Westminster,2018,1010000,1725554,135000,56000000,2082,41606,77504,57,24.28
CITY OF WESTMINSTER,E09000033,Westminster,2019,975000,1875045,20000,51883694,2099,37450,68934,51,26.03
CITY OF WESTMINSTER,E09000033,Westminster,2020,950000,1853498,170943,53360000,1913,40637,61484,51,23.38
CITY OF WESTMINSTER,E09000033,Westminster,2021,935000,1630652,150000,33649821,2795,39635,59525,54,23.59
CITY OF WESTMINSTER,E09000033,Westminster,2022,1075000,1965987,150000,45000000,2816,40860,58341,49,26.31
CITY OF WESTMINSTER,E09000033,Westminster,2023,1100000,2181992,150000,53000000,2456,44950,63748,55,24.47
CITY OF WESTMINSTER,E09000033,Westminster,2024,970000,1960038,105000,74933000,2361,45889,,54,21.14
CITY OF WESTMINSTER,E09000033,Westminster,2025,887250,1634880,145000,34000000,2114,45172,83196,58,19.64
COLCHESTER,E07000071,Colchester,2015,217500,246298,12000,1500000,3731,21653,27825,65,10.04
COLCHESTER,E07000071,Colchester,2016,239995,261700,59000,1600000,3877,22655,29835,62,10.59
COLCHESTER,E07000071,Colchester,2017,265000,287756,60000,2200000,3632,23103,27787,58,11.47
COLCHESTER,E07000071,Colchester,2018,275000,295392,69000,1750000,3682,23659,32774,60,11.62
COLCHESTER,E07000071,Colchester,2019,272000,292800,64750,1550000,3158,24448,33376,64,11.13
COLCHESTER,E07000071,Colchester,2020,285000,316634,50000,1690000,2786,25119,32480,65,11.35
COLCHESTER,E07000071,Colchester,2021,306500,336992,64750,2205000,4218,24295,30908,75,12.62
COLCHESTER,E07000071,Colchester,2022,320000,347422,67000,2400000,3334,27679,36775,68,11.56
COLCHESTER,E07000071,Colchester,2023,325000,359428,54000,1750000,2476,29972,40457,67,10.84
COLCHESTER,E07000071,Colchester,2024,325000,357441,64750,1840000,2599,31464,38636,81,10.33
COLCHESTER,E07000071,Colchester,2025,330000,364774,67000,2000000,2877,31589,38945,75,10.45
CONWY,W06000003,Conwy / Conwy,2015,146875,165766,20000,1450000,1876,19722,23663,43,7.45
CONWY,W06000003,Conwy / Conwy,2016,150000,173925,26000,888649,2065,,24391,38,
CONWY,W06000003,Conwy / Conwy,2017,158000,180620,34200,1485000,2359,20242,23607,37,7.81
CONWY,W06000003,Conwy / Conwy,2018,160000,181404,29950,1160000,2228,20452,22986,40,7.82
CONWY,W06000003,Conwy / Conwy,2019,165767.5,190862,29000,1255000,2014,,24353,39,
CONWY,W06000003,Conwy / Conwy,2020,180000,210138,30000,1385000,1659,23165,26560,39,7.77
CONWY,W06000003,Conwy / Conwy,2021,199950,230752,40000,1220000,2490,22699,25115,42,8.81
CONWY,W06000003,Conwy / Conwy,2022,207000,232711,25000,1400000,2107,26929,29604,39,7.69
CONWY,W06000003,Conwy / Conwy,2023,210000,236328,39850,2138000,1626,26190,29459,41,8.02
CONWY,W06000003,Conwy / Conwy,2024,215000,244014,35000,975000,1807,27022,32254,41,7.96
CONWY,W06000003,Conwy / Conwy,2025,217000,246661,25000,1499950,1915,28113,33674,44,7.72
COPELAND,E07000029,Copeland,2015,120000,137173,10000,525000,1076,29127,30455,23,4.12
COPELAND,E07000029,Copeland,2016,121000,140545,25000,475000,1036,29191,31388,23,4.15
COPELAND,E07000029,Copeland,2017,125000,145667,33500,565000,1028,,31973,22,
COPELAND,E07000029,Copeland,2018,125000,145383,30000,460000,991,,31177,22,
COPELAND,E07000029,Copeland,2019,127500,145125,32500,650000,1030,26171,30487,27,4.87
COPELAND,E07000029,Copeland,2020,130000,155014,33000,775000,1038,,35448,27,
COPELAND,E07000029,Copeland,2021,138500,165435,32500,890000,1429,32776,35908,27,4.23
CORBY,E07000150,Corby,2015,150000,165279,40000,675000,1193,19472,23113,25,7.7
CORBY,E07000150,Corby,2016,154950,171925,56500,585000,1336,18910,22459,24,8.19
CORBY,E07000150,Corby,2017,179972.5,198396,50235,1000000,1432,20484,23531,24,8.79
CORBY,E07000150,Corby,2018,188000,206294,60000,685000,1457,20738,22986,27,9.07
CORBY,E07000150,Corby,2019,189950,211218,60000,690000,1249,22774,25235,25,8.34
CORNWALL,E06000052,Cornwall UA,2015,200000,238670,27500,4400000,10504,18428,21185,158,10.85
CORNWALL,E06000052,Cornwall,2016,210000,244503,17000,2925000,10948,19093,22022,158,11.0
CORNWALL,E06000052,Cornwall,2017,219950,254479,20000,2550000,11146,19920,22679,155,11.04
CORNWALL,E06000052,Cornwall,2018,225000,262833,33750,3250000,10360,20305,22887,164,11.08
CORNWALL,E06000052,Cornwall,2019,230000,270372,50000,4650000,10267,20338,23229,170,11.31
CORNWALL,E06000052,Cornwall UA,2020,250000,304342,47000,4250000,9361,20919,23822,161,11.95
CORNWALL,E06000052,Cornwall UA,2021,274995,332246,36000,7500000,12639,21339,23898,163,12.89
CORNWALL,E06000052,Cornwall UA,2022,295000,357464,30000,8125000,9916,24552,27198,169,12.02
CORNWALL,E06000052,Cornwall UA,2023,294995,355926,30000,4350000,7873,26569,29375,170,11.1
CORNWALL,E06000052,Cornwall UA,2024,290000,348925,35000,9500000,8275,27819,30900,175,10.42
CORNWALL,E06000052,Cornwall UA,2025,287500,339821,32400,5817576,8541,28210,31433,180,10.19
COTSWOLD,E07000079,Cotswold,2015,317000,385257,40000,9000000,1744,,29519,28,
COTSWOLD,E07000079,Cotswold,2016,335000,388771,50500,2900500,1853,21399,29512,28,15.65
COTSWOLD,E07000079,Cotswold,2017,350000,424563,65000,5750000,1866,,29997,28,
COTSWOLD,E07000079,Cotswold,2018,353250,425400,61050,3900000,1646,22359,31025,30,15.8
COTSWOLD,E07000079,Cotswold,2019,345000,421874,67500,3150000,1497,24853,33153,31,13.88
COTSWOLD,E07000079,Cotswold,2020,385000,487448,80000,7000000,1530,26944,32926,31,14.29
COTSWOLD,E07000079,Cotswold,2021,415000,514243,70000,10500000,2098,22067,29686,31,18.81
COTSWOLD,E07000079,Cotswold,2022,436000,562266,78200,6500000,1560,27184,34534,28,16.04
COTSWOLD,E07000079,Cotswold,2023,450000,571411,75000,4800000,1357,29601,36074,28,15.2
COTSWOLD,E07000079,Cotswold,2024,450000,587423,72500,7250000,1325,31824,39411,31,14.14
COTSWOLD,E07000079,Cotswold,2025,450000,571814,65000,6500000,1456,32927,39671,32,13.67
COUNTY DURHAM,E06000047,County Durham UA,2015,110000,128210,9044,1259000,7250,21448,24826,176,5.13
COUNTY DURHAM,E06000047,County Durham,2016,112400,128742,10000,1050000,7461,21996,24919,165,5.11
COUNTY DURHAM,E06000047,County Durham,2017,114950,133326,10000,1520000,8038,22986,25720,173,5.0
COUNTY DURHAM,E06000047,County Durham,2018,118000,135595,14000,2000000,7868,23158,26634,180,5.1
COUNTY DURHAM,E06000047,County Durham,2019,120000,141250,10000,1560000,7785,24000,27614,175,5.0
COUNTY DURHAM,E06000047,County Durham UA,2020,125000,147196,17000,1950000,6932,24192,27504,160,5.17
COUNTY DURHAM,E06000047,County Durham UA,2021,132000,159528,15000,2100000,9807,24245,27846,184,5.44
COUNTY DURHAM,E06000047,County Durham UA,2022,134950,162717,10000,1560000,8855,25890,29450,175,5.21
COUNTY DURHAM,E06000047,County Durham UA,2023,130000,159791,10000,1450000,7129,26642,30116,176,4.88
COUNTY DURHAM,E06000047,County Durham UA,2024,140000,168158,11000,1900000,7606,28414,32517,176,4.93
COUNTY DURHAM,E06000047,County Durham UA,2025,147000,176761,10000,1400000,7852,29718,32953,182,4.95
COVENTRY,E08000026,Coventry,2015,145000,166649,20000,1200000,4669,21905,24372,111,6.62
COVENTRY,E08000026,Coventry,2016,155000,176373,19125,1265000,4884,22116,25357,109,7.01
COVENTRY,E08000026,Coventry,2017,167000,187981,31500,1100000,4581,23021,26400,107,7.25
COVENTRY,E08000026,Coventry,2018,179950,199650,45000,1380000,4314,24296,27628,104,7.41
COVENTRY,E08000026,Coventry,2019,181995,202328,50000,1200000,4041,24020,27739,106,7.58
COVENTRY,E08000026,Coventry,2020,187000,210852,44100,1975000,3388,24645,28618,112,7.59
COVENTRY,E08000026,Coventry,2021,205000,227886,52000,1300000,4767,25725,29447,111,7.97
COVENTRY,E08000026,Coventry,2022,220000,242999,32500,1270000,4328,27738,32069,103,7.93
COVENTRY,E08000026,Coventry,2023,220000,241915,20000,1700000,3150,29483,39800,109,7.46
COVENTRY,E08000026,Coventry,2024,223250,242886,1,1450000,3595,28853,33221,114,7.74
COVENTRY,E08000026,Coventry,2025,230000,254309,25000,1450000,3676,33063,37224,115,6.96
CRAVEN,E07000163,Craven,2015,185000,218076,55000,945000,1096,20046,25463,18,9.23
CRAVEN,E07000163,Craven,2016,190000,227830,55000,1060000,1065,18372,22188,19,10.34
CRAVEN,E07000163,Craven,2017,199950,241555,70000,1130000,1118,17468,,18,11.45
CRAVEN,E07000163,Craven,2018,198500,237805,70000,1050000,1085,,,19,
CRAVEN,E07000163,Craven,2019,221250,265138,70000,1800000,1138,18532,26063,18,11.94
CRAVEN,E07000163,Craven,2020,240000,279350,75500,1100000,1090,20604,,18,11.65
CRAVEN,E07000163,Craven,2021,235000,282653,73750,1900000,1236,19933,28699,21,11.79
CRAWLEY,E07000226,Crawley,2015,250000,261235,43750,750000,1680,23166,27604,45,10.79
CRAWLEY,E07000226,Crawley,2016,271000,284146,55500,695000,1597,24400,28280,41,11.11
CRAWLEY,E07000226,Crawley,2017,285000,302797,79500,1250000,1490,24216,27809,45,11.77
CRAWLEY,E07000226,Crawley,2018,295750,312669,64500,915000,1545,24098,27167,43,12.27
CRAWLEY,E07000226,Crawley,2019,290000,303884,81000,947000,1403,23786,27392,43,12.19
CRAWLEY,E07000226,Crawley,2020,305000,322713,84000,840000,1082,28455,32925,41,10.72
CRAWLEY,E07000226,Crawley,2021,310000,329471,80000,1500000,1735,26673,31046,47,11.62
CRAWLEY,E07000226,Crawley,2022,332000,344292,80000,1396070,1474,30007,32924,42,11.06
CRAWLEY,E07000226,Crawley,2023,350000,362389,78000,1170000,1183,29316,34179,40,11.94
CRAWLEY,E07000226,Crawley,2024,345000,354387,77000,1300000,1198,33395,39327,44,10.33
CRAWLEY,E07000226,Crawley,2025,350000,357656,84000,1100000,1226,34225,40739,44,10.23
CROYDON,E09000008,Croydon,2015,306000,340950,43750,3000000,5629,26435,30228,113,11.58
CROYDON,E09000008,Croydon,2016,338000,371938,27500,2750000,5184,27897,31245,118,12.12
CROYDON,E09000008,Croydon,2017,365000,399536,82500,4040000,4865,28163,32921,120,12.96
CROYDON,E09000008,Croydon,2018,380000,418065,83750,2720000,4092,29299,34732,113,12.97
CROYDON,E09000008,Croydon,2019,385000,413538,82500,2900000,4049,30093,34714,130,12.79
CROYDON,E09000008,Croydon,2020,399950,426357,82500,2450000,3823,29372,35583,121,13.62
CROYDON,E09000008,Croydon,2021,408500,441643,82500,3000000,5826,32065,36934,131,12.74
CROYDON,E09000008,Croydon,2022,425000,462418,82500,3187000,4697,34034,38092,120,12.49
CROYDON,E09000008,Croydon,2023,410000,448415,82500,3450000,3434,36744,41830,124,11.16
CROYDON,E09000008,Croydon,2024,420000,457880,82250,3700000,3653,38033,42994,146,11.04
CROYDON,E09000008,Croydon,2025,425000,462451,82500,3175000,3942,38080,43961,144,11.16
CUMBERLAND,E06000063,Cumberland UA,2022,210000,231768,30000,950000,1032,25624,29957,98,8.2
CUMBERLAND,E06000063,Cumberland UA,2023,161000,197711,30000,1800000,3725,29412,33063,105,5.47
CUMBERLAND,E06000063,Cumberland UA,2024,175000,205901,15000,2150000,4455,31136,35528,105,5.62
CUMBERLAND,E06000063,Cumberland UA,2025,175250,208814,30000,1500000,4566,33840,38801,114,5.18
DACORUM,E07000096,Dacorum,2015,325000,404660,50000,4700000,2827,25877,35611,56,12.56
DACORUM,E07000096,Dacorum,2016,340000,419617,64750,2767450,2549,26335,35702,59,12.91
DACORUM,E07000096,Dacorum,2017,385000,458011,77000,2465000,2306,27322,38143,54,14.09
DACORUM,E07000096,Dacorum,2018,377500,450752,77000,3000000,2205,27006,34227,53,13.98
DACORUM,E07000096,Dacorum,2019,372250,450506,75000,3000000,2000,28176,32428,54,13.21
DACORUM,E07000096,Dacorum,2020,410000,487987,90000,3165000,1951,29998,35992,50,13.67
DACORUM,E07000096,Dacorum,2021,423500,507500,76000,3860000,3211,27308,33023,63,15.51
DACORUM,E07000096,Dacorum,2022,433000,520021,78750,4250000,2560,30073,35157,52,14.4
DACORUM,E07000096,Dacorum,2023,440000,533734,76000,3750000,1809,33876,40816,52,12.99
DACORUM,E07000096,Dacorum,2024,450000,541910,70000,3925000,1887,32537,40654,54,13.83
DACORUM,E07000096,Dacorum,2025,455657,558041,78000,3675000,2086,36473,48213,54,12.49
DARLINGTON,E06000005,Darlington UA,2015,131000,151764,25000,705000,1693,20659,24652,37,6.34
DARLINGTON,E06000005,Darlington,2016,132500,149985,21000,740000,1636,22580,26162,35,5.87
DARLINGTON,E06000005,Darlington,2017,138725,156636,38000,1130000,1688,22889,27006,36,6.06
DARLINGTON,E06000005,Darlington,2018,141500,161566,25000,1110000,1602,21867,26908,40,6.47
DARLINGTON,E06000005,Darlington,2019,143000,169394,38000,1100000,1664,23520,27827,39,6.08
DARLINGTON,E06000005,Darlington UA,2020,153500,178601,37500,1241794,1618,24146,27869,37,6.36
DARLINGTON,E06000005,Darlington UA,2021,160000,190970,20000,1100000,2400,24784,28341,35,6.46
DARLINGTON,E06000005,Darlington UA,2022,165995,202016,39995,2050000,1951,25811,30217,39,6.43
DARLINGTON,E06000005,Darlington UA,2023,164475,190880,38000,1100000,1606,27338,30620,37,6.02
DARLINGTON,E06000005,Darlington UA,2024,169497.5,194238,39000,795000,1712,27562,33417,36,6.15
DARLINGTON,E06000005,Darlington UA,2025,180000,208788,39150,1150000,1740,30100,35551,42,5.98
DARTFORD,E07000107,Dartford,2015,253747.5,270291,42500,1300000,2200,26212,30785,39,9.68
DARTFORD,E07000107,Dartford,2016,288000,303896,39999,1400000,2363,27622,29939,39,10.43
DARTFORD,E07000107,Dartford,2017,305000,318737,49000,1450000,2466,27011,30403,41,11.29
DARTFORD,E07000107,Dartford,2018,306500,329044,57000,1562000,2478,28763,32715,48,10.66
DARTFORD,E07000107,Dartford,2019,320000,336120,60000,1300000,1997,29473,31878,40,10.86
DARTFORD,E07000107,Dartford,2020,311000,339388,57500,2100000,1639,31959,34285,39,9.73
DARTFORD,E07000107,Dartford,2021,345000,364431,60000,1950000,2239,29056,33112,44,11.87
DARTFORD,E07000107,Dartford,2022,365000,388162,60000,2500000,1981,32171,35894,44,11.35
DARTFORD,E07000107,Dartford,2023,365000,383291,61250,1750000,1626,32539,39422,43,11.22
DARTFORD,E07000107,Dartford,2024,355000,377612,61250,2150000,1590,35029,41307,48,10.13
DARTFORD,E07000107,Dartford,2025,385000,404116,64500,1975000,1631,36210,43786,49,10.63
DAVENTRY,E07000151,Daventry,2015,227750,266205,52000,1300000,1624,24604,31607,27,9.26
DAVENTRY,E07000151,Daventry,2016,255950,293008,51000,3600000,1731,24430,32144,28,10.48
DAVENTRY,E07000151,Daventry,2017,269997.5,302690,52000,1500000,1756,25760,32023,29,10.48
DAVENTRY,E07000151,Daventry,2018,285000,321485,60000,1800000,1670,26070,31238,28,10.93
DAVENTRY,E07000151,Daventry,2019,275000,307408,55000,1260000,1487,28278,36248,32,9.72
DENBIGHSHIRE,W06000004,Denbighshire / Sir Ddinbych,2015,135000,157910,30000,695000,1338,19759,21039,30,6.83
DENBIGHSHIRE,W06000004,Denbighshire / Sir Ddinbych,2016,136900,160417,16600,1280000,1293,19738,21808,29,6.94
DENBIGHSHIRE,W06000004,Denbighshire / Sir Ddinbych,2017,140500,164816,1500,1100000,1479,20080,22741,28,7.0
DENBIGHSHIRE,W06000004,Denbighshire / Sir Ddinbych,2018,146000,171579,33000,857500,1445,20367,22801,30,7.17
DENBIGHSHIRE,W06000004,Denbighshire / Sir Ddinbych,2019,150749.5,175923,30500,830000,1442,20459,23914,30,7.37
DENBIGHSHIRE,W06000004,Denbighshire / Sir Ddinbych,2020,160000,187141,37500,710000,1267,21009,24077,33,7.62
DENBIGHSHIRE,W06000004,Denbighshire / Sir Ddinbych,2021,185000,218372,38000,1195000,1746,22009,24056,28,8.41
DENBIGHSHIRE,W06000004,Denbighshire / Sir Ddinbych,2022,190000,226162,39000,1300000,1632,23537,25129,30,8.07
DENBIGHSHIRE,W06000004,Denbighshire / Sir Ddinbych,2023,185000,214885,48500,950000,1247,23542,25516,31,7.86
DENBIGHSHIRE,W06000004,Denbighshire / Sir Ddinbych,2024,190000,219790,42000,790950,1239,25226,28098,32,7.53
DENBIGHSHIRE,W06000004,Denbighshire / Sir Ddinbych,2025,200000,229029,40000,1125000,1320,26812,29976,38,7.46
DERBYSHIRE DALES,E07000035,Derbyshire Dales,2015,225000,263986,40000,1170000,1190,20764,26432,24,10.84
DERBYSHIRE DALES,E07000035,Derbyshire Dales,2016,235000,277767,65000,1537500,1290,24084,29288,21,9.76
DERBYSHIRE DALES,E07000035,Derbyshire Dales,2017,245000,280537,79000,1500000,1196,25175,31125,21,9.73
DERBYSHIRE DALES,E07000035,Derbyshire Dales,2018,264300,297463,75000,1900000,1206,22677,31252,23,11.65
DERBYSHIRE DALES,E07000035,Derbyshire Dales,2019,265000,310255,82500,6000000,1212,25407,30621,20,10.43
DERBYSHIRE DALES,E07000035,Derbyshire Dales,2020,277500,327977,83200,1700000,1165,24736,32209,17,11.22
DERBYSHIRE DALES,E07000035,Derbyshire Dales,2021,297000,352024,83750,3350000,1563,22365,30151,19,13.28
DERBYSHIRE DALES,E07000035,Derbyshire Dales,2022,330000,381200,86000,3850000,1204,24872,28377,20,13.27
DERBYSHIRE DALES,E07000035,Derbyshire Dales,2023,320000,368953,83000,2800000,1000,29467,34759,24,10.86
DERBYSHIRE DALES,E07000035,Derbyshire Dales,2024,320000,377930,76000,2000000,1019,30645,34301,26,10.44
DERBYSHIRE DALES,E07000035,Derbyshire Dales,2025,320000,375944,87950,3775000,1087,33700,35488,23,9.5
DONCASTER,E08000017,Doncaster,2015,125000,142116,18000,850000,4120,18820,22278,96,6.64
DONCASTER,E08000017,Doncaster,2016,127500,146642,20000,700000,4339,19749,23392,92,6.46
DONCASTER,E08000017,Doncaster,2017,129995,148073,25000,1500000,4502,19643,23604,94,6.62
DONCASTER,E08000017,Doncaster,2018,130000,149490,25000,1250000,4593,21294,24590,92,6.11
DONCASTER,E08000017,Doncaster,2019,133500,153849,25000,1080000,4516,22631,25504,100,5.9
DONCASTER,E08000017,Doncaster,2020,142000,163504,25000,1300000,3924,24603,28564,94,5.77
DONCASTER,E08000017,Doncaster,2021,159972.5,182573,15600,1225000,5340,24884,27739,102,6.43
DONCASTER,E08000017,Doncaster,2022,165000,187810,25000,1500000,4963,25215,30285,89,6.54
DONCASTER,E08000017,Doncaster,2023,165000,186193,25000,2150000,3863,27448,31191,93,6.01
DONCASTER,E08000017,Doncaster,2024,174000,196529,32000,1700000,3878,30186,34118,101,5.76
DONCASTER,E08000017,Doncaster,2025,180000,212495,25000,29500000,4158,31119,33396,98,5.78
DORSET,E10000009,Dorset,2015,255000,326759,65000,1750000,41,20803,24573,140,12.26
DORSET,E10000009,Dorset,2016,269500,298156,100000,830000,38,21018,24745,135,12.82
DORSET,E10000009,Dorset,2017,315000,329518,110000,845000,45,21363,25266,139,14.75
DORSET,E06000059,Dorset,2018,275000,322191,60000,1430000,239,21526,25806,128,12.78
DORSET,E06000059,Dorset,2019,285000,324139,52500,2565000,5461,22832,27039,126,12.48
DORSET,E06000059,Dorset UA,2020,312000,348463,52500,3056000,6178,24799,28450,119,12.58
DORSET,E06000059,Dorset UA,2021,331000,380118,52500,3525000,8853,24579,27433,136,13.47
DORSET,E06000059,Dorset UA,2022,352500,404314,54375,3130000,7005,26504,30682,126,13.3
DORSET,E06000059,Dorset UA,2023,350000,403248,55000,2860000,5738,28724,32771,125,12.18
DORSET,E06000059,Dorset UA,2024,345550,388740,53000,3675000,6039,29709,32819,132,11.63
DORSET,E06000059,Dorset UA,2025,345000,384625,55000,2725000,6556,31444,35349,126,10.97
DOVER,E07000108,Dover,2015,195000,227528,40000,1525000,2347,,24041,,
DOVER,E07000108,Dover,2016,213995,242069,33000,1550000,2326,22412,25594,34,9.55
DOVER,E07000108,Dover,2017,232500,260495,50000,1275000,2228,22457,25183,33,10.35
DOVER,E07000108,Dover,2018,245475,274904,47250,1425000,1982,23593,27654,37,10.4
DOVER,E07000108,Dover,2019,250000,275291,47250,1300000,1902,27108,31139,32,9.22
DOVER,E07000108,Dover,2020,264950,301371,49500,1700000,1709,25548,32513,36,10.37
DOVER,E07000108,Dover,2021,281747.5,326266,40000,2100000,2686,25463,30126,36,11.06
DOVER,E07000108,Dover,2022,320000,353058,60000,3900000,2056,27809,34163,38,11.51
DOVER,E07000108,Dover,2023,310000,351006,56000,1825000,1448,28494,32954,34,10.88
DOVER,E07000108,Dover,2024,295000,336941,57598,1685000,1742,33352,36843,34,8.85
DOVER,E07000108,Dover,2025,294995,333804,48000,1898182,1873,33704,37963,34,8.75
DUDLEY,E08000027,Dudley,2015,147500,163021,20000,795000,4227,21252,24256,117,6.94
DUDLEY,E08000027,Dudley,2016,150000,168828,26500,915000,4482,21689,25311,111,6.92
DUDLEY,E08000027,Dudley,2017,158000,174666,38500,875000,4323,22510,25557,112,7.02
DUDLEY,E08000027,Dudley,2018,164000,182040,5450,965000,4435,22510,25792,115,7.29
DUDLEY,E08000027,Dudley,2019,173000,191579,39000,1500000,4377,24938,28111,108,6.94
DUDLEY,E08000027,Dudley,2020,185995,206384,37000,965000,3615,26544,30165,104,7.01
DUDLEY,E08000027,Dudley,2021,200000,223203,37000,1750000,5123,25567,28323,108,7.82
DUDLEY,E08000027,Dudley,2022,215000,234629,37000,1050000,4076,25986,29292,99,8.27
DUDLEY,E08000027,Dudley,2023,218000,237983,39000,2300000,3202,27003,29827,95,8.07
DUDLEY,E08000027,Dudley,2024,230000,248296,42000,1400000,3647,30191,32580,107,7.62
DUDLEY,E08000027,Dudley,2025,244000,261549,40000,2075000,3816,30822,34571,123,7.92
EALING,E09000009,Ealing,2015,432500,525521,15000,3400000,3497,26402,32850,113,16.38
EALING,E09000009,Ealing,2016,465000,554548,80000,3750000,3065,27197,33269,112,17.1
EALING,E09000009,Ealing,2017,480000,573642,85500,3900000,2628,26847,33555,110,17.88
EALING,E09000009,Ealing,2018,470000,559315,82500,3400000,2705,27673,38361,113,16.98
EALING,E09000009,Ealing,2019,466250,565610,84000,4250000,2632,27892,37536,107,16.72
EALING,E09000009,Ealing,2020,500000,598316,80625,3700000,2369,31292,43320,111,15.98
EALING,E09000009,Ealing,2021,505000,610983,80000,8250000,3955,29676,41583,122,17.02
EALING,E09000009,Ealing,2022,535000,635300,83938,5753270,3694,30770,41479,108,17.39
EALING,E09000009,Ealing,2023,528750,633930,82500,4325000,2682,32701,45658,107,16.17
EALING,E09000009,Ealing,2024,520000,645696,79500,6000000,2984,36114,46917,112,14.4
EALING,E09000009,Ealing,2025,532750,653636,8000,4600000,2819,35665,45109,125,14.94
EAST CAMBRIDGESHIRE,E07000009,East Cambridgeshire,2015,239999.5,263510,41760,1250000,1416,24148,,36,9.94
EAST CAMBRIDGESHIRE,E07000009,East Cambridgeshire,2016,260000,293323,37000,1850000,1390,24422,,32,10.65
EAST CAMBRIDGESHIRE,E07000009,East Cambridgeshire,2017,275000,305822,85000,1100000,1373,25211,32600,35,10.91
EAST CAMBRIDGESHIRE,E07000009,East Cambridgeshire,2018,280000,306886,70000,1110000,1400,24885,30966,32,11.25
EAST CAMBRIDGESHIRE,E07000009,East Cambridgeshire,2019,295000,328926,57500,2000000,1280,,33333,37,
EAST CAMBRIDGESHIRE,E07000009,East Cambridgeshire,2020,312500,339505,65000,1350000,1195,27240,34796,38,11.47
EAST CAMBRIDGESHIRE,E07000009,East Cambridgeshire,2021,321122.5,352605,65000,3000000,2024,27093,33599,35,11.85
EAST CAMBRIDGESHIRE,E07000009,East Cambridgeshire,2022,340000,375563,80000,2750000,1826,,36832,38,
EAST CAMBRIDGESHIRE,E07000009,East Cambridgeshire,2023,355000,379237,70000,2000000,1264,,37460,37,
EAST CAMBRIDGESHIRE,E07000009,East Cambridgeshire,2024,350000,383688,67500,2190000,1292,33204,45988,39,10.54
EAST CAMBRIDGESHIRE,E07000009,East Cambridgeshire,2025,345000,379969,63500,1545000,1327,34311,50562,41,10.06
EAST DEVON,E07000040,East Devon,2015,240000,276275,45000,1850000,3330,21303,24251,41,11.27
EAST DEVON,E07000040,East Devon,2016,246995,284798,50000,1742000,3352,22406,26430,39,11.02
EAST DEVON,E07000040,East Devon,2017,265000,308684,58000,1550000,3250,21793,25577,37,12.16
EAST DEVON,E07000040,East Devon,2018,280000,320006,60000,1950000,3056,21728,25979,42,12.89
EAST DEVON,E07000040,East Devon,2019,279995,319556,58000,2150000,3110,22284,26983,43,12.56
EAST DEVON,E07000040,East Devon,2020,291500,340622,63000,1500000,2726,,25693,43,
EAST DEVON,E07000040,East Devon,2021,300000,355904,60000,2445000,4054,23551,28091,48,12.74
EAST DEVON,E07000040,East Devon,2022,329000,393137,60000,4800000,3123,,31043,45,
EAST DEVON,E07000040,East Devon,2023,345000,405255,57950,3100000,2434,27668,32433,45,12.47
EAST DEVON,E07000040,East Devon,2024,339972.5,393028,57500,3950000,2566,29914,35657,40,11.36
EAST DEVON,E07000040,East Devon,2025,330000,393549,62500,2200000,2580,32154,35950,46,10.26
EAST DORSET,E07000049,East Dorset,2015,310000,334361,35000,2150000,1832,22961,27128,26,13.5
EAST DORSET,E07000049,East Dorset,2016,330000,360654,67000,1725000,1738,20684,25075,28,15.95
EAST DORSET,E07000049,East Dorset,2017,352000,388897,60000,1385000,1737,,28009,29,
EAST HAMPSHIRE,E07000085,East Hampshire,2015,318747.5,367401,65000,3350000,2426,24739,34443,40,12.88
EAST HAMPSHIRE,E07000085,East Hampshire,2016,345000,403521,75000,3500000,2095,27328,36490,43,12.62
EAST HAMPSHIRE,E07000085,East Hampshire,2017,364950,422896,78750,3100000,2135,28986,37729,40,12.59
EAST HAMPSHIRE,E07000085,East Hampshire,2018,370000,425550,80000,3230000,2172,29632,40919,40,12.49
EAST HAMPSHIRE,E07000085,East Hampshire,2019,375000,430535,85000,7950000,2220,28138,42409,42,13.33
EAST HAMPSHIRE,E07000085,East Hampshire,2020,380000,452355,80000,3500000,1881,30079,36732,48,12.63
EAST HAMPSHIRE,E07000085,East Hampshire,2021,405000,485895,90000,20000000,2994,29212,38452,59,13.86
EAST HAMPSHIRE,E07000085,East Hampshire,2022,440000,523534,84000,7600000,2139,30858,36710,51,14.26
EAST HAMPSHIRE,E07000085,East Hampshire,2023,415000,509943,80000,6500001,1494,33074,40586,48,12.55
EAST HAMPSHIRE,E07000085,East Hampshire,2024,430000,505361,79950,5325000,1820,35162,,52,12.23
EAST HAMPSHIRE,E07000085,East Hampshire,2025,420000,513681,80000,8000000,1967,39682,,51,10.58
EAST HERTFORDSHIRE,E07000242,East Hertfordshire,2015,326725,382723,59200,3250000,2962,27505,40360,61,11.88
EAST HERTFORDSHIRE,E07000242,East Hertfordshire,2016,362500,427733,10000,3375000,2741,28874,34913,57,12.55
EAST HERTFORDSHIRE,E07000242,East Hertfordshire,2017,385000,441816,79995,3195000,2489,28083,34636,57,13.71
EAST HERTFORDSHIRE,E07000242,East Hertfordshire,2018,390000,452554,80500,2900000,2614,29992,45546,60,13.0
EAST HERTFORDSHIRE,E07000242,East Hertfordshire,2019,408120,469227,81616,2700000,2376,32821,48906,57,12.43
EAST HERTFORDSHIRE,E07000242,East Hertfordshire,2020,425000,488810,80000,3700000,2297,33055,44177,52,12.86
EAST HERTFORDSHIRE,E07000242,East Hertfordshire,2021,425000,494219,80500,5000000,3388,30454,42428,61,13.96
EAST HERTFORDSHIRE,E07000242,East Hertfordshire,2022,465000,526420,80625,3450000,2918,34861,50990,51,13.34
EAST HERTFORDSHIRE,E07000242,East Hertfordshire,2023,450000,519001,80500,2752500,2082,41003,53495,52,10.97
EAST HERTFORDSHIRE,E07000242,East Hertfordshire,2024,455000,510093,82500,3600000,2275,39455,54502,60,11.53
EAST HERTFORDSHIRE,E07000242,East Hertfordshire,2025,450000,515505,83750,4000000,2434,44154,,60,10.19
EAST LINDSEY,E07000137,East Lindsey,2015,147500,165012,10000,765000,2378,20995,23926,36,7.03
EAST LINDSEY,E07000137,East Lindsey,2016,150000,167628,28000,920000,2642,20654,23406,34,7.26
EAST LINDSEY,E07000137,East Lindsey,2017,160000,179689,13500,925000,2670,21130,24314,32,7.57
EAST LINDSEY,E07000137,East Lindsey,2018,167000,188003,36000,875000,2601,20989,23634,37,7.96
EAST LINDSEY,E07000137,East Lindsey,2019,175000,196619,39000,855000,2517,21054,23592,39,8.31
EAST LINDSEY,E07000137,East Lindsey,2020,180000,207498,38000,980000,2254,21134,22854,41,8.52
EAST LINDSEY,E07000137,East Lindsey,2021,200000,230493,37500,1295000,3537,20159,22635,48,9.92
EAST LINDSEY,E07000137,East Lindsey,2022,220000,246564,27500,1150000,2680,23736,27788,41,9.27
EAST LINDSEY,E07000137,East Lindsey,2023,215000,246302,23428,1200000,2061,26029,29280,41,8.26
EAST LINDSEY,E07000137,East Lindsey,2024,220000,245094,40000,1023000,2171,25462,29263,35,8.64
EAST LINDSEY,E07000137,East Lindsey,2025,218000,244509,29000,1075000,2287,26705,29720,40,8.16
EAST NORTHAMPTONSHIRE,E07000152,East Northamptonshire,2015,179000,211621,44000,1957500,1867,24791,28960,37,7.22
EAST NORTHAMPTONSHIRE,E07000152,East Northamptonshire,2016,192500,224121,45000,1375000,2010,26079,29358,37,7.38
EAST NORTHAMPTONSHIRE,E07000152,East Northamptonshire,2017,212750,246504,48750,2150000,1912,26118,28893,40,8.15
EAST NORTHAMPTONSHIRE,E07000152,East Northamptonshire,2018,225000,255804,45000,2150000,1701,26719,32021,36,8.42
EAST NORTHAMPTONSHIRE,E07000152,East Northamptonshire,2019,225000,256064,50000,1590000,1706,26775,30629,35,8.4
EAST RIDING OF YORKSHIRE,E06000011,East Riding of Yorkshire UA,2015,155000,181267,9000,1200000,6134,20999,25896,121,7.38
EAST RIDING OF YORKSHIRE,E06000011,East Riding of Yorkshire,2016,163000,188873,4926,1365000,6511,21865,25920,122,7.45
EAST RIDING OF YORKSHIRE,E06000011,East Riding of Yorkshire,2017,172500,202567,32000,1500000,6748,22147,26063,115,7.79
EAST RIDING OF YORKSHIRE,E06000011,East Riding of Yorkshire,2018,179950,208447,32500,2025000,6667,22553,,120,7.98
EAST RIDING OF YORKSHIRE,E06000011,East Riding of Yorkshire,2019,185000,214798,32000,1450000,6485,24413,29810,125,7.58
EAST RIDING OF YORKSHIRE,E06000011,East Riding of Yorkshire UA,2020,200000,233267,32000,1300000,5790,25623,29542,124,7.81
EAST RIDING OF YORKSHIRE,E06000011,East Riding of Yorkshire UA,2021,212000,242803,5000,1600000,8298,25427,28856,136,8.34
EAST RIDING OF YORKSHIRE,E06000011,East Riding of Yorkshire UA,2022,222000,250364,33000,1906000,7057,28253,31121,120,7.86
EAST RIDING OF YORKSHIRE,E06000011,East Riding of Yorkshire UA,2023,225000,255324,32000,1700000,5747,29216,32122,122,7.7
EAST RIDING OF YORKSHIRE,E06000011,East Riding of Yorkshire UA,2024,225000,253386,35000,1650000,6063,31674,36852,126,7.1
EAST RIDING OF YORKSHIRE,E06000011,East Riding of Yorkshire UA,2025,229950,258875,33000,2500000,6340,31881,37220,135,7.21
EAST STAFFORDSHIRE,E07000193,East Staffordshire,2015,160000,191420,45000,1100000,1889,19284,24284,46,8.3
EAST STAFFORDSHIRE,E07000193,East Staffordshire,2016,160000,196987,30000,2750000,2023,19795,24067,39,8.08
EAST STAFFORDSHIRE,E07000193,East Staffordshire,2017,175000,211643,50000,935000,1997,21311,24656,38,8.21
EAST STAFFORDSHIRE,E07000193,East Staffordshire,2018,179972.5,214618,46500,1135000,2164,21429,26344,41,8.4
EAST STAFFORDSHIRE,E07000193,East Staffordshire,2019,191500,220572,48000,1400000,2170,,27831,43,
EAST STAFFORDSHIRE,E07000193,East Staffordshire,2020,210995,249103,50000,3000000,1759,25866,28792,42,8.16
EAST STAFFORDSHIRE,E07000193,East Staffordshire,2021,220000,255182,42000,2050000,2607,23778,26823,44,9.25
EAST STAFFORDSHIRE,E07000193,East Staffordshire,2022,220000,251640,47000,1200000,2321,26817,31105,44,8.2
EAST STAFFORDSHIRE,E07000193,East Staffordshire,2023,225000,260211,50800,2700000,1837,28200,32500,43,7.98
EAST STAFFORDSHIRE,E07000193,East Staffordshire,2024,229995,265355,41250,2500000,1914,31034,36198,45,7.41
EAST STAFFORDSHIRE,E07000193,East Staffordshire,2025,242250,280328,50000,3100000,1930,31517,36148,45,7.69
EAST SUFFOLK,E07000244,East Suffolk,2018,289995,328774,53000,1200000,92,22649,26391,81,12.8
EAST SUFFOLK,E07000244,East Suffolk,2019,240000,277818,54000,2100000,3411,23288,28396,80,10.31
EAST SUFFOLK,E07000244,East Suffolk,2020,260000,305696,57000,3000000,3813,25072,28860,86,10.37
EAST SUFFOLK,E07000244,East Suffolk,2021,275000,324848,55000,3025000,5295,23359,26540,87,11.77
EAST SUFFOLK,E07000244,East Suffolk,2022,295000,346467,55000,4375000,4294,25054,28739,91,11.77
EAST SUFFOLK,E07000244,East Suffolk,2023,292500,346967,56000,2760000,3411,28739,31634,86,10.18
EAST SUFFOLK,E07000244,East Suffolk,2024,285000,331703,45000,2300000,3720,29350,32248,87,9.71
EAST SUFFOLK,E07000244,East Suffolk,2025,290000,344949,55000,17750000,3946,30261,34796,91,9.58
EASTBOURNE,E07000061,Eastbourne,2015,202500,224979,45950,1110000,2251,20178,23055,32,10.04
EASTBOURNE,E07000061,Eastbourne,2016,221000,245987,50000,1234000,2269,19557,24221,32,11.3
EASTBOURNE,E07000061,Eastbourne,2017,230000,255912,57500,1310000,2024,20483,23356,31,11.23
EASTBOURNE,E07000061,Eastbourne,2018,239950,264242,61500,1390000,1811,22840,26181,30,10.51
EASTBOURNE,E07000061,Eastbourne,2019,245000,273462,65000,1250000,1654,23352,26229,29,10.49
EASTBOURNE,E07000061,Eastbourne,2020,250000,284918,65000,1867700,1495,24153,29145,29,10.35
EASTBOURNE,E07000061,Eastbourne,2021,270750,303353,68000,2000000,2342,23627,27493,33,11.46
EASTBOURNE,E07000061,Eastbourne,2022,290000,323347,63000,1940000,1934,25334,28454,34,11.45
EASTBOURNE,E07000061,Eastbourne,2023,282725,314220,64000,2150000,1448,28390,33542,32,9.96
EASTBOURNE,E07000061,Eastbourne,2024,280000,311403,62500,1825000,1555,30405,34088,35,9.21
EASTBOURNE,E07000061,Eastbourne,2025,275000,307063,62500,1900000,1601,31199,35208,34,8.81
EASTLEIGH,E07000086,Eastleigh,2015,244000,268827,33750,1040000,2423,23168,27804,55,10.53
EASTLEIGH,E07000086,Eastleigh,2016,264250,292375,66000,1066088,2368,24486,28786,50,10.79
EASTLEIGH,E07000086,Eastleigh,2017,287500,316815,56000,1600000,2505,23834,29114,54,12.06
EASTLEIGH,E07000086,Eastleigh,2018,295000,320311,70000,1625000,2526,23308,28543,54,12.66
EASTLEIGH,E07000086,Eastleigh,2019,300000,327443,64500,1850000,2414,24953,30765,55,12.02
EASTLEIGH,E07000086,Eastleigh,2020,315000,336674,66400,1287500,2219,27361,31828,70,11.51
EASTLEIGH,E07000086,Eastleigh,2021,320000,359102,67000,2100000,2925,28822,31869,70,11.1
EASTLEIGH,E07000086,Eastleigh,2022,346000,379466,64500,2635000,2455,30086,32885,61,11.5
EASTLEIGH,E07000086,Eastleigh,2023,340000,371372,72000,2000000,1942,31093,35260,63,10.93
EASTLEIGH,E07000086,Eastleigh,2024,340000,369477,70000,1750000,2083,33129,38894,63,10.26
EASTLEIGH,E07000086,Eastleigh,2025,345000,373317,67500,1942000,2135,34474,42934,68,10.01
EDEN,E07000030,Eden,2015,185000,210269,35500,1375000,845,17712,20724,18,10.44
EDEN,E07000030,Eden,2016,185000,205571,24500,690000,852,17575,20404,18,10.53
EDEN,E07000030,Eden,2017,185750,218050,61000,1100000,954,20294,22592,18,9.15
EDEN,E07000030,Eden,2018,209950,229122,55000,755000,998,,22359,18,
EDEN,E07000030,Eden,2019,205000,234070,65000,2950000,973,20925,23082,19,9.8
EDEN,E07000030,Eden,2020,219500,244193,55100,1113100,868,24876,25371,20,8.82
EDEN,E07000030,Eden,2021,230000,264608,59233,1425000,1157,22117,24580,19,10.4
ELMBRIDGE,E07000207,Elmbridge,2015,507000,706877,82500,13500000,2390,30166,41761,47,16.81
ELMBRIDGE,E07000207,Elmbridge,2016,537450,735663,60000,8500000,2291,32371,45885,45,16.6
ELMBRIDGE,E07000207,Elmbridge,2017,570000,782361,100000,9500000,2056,30000,43130,47,19.0
ELMBRIDGE,E07000207,Elmbridge,2018,570000,766813,93000,7290000,2084,34003,47817,43,16.76
ELMBRIDGE,E07000207,Elmbridge,2019,585000,781064,98000,9723740,2071,37217,58516,47,15.72
ELMBRIDGE,E07000207,Elmbridge,2020,600000,821111,95000,8700000,2178,30177,,48,19.88
ELMBRIDGE,E07000207,Elmbridge,2021,625000,864526,96000,14327125,3306,32836,,48,19.03
ELMBRIDGE,E07000207,Elmbridge,2022,672500,945713,94500,16000000,2569,33068,,45,20.34
ELMBRIDGE,E07000207,Elmbridge,2023,660000,968100,98000,13000000,1790,38338,,47,17.22
ELMBRIDGE,E07000207,Elmbridge,2024,655000,899652,97500,11099223,2077,42502,,46,15.41
ELMBRIDGE,E07000207,Elmbridge,2025,659000,885196,99000,19000000,2193,42607,79026,48,15.47
ENFIELD,E09000010,Enfield,2015,331000,389538,48500,4099950,3522,24577,30063,95,13.47
ENFIELD,E09000010,Enfield,2016,385000,450092,58750,3650000,3071,25818,30335,88,14.91
ENFIELD,E09000010,Enfield,2017,405000,464520,52500,3400000,2651,25270,31123,90,16.03
ENFIELD,E09000010,Enfield,2018,400000,463871,100000,4300000,2398,26000,31556,88,15.38
ENFIELD,E09000010,Enfield,2019,412000,481809,100000,2660000,2366,25951,32418,88,15.88
ENFIELD,E09000010,Enfield,2020,425000,503421,100000,3865000,2124,26060,31894,96,16.31
ENFIELD,E09000010,Enfield,2021,460000,534912,104000,8000000,3521,27519,32481,94,16.72
ENFIELD,E09000010,Enfield,2022,470000,561885,100000,5100000,2750,29491,34225,85,15.94
ENFIELD,E09000010,Enfield,2023,466000,541627,100000,3700000,2094,30865,40112,87,15.1
ENFIELD,E09000010,Enfield,2024,469995,549580,100000,6500000,2345,35383,41585,99,13.28
ENFIELD,E09000010,Enfield,2025,480000,555474,100000,5600000,2580,34962,42206,102,13.73
EPPING FOREST,E07000072,Epping Forest,2015,380000,454721,87500,2625000,2335,27904,34456,40,13.62
EPPING FOREST,E07000072,Epping Forest,2016,415000,501517,88855,7500000,2014,26237,37681,41,15.82
EPPING FOREST,E07000072,Epping Forest,2017,442500,536129,112000,7500000,1990,27300,38663,42,16.21
EPPING FOREST,E07000072,Epping Forest,2018,449975,535284,113000,4750000,1888,27985,35185,43,16.08
EPPING FOREST,E07000072,Epping Forest,2019,450000,553598,54000,5250000,1753,27296,34549,41,16.49
EPPING FOREST,E07000072,Epping Forest,2020,485000,568002,120000,4500000,1721,28707,34849,45,16.89
EPPING FOREST,E07000072,Epping Forest,2021,502000,605407,113000,6015000,2581,28709,35561,42,17.49
EPPING FOREST,E07000072,Epping Forest,2022,510000,616884,127500,4350000,1929,31639,41382,38,16.12
EPPING FOREST,E07000072,Epping Forest,2023,480000,575738,135000,3325000,1430,32848,46379,41,14.61
EPPING FOREST,E07000072,Epping Forest,2024,510000,615351,119000,3750000,1692,36117,49296,48,14.12
EPPING FOREST,E07000072,Epping Forest,2025,520000,617305,115000,5000000,1880,38171,51841,49,13.62
EPSOM AND EWELL,E07000208,Epsom and Ewell,2015,425000,452374,97479,2170000,1349,28669,35875,30,14.82
EPSOM AND EWELL,E07000208,Epsom and Ewell,2016,455000,492032,110000,1800000,1318,28340,36990,32,16.06
EPSOM AND EWELL,E07000208,Epsom and Ewell,2017,470250,508618,65000,2450000,1164,32128,42953,31,14.64
EPSOM AND EWELL,E07000208,Epsom and Ewell,2018,470000,520517,114000,3860000,1044,30696,,31,15.31
EPSOM AND EWELL,E07000208,Epsom and Ewell,2019,465250,512435,114000,4500000,1086,,,31,
EPSOM AND EWELL,E07000208,Epsom and Ewell,2020,495000,527213,113750,1700000,1049,27991,34595,30,17.68
EPSOM AND EWELL,E07000208,Epsom and Ewell,2021,510000,547570,113750,2800000,1525,29545,33835,33,17.26
EPSOM AND EWELL,E07000208,Epsom and Ewell,2022,549975,591824,120000,2680000,1266,,,,
EPSOM AND EWELL,E07000208,Epsom and Ewell,2023,520000,572982,116000,3500000,1042,36874,44658,32,14.1
EPSOM AND EWELL,E07000208,Epsom and Ewell,2024,535000,575794,115000,1961886,967,40015,47734,31,13.37
EPSOM AND EWELL,E07000208,Epsom and Ewell,2025,551750,591989,117000,2400000,1080,43006,56209,32,12.83
EREWASH,E07000036,Erewash,2015,135000,158641,32000,940764,1994,22144,24911,43,6.1
EREWASH,E07000036,Erewash,2016,138000,161677,52500,825000,1881,22676,25691,41,6.09
EREWASH,E07000036,Erewash,2017,145000,170876,48500,895000,1929,22241,25443,43,6.52
EREWASH,E07000036,Erewash,2018,157500,180152,50000,910000,1913,22628,25772,43,6.96
EREWASH,E07000036,Erewash,2019,160000,180186,55000,1040000,1897,22992,26612,43,6.96
EREWASH,E07000036,Erewash,2020,172250,194904,50000,1250000,1674,25382,29699,42,6.79
EREWASH,E07000036,Erewash,2021,188000,218163,52000,1800000,2152,26220,29901,46,7.17
EREWASH,E07000036,Erewash,2022,205000,231243,55000,1500000,1879,28023,32161,42,7.32
EREWASH,E07000036,Erewash,2023,210000,237035,57333,1250000,1310,30181,32547,43,6.96
EREWASH,E07000036,Erewash,2024,210750,234563,56000,1100000,1502,30716,33141,41,6.86
EREWASH,E07000036,Erewash,2025,215000,241661,48000,1600000,1684,31673,33391,44,6.79
EXETER,E07000041,Exeter,2015,221000,253998,50000,1900000,2395,20055,23138,45,11.02
EXETER,E07000041,Exeter,2016,230000,263912,46500,2900000,2404,21005,24879,44,10.95
EXETER,E07000041,Exeter,2017,244000,272752,55000,1850000,2074,21049,23722,42,11.59
EXETER,E07000041,Exeter,2018,250000,285179,56000,3105000,2037,21367,24395,40,11.7
EXETER,E07000041,Exeter,2019,249995,287340,59000,2500000,1885,23369,26433,46,10.7
EXETER,E07000041,Exeter,2020,265000,300925,57000,1395000,1556,22176,25986,50,11.95
EXETER,E07000041,Exeter,2021,280000,319774,57200,2137500,2342,23340,26728,48,12.0
EXETER,E07000041,Exeter,2022,315000,356055,58000,2000000,2025,25425,29130,48,12.39
EXETER,E07000041,Exeter,2023,310000,357509,60000,2000000,1655,26294,30123,49,11.79
EXETER,E07000041,Exeter,2024,300000,348308,67200,1800000,1695,27786,33626,44,10.8
EXETER,E07000041,Exeter,2025,300000,351808,56000,3000000,1718,29531,32967,54,10.16
FAREHAM,E07000087,Fareham,2015,245000,273329,42500,2200000,2189,26161,29538,46,9.37
FAREHAM,E07000087,Fareham,2016,262500,296504,60750,4725000,2127,26837,29859,44,9.78
FAREHAM,E07000087,Fareham,2017,285000,316097,61000,1800000,2044,27060,30946,46,10.53
FAREHAM,E07000087,Fareham,2018,285000,317985,60375,4000000,1984,27033,33102,43,10.54
FAREHAM,E07000087,Fareham,2019,290000,323206,54250,2975000,1854,28148,36280,41,10.3
FAREHAM,E07000087,Fareham,2020,309000,345043,60000,2200000,1593,27785,32588,49,11.12
FAREHAM,E07000087,Fareham,2021,320000,363686,55300,6500000,2469,,35160,50,
FAREHAM,E07000087,Fareham,2022,350000,385155,60000,2600000,1809,30580,35013,40,11.45
FAREHAM,E07000087,Fareham,2023,345000,378518,60000,3200000,1429,,37907,,
FAREHAM,E07000087,Fareham,2024,350000,387157,64000,2105000,1746,35497,42335,46,9.86
FAREHAM,E07000087,Fareham,2025,348000,384310,59500,2175000,1957,38851,46340,44,8.96
FENLAND,E07000010,Fenland,2015,150000,167128,32000,850000,1776,20554,24154,33,7.3
FENLAND,E07000010,Fenland,2016,163000,180935,47000,675000,1999,21612,24198,33,7.54
FENLAND,E07000010,Fenland,2017,179950,197668,56000,1435500,1995,22244,25630,36,8.09
FENLAND,E07000010,Fenland,2018,185000,203724,40000,730000,1813,21914,25799,37,8.44
FENLAND,E07000010,Fenland,2019,190000,212042,45000,875000,1710,22511,26545,36,8.44
FENLAND,E07000010,Fenland,2020,205000,227688,57000,1160000,1445,24024,25824,36,8.53
FENLAND,E07000010,Fenland,2021,215000,239927,63000,900000,2355,23509,26238,38,9.15
FENLAND,E07000010,Fenland,2022,235250,255592,54000,900000,2006,26513,29372,39,8.87
FENLAND,E07000010,Fenland,2023,235000,251667,55000,1000000,1456,,31589,37,
FENLAND,E07000010,Fenland,2024,235000,253113,55765,935000,1552,31911,32998,39,7.36
FENLAND,E07000010,Fenland,2025,235000,255319,55000,948635,1626,30125,33476,40,7.8
FLINTSHIRE,W06000005,Flintshire / Sir y Fflint,2015,154995,172290,35000,900000,2363,21164,23878,57,7.32
FLINTSHIRE,W06000005,Flintshire / Sir y Fflint,2016,155950,173464,28000,650000,2477,22688,25139,57,6.87
FLINTSHIRE,W06000005,Flintshire / Sir y Fflint,2017,159950,178322,41000,1390000,2332,21524,24682,53,7.43
FLINTSHIRE,W06000005,Flintshire / Sir y Fflint,2018,160500,182974,43000,2173000,2379,21631,25172,56,7.42
FLINTSHIRE,W06000005,Flintshire / Sir y Fflint,2019,165000,186281,960,795000,2419,22783,26259,62,7.24
FLINTSHIRE,W06000005,Flintshire / Sir y Fflint,2020,175000,200134,40000,1255000,1975,23989,29834,63,7.3
FLINTSHIRE,W06000005,Flintshire / Sir y Fflint,2021,186500,214573,35000,1100000,2893,24829,32620,59,7.51
FLINTSHIRE,W06000005,Flintshire / Sir y Fflint,2022,200000,231202,30000,1500000,2380,27926,33263,55,7.16
FLINTSHIRE,W06000005,Flintshire / Sir y Fflint,2023,195000,225180,40000,1050000,1845,28291,31176,56,6.89
FLINTSHIRE,W06000005,Flintshire / Sir y Fflint,2024,205000,229741,40000,2150000,1987,30594,33982,57,6.7
FLINTSHIRE,W06000005,Flintshire / Sir y Fflint,2025,220000,243691,56000,1100000,2173,32675,36407,59,6.73
FOLKESTONE AND HYTHE,E07000112,Folkestone and Hythe,2017,345000,333675,96000,550000,15,22991,27648,33,15.01
FOLKESTONE AND HYTHE,E07000112,Folkestone and Hythe,2018,160000,218823,97000,565000,17,22629,26383,35,7.07
FOLKESTONE AND HYTHE,E07000112,Folkestone and Hythe,2019,261000,291775,55000,1350000,1028,25967,29604,35,10.05
FOLKESTONE AND HYTHE,E07000112,Folkestone and Hythe,2020,280541.5,318549,61250,1411000,1662,24390,28574,33,11.5
FOLKESTONE AND HYTHE,E07000112,Folkestone and Hythe,2021,306000,343178,55000,1825000,2625,26078,29282,37,11.73
FOLKESTONE AND HYTHE,E07000112,Folkestone and Hythe,2022,320000,365887,56500,1735000,2006,28378,31889,38,11.28
FOLKESTONE AND HYTHE,E07000112,Folkestone and Hythe,2023,300000,337429,53500,1475000,1640,,31199,,
FOLKESTONE AND HYTHE,E07000112,Folkestone and Hythe,2024,310000,357028,54000,12400000,1650,32877,34623,35,9.43
FOLKESTONE AND HYTHE,E07000112,Folkestone and Hythe,2025,320000,354932,53750,2100000,1878,33355,36868,36,9.59
FOREST HEATH,E07000201,Forest Heath,2015,179950,203836,38000,750000,1319,,22988,19,
FOREST HEATH,E07000201,Forest Heath,2016,197000,226434,57200,2500000,1329,20300,23217,19,9.7
FOREST HEATH,E07000201,Forest Heath,2017,210000,234675,58500,1270000,1316,21551,30893,20,9.74
FOREST OF DEAN,E07000080,Forest of Dean,2015,183500,212278,40000,1930000,1352,20796,25796,26,8.82
FOREST OF DEAN,E07000080,Forest of Dean,2016,190000,221953,39000,850000,1483,,26181,26,
FOREST OF DEAN,E07000080,Forest of Dean,2017,205000,236934,50000,1637500,1413,21489,27517,25,9.54
FOREST OF DEAN,E07000080,Forest of Dean,2018,220000,251607,50000,1390000,1281,22088,26008,27,9.96
FOREST OF DEAN,E07000080,Forest of Dean,2019,230000,255624,50000,899950,1268,,28293,27,
FOREST OF DEAN,E07000080,Forest of Dean,2020,256000,287216,54000,950000,1175,23649,28959,25,10.82
FOREST OF DEAN,E07000080,Forest of Dean,2021,269995,307004,50000,1400000,1951,23576,29455,27,11.45
FOREST OF DEAN,E07000080,Forest of Dean,2022,285000,322900,62000,1600000,1471,30174,32964,24,9.45
FOREST OF DEAN,E07000080,Forest of Dean,2023,283997.5,322232,60000,1675000,1048,31201,32977,29,9.1
FOREST OF DEAN,E07000080,Forest of Dean,2024,280000,316739,53500,1200000,1134,31839,33098,24,8.79
FOREST OF DEAN,E07000080,Forest of Dean,2025,280000,321503,60000,1175000,1179,36589,37511,28,7.65
FYLDE,E07000119,Fylde,2015,184950,207169,20000,1435265,1523,20904,28386,24,8.85
FYLDE,E07000119,Fylde,2016,191995,214556,37500,1275000,1767,22241,28212,24,8.63
FYLDE,E07000119,Fylde,2017,195750,226231,4000,2150000,1733,24096,27890,22,8.12
FYLDE,E07000119,Fylde,2018,195995,227686,45000,1420000,1598,26437,32034,28,7.41
FYLDE,E07000119,Fylde,2019,199950,226938,1525,2170000,1623,27608,33921,27,7.24
FYLDE,E07000119,Fylde,2020,218000,251346,43000,1700000,1484,27093,32437,25,8.05
FYLDE,E07000119,Fylde,2021,223750,256307,46000,1500000,2101,26863,31021,29,8.33
FYLDE,E07000119,Fylde,2022,232250,273660,43500,1750000,1852,27535,30964,27,8.43
FYLDE,E07000119,Fylde,2023,240000,276719,45000,1625000,1336,33693,39556,27,7.12
FYLDE,E07000119,Fylde,2024,242000,274987,42500,2050000,1447,33230,39538,23,7.28
FYLDE,E07000119,Fylde,2025,245000,285177,42500,2050000,1464,36020,43029,28,6.8
GATESHEAD,E08000037,Gateshead,2015,129999,144655,16000,765000,2521,21498,24486,75,6.05
GATESHEAD,E08000037,Gateshead,2016,129000,144830,29000,790000,2625,21306,24213,75,6.05
GATESHEAD,E08000037,Gateshead,2017,132000,151010,30000,720000,2650,21085,23971,76,6.26
GATESHEAD,E08000037,Gateshead,2018,139950,157003,31500,830000,2656,21560,24462,76,6.49
GATESHEAD,E08000037,Gateshead,2019,138000,157548,34000,830000,2463,22259,25795,73,6.2
GATESHEAD,E08000037,Gateshead,2020,147000,168055,5650,840000,2357,22601,26233,62,6.5
GATESHEAD,E08000037,Gateshead,2021,150000,174257,32000,1190000,3147,23263,27157,65,6.45
GATESHEAD,E08000037,Gateshead,2022,150000,173173,31000,1125000,2893,25036,28630,70,5.99
GATESHEAD,E08000037,Gateshead,2023,156000,182649,31000,910000,2479,26479,30032,70,5.89
GATESHEAD,E08000037,Gateshead,2024,163000,186428,31000,1475000,2641,27490,30106,67,5.93
GATESHEAD,E08000037,Gateshead,2025,165000,192969,32000,1400000,2587,29494,32445,68,5.59
GEDLING,E07000173,Gedling,2015,150000,175772,30000,1200000,2049,22164,26043,42,6.77
GEDLING,E07000173,Gedling,2016,152250,178612,45000,985000,1988,22023,27479,40,6.91
GEDLING,E07000173,Gedling,2017,169000,196031,52000,1525000,2021,23371,27058,39,7.23
GEDLING,E07000173,Gedling,2018,178000,203233,53715,1000000,2059,23731,29166,42,7.5
GEDLING,E07000173,Gedling,2019,185000,209488,56000,912500,2203,22608,29376,41,8.18
GEDLING,E07000173,Gedling,2020,200000,224322,52000,1350000,1845,23150,26543,44,8.64
GEDLING,E07000173,Gedling,2021,220000,254006,52500,1790000,2472,23215,26687,41,9.48
GEDLING,E07000173,Gedling,2022,240000,265586,63000,2175000,2218,24783,28250,40,9.68
GEDLING,E07000173,Gedling,2023,248000,270871,51490,1950000,1738,26317,30775,43,9.42
GEDLING,E07000173,Gedling,2024,255000,280302,52500,3900000,1925,28072,32910,43,9.08
GEDLING,E07000173,Gedling,2025,255000,280476,50000,1545000,1946,30051,35243,48,8.49
GLOUCESTER,E07000081,Gloucester,2015,165000,177849,40000,820000,2392,20758,23739,50,7.95
GLOUCESTER,E07000081,Gloucester,2016,178500,189139,47550,605000,2449,21689,24638,49,8.23
GLOUCESTER,E07000081,Gloucester,2017,185000,197671,55000,860000,2347,21242,24385,51,8.71
GLOUCESTER,E07000081,Gloucester,2018,193000,207200,56000,885000,2214,22897,25840,51,8.43
GLOUCESTER,E07000081,Gloucester,2019,204750,216560,42500,1350000,2122,22760,26298,53,9.0
GLOUCESTER,E07000081,Gloucester,2020,217750,230576,56875,726000,1766,23311,26315,39,9.34
GLOUCESTER,E07000081,Gloucester,2021,224000,239502,55716,1500000,2477,23649,26681,48,9.47
GLOUCESTER,E07000081,Gloucester,2022,250000,260402,55000,775000,2110,25811,30489,43,9.69
GLOUCESTER,E07000081,Gloucester,2023,245000,260112,57000,825000,1705,27144,32275,51,9.03
GLOUCESTER,E07000081,Gloucester,2024,252000,267690,56500,895000,1794,29401,32684,51,8.57
GLOUCESTER,E07000081,Gloucester,2025,255000,266560,59000,900000,1962,30455,32734,53,8.37
GOSPORT,E07000088,Gosport,2015,167500,192099,30000,1385000,1521,22427,24996,30,7.47
GOSPORT,E07000088,Gosport,2016,182000,202551,33750,800000,1437,21650,25734,31,8.41
GOSPORT,E07000088,Gosport,2017,202000,223248,32500,850000,1547,23982,26370,31,8.42
GOSPORT,E07000088,Gosport,2018,205000,231579,47500,875000,1291,22206,25507,33,9.23
GOSPORT,E07000088,Gosport,2019,208000,233679,43750,752500,1321,23800,28158,28,8.74
GOSPORT,E07000088,Gosport,2020,220500,250451,51500,1250000,1156,25311,29014,32,8.71
GOSPORT,E07000088,Gosport,2021,232500,256197,44450,925000,1675,26464,29375,39,8.79
GOSPORT,E07000088,Gosport,2022,255000,272972,54000,1105000,1272,26644,29813,35,9.57
GOSPORT,E07000088,Gosport,2023,245000,266723,57750,1220000,989,29115,31641,35,8.41
GOSPORT,E07000088,Gosport,2024,250000,275787,42500,1225000,1130,31770,33332,34,7.87
GOSPORT,E07000088,Gosport,2025,255000,280976,43750,1225000,1185,34256,36257,36,7.44
GRAVESHAM,E07000109,Gravesham,2015,230000,259769,56000,1400000,1431,23018,26682,37,9.99
GRAVESHAM,E07000109,Gravesham,2016,263000,287903,55000,1132000,1335,23409,26908,37,11.23
GRAVESHAM,E07000109,Gravesham,2017,285000,311359,73500,1410000,1382,22467,27382,40,12.69
GRAVESHAM,E07000109,Gravesham,2018,295000,318812,70000,1640000,1367,23423,28460,38,12.59
GRAVESHAM,E07000109,Gravesham,2019,290000,319839,69100,2900000,1196,25639,31625,36,11.31
GRAVESHAM,E07000109,Gravesham,2020,310000,340944,70000,1600000,1017,26446,35483,37,11.72
GRAVESHAM,E07000109,Gravesham,2021,331975,363459,76000,1500000,1588,27368,30677,37,12.13
GRAVESHAM,E07000109,Gravesham,2022,365000,387953,70000,1550000,1383,29641,33338,36,12.31
GRAVESHAM,E07000109,Gravesham,2023,346000,366446,69000,1350000,954,,36684,35,
GRAVESHAM,E07000109,Gravesham,2024,350000,368735,72500,1660000,1003,30996,35194,38,11.29
GRAVESHAM,E07000109,Gravesham,2025,370000,395651,72000,1300000,1213,35065,40172,36,10.55
GREAT YARMOUTH,E07000145,Great Yarmouth,2015,150000,161678,10000,650000,1691,17445,20988,33,8.6
GREAT YARMOUTH,E07000145,Great Yarmouth,2016,155000,171574,18000,980000,1705,18502,22077,30,8.38
GREAT YARMOUTH,E07000145,Great Yarmouth,2017,169995,183921,39999,800000,1648,17414,21527,28,9.76
GREAT YARMOUTH,E07000145,Great Yarmouth,2018,175000,189311,38000,750000,1568,,21918,,
GREAT YARMOUTH,E07000145,Great Yarmouth,2019,182995,195205,2000,875000,1779,19882,23673,28,9.2
GREAT YARMOUTH,E07000145,Great Yarmouth,2020,190000,206915,43000,1350000,1557,21414,25621,32,8.87
GREAT YARMOUTH,E07000145,Great Yarmouth,2021,210000,228946,38000,3050000,2080,22283,25303,38,9.42
GREAT YARMOUTH,E07000145,Great Yarmouth,2022,230000,247859,2400,2300000,1749,26172,27481,31,8.79
GREAT YARMOUTH,E07000145,Great Yarmouth,2023,222500,240037,28000,900000,1176,26867,29071,33,8.28
GREAT YARMOUTH,E07000145,Great Yarmouth,2024,220000,236867,21500,810000,1437,28180,31242,30,7.81
GREAT YARMOUTH,E07000145,Great Yarmouth,2025,225000,247884,31000,1180000,1466,28808,31828,35,7.81
GREENWICH,E09000011,Greenwich,2015,352500,402656,61250,3800000,4077,28000,37411,82,12.59
GREENWICH,E09000011,Greenwich,2016,395000,446515,46210,3342000,3791,28860,38421,80,13.69
GREENWICH,E09000011,Greenwich,2017,420000,462902,91250,2935000,3400,28078,37747,81,14.96
GREENWICH,E09000011,Greenwich,2018,430000,471146,87500,3075000,3394,30923,41664,89,13.91
GREENWICH,E09000011,Greenwich,2019,460000,499034,87500,3837000,3256,31117,41542,84,14.78
GREENWICH,E09000011,Greenwich,2020,462000,500224,80000,2700000,2803,32186,43108,81,14.35
GREENWICH,E09000011,Greenwich,2021,450000,504827,82500,4250000,3874,31116,39884,90,14.46
GREENWICH,E09000011,Greenwich,2022,480000,530196,88500,3025000,3315,34562,41073,82,13.89
GREENWICH,E09000011,Greenwich,2023,455000,516064,87500,3500000,2296,37133,45790,76,12.25
GREENWICH,E09000011,Greenwich,2024,460000,526344,87500,4600000,2881,39790,47685,91,11.56
GREENWICH,E09000011,Greenwich,2025,460000,517602,87500,3150000,2635,39984,,107,11.5
GUILDFORD,E07000209,Guildford,2015,380000,477750,75000,3300000,2274,28494,38104,50,13.34
GUILDFORD,E07000209,Guildford,2016,420000,522278,70000,3700000,2091,29110,34517,53,14.43
GUILDFORD,E07000209,Guildford,2017,430000,533175,85500,6100000,1984,31250,39750,54,13.76
GUILDFORD,E07000209,Guildford,2018,450000,552487,78125,4000000,1911,31319,39178,51,14.37
GUILDFORD,E07000209,Guildford,2019,430000,544372,87500,3450000,1740,34430,45014,51,12.49
GUILDFORD,E07000209,Guildford,2020,465000,580399,80000,4150000,1702,32832,43256,52,14.16
GUILDFORD,E07000209,Guildford,2021,483000,604323,78000,5300000,2779,32518,41792,57,14.85
GUILDFORD,E07000209,Guildford,2022,510000,644835,85000,7750000,2381,37942,48579,55,13.44
GUILDFORD,E07000209,Guildford,2023,500000,629902,79950,6300000,1765,,48061,47,
GUILDFORD,E07000209,Guildford,2024,500000,630892,81000,6000000,1886,37848,,52,13.21
GUILDFORD,E07000209,Guildford,2025,505000,625839,85000,4500000,2028,39985,54626,57,12.63
GWYNEDD,W06000002,Gwynedd / Gwynedd,2015,145000,162734,30000,1050000,1690,17804,21258,39,8.14
GWYNEDD,W06000002,Gwynedd / Gwynedd,2016,145000,169150,16250,2255000,1769,17201,21373,37,8.43
GWYNEDD,W06000002,Gwynedd / Gwynedd,2017,155000,179698,30000,2020000,1775,18784,22086,36,8.25
GWYNEDD,W06000002,Gwynedd / Gwynedd,2018,152500,175534,37000,910000,1854,19084,22021,38,7.99
GWYNEDD,W06000002,Gwynedd / Gwynedd,2019,160000,186888,38500,1600000,1805,20281,23468,34,7.89
GWYNEDD,W06000002,Gwynedd / Gwynedd,2020,165000,193636,37500,1190000,1486,21525,24192,32,7.67
GWYNEDD,W06000002,Gwynedd / Gwynedd,2021,180000,219421,40000,2600000,2075,19875,23116,40,9.06
GWYNEDD,W06000002,Gwynedd / Gwynedd,2022,192500,237444,37500,2000000,1785,22545,26376,35,8.54
GWYNEDD,W06000002,Gwynedd / Gwynedd,2023,187000,231763,39999,3627787,1441,24209,27336,38,7.72
GWYNEDD,W06000002,Gwynedd / Gwynedd,2024,190000,229328,37000,1942500,1489,24186,28172,36,7.86
GWYNEDD,W06000002,Gwynedd / Gwynedd,2025,194999.5,224913,27000,1200000,1534,25179,29318,43,7.74
HACKNEY,E09000012,Hackney,2015,490000,565648,72500,2992000,2847,28739,32460,74,17.05
HACKNEY,E09000012,Hackney,2016,537000,603271,90000,3250000,2481,28847,33134,72,18.62
HACKNEY,E09000012,Hackney,2017,535000,614890,93750,3000000,2255,30016,37259,81,17.82
HACKNEY,E09000012,Hackney,2018,550000,617693,92500,3370000,2008,29351,34129,77,18.74
HACKNEY,E09000012,Hackney,2019,600000,688516,95000,5500000,2355,28790,36493,79,20.84
HACKNEY,E09000012,Hackney,2020,620000,713240,98750,6398060,1893,31045,38984,82,19.97
HACKNEY,E09000012,Hackney,2021,592500,687539,96000,4200000,3166,29775,39182,83,19.9
HACKNEY,E09000012,Hackney,2022,615000,728779,97500,9150000,2503,,45631,77,
HACKNEY,E09000012,Hackney,2023,600000,721734,97500,3665000,1925,34589,47846,72,17.35
HACKNEY,E09000012,Hackney,2024,600000,713901,97000,5600000,2269,39211,50557,87,15.3
HACKNEY,E09000012,Hackney,2025,591000,720591,92500,3725000,2227,40237,51030,88,14.69
HALTON,E06000006,Halton UA,2015,128000,151919,23250,695000,1541,21350,25105,46,6.0
HALTON,E06000006,Halton,2016,135000,158454,25000,649995,1720,21537,25707,45,6.27
HALTON,E06000006,Halton,2017,140000,162050,31000,651995,1882,21426,25530,46,6.53
HALTON,E06000006,Halton,2018,139950,161053,30000,685000,1808,21958,26328,44,6.37
HALTON,E06000006,Halton,2019,150000,171840,39999,1080000,1595,22695,26308,45,6.61
HALTON,E06000006,Halton UA,2020,155000,177380,32000,810000,1405,24019,29333,42,6.45
HALTON,E06000006,Halton UA,2021,162000,193804,31250,1400000,1807,23583,27796,51,6.87
HALTON,E06000006,Halton UA,2022,173000,200065,44000,1050000,1585,25870,29988,42,6.69
HALTON,E06000006,Halton UA,2023,172750,208320,39999,1113000,1288,,30662,44,
HALTON,E06000006,Halton UA,2024,187750,224101,35000,1100000,1490,29989,33926,45,6.26
HALTON,E06000006,Halton UA,2025,199000,230250,40000,1525000,1574,29819,34637,50,6.67
HAMBLETON,E07000164,Hambleton,2015,215000,246330,50000,1575000,1445,19342,24840,26,11.12
HAMBLETON,E07000164,Hambleton,2016,223250,255274,54000,1400000,1412,21531,26099,27,10.37
HAMBLETON,E07000164,Hambleton,2017,228000,263463,50000,4000000,1503,21881,28175,27,10.42
HAMBLETON,E07000164,Hambleton,2018,228000,259461,50000,1400000,1469,22529,27639,25,10.12
HAMBLETON,E07000164,Hambleton,2019,235000,268849,65000,2050000,1534,23790,30023,27,9.88
HAMBLETON,E07000164,Hambleton,2020,250000,292323,67500,2130000,1395,24110,27876,27,10.37
HAMBLETON,E07000164,Hambleton,2021,270000,316829,43000,2200000,1913,22875,27713,27,11.8
HAMMERSMITH AND FULHAM,E09000013,Hammersmith and Fulham,2015,730000,940404,73750,8140000,2431,34438,45028,52,21.2
HAMMERSMITH AND FULHAM,E09000013,Hammersmith and Fulham,2016,730000,938491,118750,8585000,2178,34685,48029,54,21.05
HAMMERSMITH AND FULHAM,E09000013,Hammersmith and Fulham,2017,780000,984602,128750,8451840,2119,35995,54037,59,21.67
HAMMERSMITH AND FULHAM,E09000013,Hammersmith and Fulham,2018,767000,996192,125000,11000000,2171,35983,52965,61,21.32
HAMMERSMITH AND FULHAM,E09000013,Hammersmith and Fulham,2019,725000,958873,127500,22340000,1902,38799,51795,60,18.69
HAMMERSMITH AND FULHAM,E09000013,Hammersmith and Fulham,2020,780000,987688,112500,8500000,2103,37296,53868,62,20.91
HAMMERSMITH AND FULHAM,E09000013,Hammersmith and Fulham,2021,765000,979474,127000,9300000,2793,37618,,63,20.34
HAMMERSMITH AND FULHAM,E09000013,Hammersmith and Fulham,2022,750000,992271,108750,7869700,2411,37925,53845,56,19.78
HAMMERSMITH AND FULHAM,E09000013,Hammersmith and Fulham,2023,836325,1024338,125000,5925000,2435,42118,57873,53,19.86
HAMMERSMITH AND FULHAM,E09000013,Hammersmith and Fulham,2024,822900,1087866,141750,11180000,2450,44025,58712,59,18.69
HAMMERSMITH AND FULHAM,E09000013,Hammersmith and Fulham,2025,709200,975012,125000,10185000,2273,42811,68907,63,16.57
HARBOROUGH,E07000131,Harborough,2015,234950,266921,31000,1775000,1813,,31542,33,
HARBOROUGH,E07000131,Harborough,2016,242000,279815,48500,1295000,1737,27604,37807,32,8.77
HARBOROUGH,E07000131,Harborough,2017,260000,293549,47000,2300000,1811,27267,36046,28,9.54
HARBOROUGH,E07000131,Harborough,2018,277500,316319,46250,1600000,1760,26362,33651,31,10.53
HARBOROUGH,E07000131,Harborough,2019,294995,328530,70000,2200000,1717,,34743,34,
HARBOROUGH,E07000131,Harborough,2020,310000,344370,60000,2000000,1929,29800,34546,30,10.4
HARBOROUGH,E07000131,Harborough,2021,323660,359461,50000,2353369,2655,28776,33315,38,11.25
HARBOROUGH,E07000131,Harborough,2022,335000,381561,75000,2000000,2001,28055,38323,36,11.94
HARBOROUGH,E07000131,Harborough,2023,340000,387911,50000,2500000,1556,29667,37962,36,11.46
HARBOROUGH,E07000131,Harborough,2024,345000,384480,45000,2400000,1705,32446,42108,31,10.63
HARBOROUGH,E07000131,Harborough,2025,330000,385185,49000,2700000,1836,34321,42732,42,9.62
HARINGEY,E09000014,Haringey,2015,438000,569223,61500,11750000,2696,27082,33156,73,16.17
HARINGEY,E09000014,Haringey,2016,460000,605390,30000,12100000,2290,26477,31413,75,17.37
HARINGEY,E09000014,Haringey,2017,540000,682021,119475,5250000,1912,28698,34994,76,18.82
HARINGEY,E09000014,Haringey,2018,520000,664296,118500,11500000,1975,28294,35201,81,18.38
HARINGEY,E09000014,Haringey,2019,515000,660870,117500,7600000,1921,29165,36078,80,17.66
HARINGEY,E09000014,Haringey,2020,520000,683224,120000,11000000,1863,30377,35455,79,17.12
HARINGEY,E09000014,Haringey,2021,540000,682574,117000,10200000,3152,28742,34727,82,18.79
HARINGEY,E09000014,Haringey,2022,579800,747914,105000,14000000,2590,34241,41400,65,16.93
HARINGEY,E09000014,Haringey,2023,575000,734597,120000,8500000,2107,34278,42374,72,16.77
HARINGEY,E09000014,Haringey,2024,562000,727223,120000,9175000,2175,38385,45567,75,14.64
HARINGEY,E09000014,Haringey,2025,575000,737754,120000,7500000,2388,37563,44993,85,15.31
HARLOW,E07000073,Harlow,2015,227250,244311,76000,740000,1330,,26050,27,
HARLOW,E07000073,Harlow,2016,262500,276636,38000,1250000,1285,22886,27342,28,11.47
HARLOW,E07000073,Harlow,2017,281500,304232,76500,999995,1229,24206,29364,27,11.63
HARLOW,E07000073,Harlow,2018,278250,299072,48750,940000,1228,24229,28669,27,11.48
HARLOW,E07000073,Harlow,2019,289000,311922,92500,1150000,1347,23508,27359,27,12.29
HARLOW,E07000073,Harlow,2020,300000,323460,90000,875000,1058,24012,28571,27,12.49
HARLOW,E07000073,Harlow,2021,315000,336996,92500,1280000,1569,24865,27823,33,12.67
HARLOW,E07000073,Harlow,2022,328000,345058,93000,1000000,1319,27606,29478,30,11.88
HARLOW,E07000073,Harlow,2023,322000,335611,90600,1200000,1015,27343,31339,28,11.78
HARLOW,E07000073,Harlow,2024,325000,337776,92000,1150000,1042,31317,34467,32,10.38
HARLOW,E07000073,Harlow,2025,336908,352572,51250,1310000,1103,30654,37267,30,10.99
HARROGATE,E07000165,Harrogate,2015,247875,303784,62500,1892499,2916,21843,27161,49,11.35
HARROGATE,E07000165,Harrogate,2016,258250,320453,50000,3000000,2956,22724,28437,52,11.36
HARROGATE,E07000165,Harrogate,2017,268000,340463,80000,2725000,2953,23167,,52,11.57
HARROGATE,E07000165,Harrogate,2018,272000,330980,80000,2250000,2846,24343,32191,51,11.17
HARROGATE,E07000165,Harrogate,2019,295000,353263,80000,2000000,2742,27021,33970,56,10.92
HARROGATE,E07000165,Harrogate,2020,300000,360912,82000,2500000,2564,26013,34329,55,11.53
HARROGATE,E07000165,Harrogate,2021,323000,389328,80000,5250000,4112,27458,34653,66,11.76
HARROW,E09000015,Harrow,2015,400000,461707,56250,4750000,2939,26753,31991,75,14.95
HARROW,E09000015,Harrow,2016,460000,504290,64430,6000000,2245,27487,32930,76,16.74
HARROW,E09000015,Harrow,2017,500000,525684,80000,3183000,1990,27969,34631,75,17.88
HARROW,E09000015,Harrow,2018,471500,508490,80000,2400000,2112,27736,35683,79,17.0
HARROW,E09000015,Harrow,2019,455000,494060,81250,2575000,2303,29599,36540,79,15.37
HARROW,E09000015,Harrow,2020,478950,522253,75000,2900000,1875,32449,40786,82,14.76
HARROW,E09000015,Harrow,2021,525000,569991,80000,3100000,2503,30979,37542,77,16.95
HARROW,E09000015,Harrow,2022,530000,584543,86250,6150000,2090,32225,37397,70,16.45
HARROW,E09000015,Harrow,2023,525000,585328,80000,4500000,1654,,39391,68,
HARROW,E09000015,Harrow,2024,550000,598815,80000,2900000,1704,33499,41333,76,16.42
HARROW,E09000015,Harrow,2025,550000,580151,81250,3500000,1665,36000,51059,88,15.28
HART,E07000089,Hart,2015,370000,414132,45625,3550000,1754,31405,40061,33,11.78
HART,E07000089,Hart,2016,391500,439835,73500,4400000,1818,28214,35179,32,13.88
HART,E07000089,Hart,2017,395000,450975,63000,2550000,1698,28601,38211,36,13.81
HART,E07000089,Hart,2018,395000,443915,82000,2300000,1723,29749,41808,37,13.28
HART,E07000089,Hart,2019,397500,450356,80000,2500000,1604,,40968,40,
HART,E07000089,Hart,2020,425000,491175,78000,5103600,1511,31309,38429,35,13.57
HART,E07000089,Hart,2021,425000,491673,78000,2750000,2311,30943,40750,37,13.73
HART,E07000089,Hart,2022,475000,533944,78000,5500000,1821,36253,44400,37,13.1
HART,E07000089,Hart,2023,460000,527712,82000,5000000,1378,37744,44697,41,12.19
HART,E07000089,Hart,2024,470000,515701,77000,3575000,1436,41472,46312,45,11.33
HART,E07000089,Hart,2025,465000,515189,78000,2350000,1600,39341,49445,45,11.82
HARTLEPOOL,E06000001,Hartlepool UA,2015,124000,134743,10000,675000,1226,21855,24777,30,5.67
HARTLEPOOL,E06000001,Hartlepool,2016,119950,132880,13000,900000,1239,22160,24872,31,5.41
HARTLEPOOL,E06000001,Hartlepool,2017,124950,139804,19000,708000,1257,22971,25066,34,5.44
HARTLEPOOL,E06000001,Hartlepool,2018,125000,146671,18000,850000,1277,22322,25985,34,5.6
HARTLEPOOL,E06000001,Hartlepool,2019,129950,150645,18000,1900000,1211,22890,25395,36,5.68
HARTLEPOOL,E06000001,Hartlepool UA,2020,133000,154668,18000,825000,1160,22965,25546,28,5.79
HARTLEPOOL,E06000001,Hartlepool UA,2021,137250,165886,18000,1100000,1738,24421,25368,32,5.62
HARTLEPOOL,E06000001,Hartlepool UA,2022,148000,176191,20500,1100000,1673,23888,25479,30,6.2
HARTLEPOOL,E06000001,Hartlepool UA,2023,150000,179900,18000,1315000,1309,25677,28851,30,5.84
HARTLEPOOL,E06000001,Hartlepool UA,2024,152000,176262,18000,925000,1433,27504,30441,27,5.53
HARTLEPOOL,E06000001,Hartlepool UA,2025,158322.5,187215,18000,1700000,1396,28830,30428,30,5.49
HASTINGS,E07000062,Hastings,2015,171000,188714,19000,865000,1953,19946,21868,31,8.57
HASTINGS,E07000062,Hastings,2016,195000,214810,32000,845000,1906,19304,21294,30,10.1
HASTINGS,E07000062,Hastings,2017,208000,229128,54000,935000,1869,19904,23520,31,10.45
HASTINGS,E07000062,Hastings,2018,220000,239534,48000,1075000,1698,20121,22645,29,10.93
HASTINGS,E07000062,Hastings,2019,225000,243019,53589,885000,1493,20787,22767,31,10.82
HASTINGS,E07000062,Hastings,2020,239950,261606,47000,1175000,1346,22025,23927,30,10.89
HASTINGS,E07000062,Hastings,2021,270000,295173,50000,1425000,2064,22988,25024,37,11.75
HASTINGS,E07000062,Hastings,2022,290000,316008,55000,3038261,1671,24631,28245,33,11.77
HASTINGS,E07000062,Hastings,2023,280000,305746,49000,1625000,1274,25859,26848,29,10.83
HASTINGS,E07000062,Hastings,2024,280000,303584,50000,1150000,1311,27221,29151,33,10.29
HASTINGS,E07000062,Hastings,2025,282000,304701,48000,1650000,1326,29323,30899,32,9.62
HAVANT,E07000090,Havant,2015,230000,250751,52500,2300000,2262,22851,25997,41,10.07
HAVANT,E07000090,Havant,2016,249995,271427,60000,1891001,2258,22949,27358,40,10.89
HAVANT,E07000090,Havant,2017,262000,285497,60000,2000000,2075,24137,29427,46,10.85
HAVANT,E07000090,Havant,2018,265000,289552,60000,1700000,1875,23892,27619,43,11.09
HAVANT,E07000090,Havant,2019,272000,289119,60000,3250000,1719,24514,27339,45,11.1
HAVANT,E07000090,Havant,2020,295000,319568,62000,1890000,1603,23494,27121,54,12.56
HAVANT,E07000090,Havant,2021,312500,340746,60000,2250000,2451,24526,28284,50,12.74
HAVANT,E07000090,Havant,2022,327500,361299,59500,2500000,2039,25570,29936,44,12.81
HAVANT,E07000090,Havant,2023,315000,352419,70000,2725000,1519,27634,32336,42,11.4
HAVANT,E07000090,Havant,2024,328000,350994,60000,1745000,1687,29788,34067,42,11.01
HAVANT,E07000090,Havant,2025,320000,353007,62000,2950000,1755,30819,35925,40,10.38
HAVERING,E09000016,Havering,2015,287500,317997,38400,2100000,4148,27028,32505,85,10.64
HAVERING,E09000016,Havering,2016,332000,358654,26500,2000000,3731,28106,34617,84,11.81
HAVERING,E09000016,Havering,2017,350000,387967,77000,3085000,3510,28826,32410,81,12.14
HAVERING,E09000016,Havering,2018,360000,389420,77000,3300000,3422,27633,32382,83,13.03
HAVERING,E09000016,Havering,2019,367500,396613,77000,2850000,3119,29154,35544,86,12.61
HAVERING,E09000016,Havering,2020,386000,412748,82500,3975000,2990,31013,36315,80,12.45
HAVERING,E09000016,Havering,2021,405000,432404,80000,3220000,4917,30587,36093,88,13.24
HAVERING,E09000016,Havering,2022,440000,461816,79500,2850000,3554,31469,36138,78,13.98
HAVERING,E09000016,Havering,2023,430000,458458,80000,3350000,2765,35406,40547,76,12.14
HAVERING,E09000016,Havering,2024,435000,461508,77000,2900000,3105,38905,42871,86,11.18
HAVERING,E09000016,Havering,2025,452000,481781,77000,2850000,3206,40726,45725,90,11.1
HEREFORDSHIRE,E06000019,Herefordshire UA,2015,205000,236367,25000,1200000,2851,18269,23411,64,11.22
HEREFORDSHIRE,E06000019,Herefordshire,2016,205000,236810,30000,1185000,3034,19346,25348,65,10.6
HEREFORDSHIRE,E06000019,Herefordshire,2017,220000,250051,40000,1640000,3039,19582,22636,61,11.23
HEREFORDSHIRE,E06000019,Herefordshire,2018,235000,265316,55000,1300000,2963,20003,24950,61,11.75
HEREFORDSHIRE,E06000019,Herefordshire,2019,237000,268977,33500,2135000,2833,21677,25787,63,10.93
HEREFORDSHIRE,E06000019,Herefordshire UA,2020,260000,297290,51500,2100000,2626,22632,26175,57,11.49
HEREFORDSHIRE,E06000019,Herefordshire UA,2021,275000,313853,50000,1841750,3925,22094,26043,67,12.45
HEREFORDSHIRE,E06000019,Herefordshire UA,2022,290000,337425,50000,1625000,2916,23705,27364,69,12.23
HEREFORDSHIRE,E06000019,Herefordshire UA,2023,290000,340653,50000,1820000,2384,26588,29549,66,10.91
HEREFORDSHIRE,E06000019,Herefordshire UA,2024,300000,347605,55000,2125000,2616,28553,31286,67,10.51
HEREFORDSHIRE,E06000019,Herefordshire UA,2025,295000,337293,54000,1740000,2722,29361,33451,72,10.05
HERTSMERE,E07000098,Hertsmere,2015,395000,470279,69300,5570870,1744,24031,35865,34,16.44
HERTSMERE,E07000098,Hertsmere,2016,445000,544491,75000,4900000,1550,25355,32741,31,17.55
HERTSMERE,E07000098,Hertsmere,2017,449950,532960,101260,6000000,1518,24287,32816,34,18.53
HERTSMERE,E07000098,Hertsmere,2018,450000,548454,103250,9000000,1318,29652,38523,35,15.18
HERTSMERE,E07000098,Hertsmere,2019,440000,527019,102000,4754054,1402,29730,38082,37,14.8
HERTSMERE,E07000098,Hertsmere,2020,485000,589145,102000,4350000,1317,31635,36214,33,15.33
HERTSMERE,E07000098,Hertsmere,2021,542500,646782,106750,5750000,1778,26391,31771,32,20.56
HERTSMERE,E07000098,Hertsmere,2022,562500,679229,103750,6500000,1338,27969,32225,33,20.11
HERTSMERE,E07000098,Hertsmere,2023,548000,674003,75000,6000000,999,,40103,,
HERTSMERE,E07000098,Hertsmere,2024,530000,667884,103000,12500000,1124,36947,48258,33,14.34
HERTSMERE,E07000098,Hertsmere,2025,564000,666765,101500,7450000,1229,36159,54508,35,15.6
HIGH PEAK,E07000037,High Peak,2015,163000,188343,35000,850000,1581,20376,23842,35,8.0
HIGH PEAK,E07000037,High Peak,2016,170000,202690,30000,1400000,1610,22492,26339,30,7.56
HIGH PEAK,E07000037,High Peak,2017,185475,209680,500,865000,1676,23678,29711,30,7.83
HIGH PEAK,E07000037,High Peak,2018,189995,220540,45000,1027500,1657,22248,25908,36,8.54
HIGH PEAK,E07000037,High Peak,2019,190125,223033,47000,1065000,1568,23044,24887,35,8.25
HIGH PEAK,E07000037,High Peak,2020,202250,242892,950,1125000,1368,23959,29160,30,8.44
HIGH PEAK,E07000037,High Peak,2021,224500,257190,48000,1585500,1985,23623,27501,31,9.5
HIGH PEAK,E07000037,High Peak,2022,249995,275231,40000,1750000,1701,25887,30584,32,9.66
HIGH PEAK,E07000037,High Peak,2023,254725,287606,55000,2021000,1254,30429,35438,33,8.37
HIGH PEAK,E07000037,High Peak,2024,260620,293824,53000,1370000,1446,29870,35387,35,8.73
HIGH PEAK,E07000037,High Peak,2025,265000,298367,52500,1400000,1485,32258,38718,36,8.22
HILLINGDON,E09000017,Hillingdon,2015,352600,394400,51250,6470000,3743,26603,31873,90,13.25
HILLINGDON,E09000017,Hillingdon,2016,400000,440086,95000,4400000,3300,27456,31962,92,14.57
HILLINGDON,E09000017,Hillingdon,2017,415000,451760,90000,3850000,3196,27085,30186,92,15.32
HILLINGDON,E09000017,Hillingdon,2018,415000,445427,80500,2950000,2876,26433,30167,90,15.7
HILLINGDON,E09000017,Hillingdon,2019,420000,451229,83125,4250000,2797,28305,31801,87,14.84
HILLINGDON,E09000017,Hillingdon,2020,430000,469205,82500,3000000,2533,29525,33146,91,14.56
HILLINGDON,E09000017,Hillingdon,2021,451000,487520,83750,3950000,3882,30815,34732,104,14.64
HILLINGDON,E09000017,Hillingdon,2022,460000,502262,85000,3600000,3215,34128,37605,88,13.48
HILLINGDON,E09000017,Hillingdon,2023,468750,505303,80625,4000000,2460,37444,41731,90,12.52
HILLINGDON,E09000017,Hillingdon,2024,490000,520782,84000,4550000,2400,34972,40678,93,14.01
HILLINGDON,E09000017,Hillingdon,2025,510000,538995,85500,6300000,2458,36429,47268,107,14.0
HINCKLEY AND BOSWORTH,E07000132,Hinckley and Bosworth,2015,172000,199803,30000,1440000,2281,22019,24997,45,7.81
HINCKLEY AND BOSWORTH,E07000132,Hinckley and Bosworth,2016,175000,201661,21000,1175000,2377,22071,26081,45,7.93
HINCKLEY AND BOSWORTH,E07000132,Hinckley and Bosworth,2017,194000,223528,54000,1085000,2209,22383,25913,43,8.67
HINCKLEY AND BOSWORTH,E07000132,Hinckley and Bosworth,2018,200000,236456,55750,1700000,2033,22849,25750,44,8.75
HINCKLEY AND BOSWORTH,E07000132,Hinckley and Bosworth,2019,205000,231802,57000,1229640,1936,23554,27561,,8.7
HINCKLEY AND BOSWORTH,E07000132,Hinckley and Bosworth,2020,215375,250680,55000,1400000,1670,25888,29442,40,8.32
HINCKLEY AND BOSWORTH,E07000132,Hinckley and Bosworth,2021,240000,271705,57000,2305000,2400,26220,28988,47,9.15
HINCKLEY AND BOSWORTH,E07000132,Hinckley and Bosworth,2022,260000,290808,55000,2400000,2050,27320,29416,42,9.52
HINCKLEY AND BOSWORTH,E07000132,Hinckley and Bosworth,2023,255000,292480,65000,1350000,1531,30454,33045,45,8.37
HINCKLEY AND BOSWORTH,E07000132,Hinckley and Bosworth,2024,260000,298700,65000,3130000,1847,29861,32476,48,8.71
HINCKLEY AND BOSWORTH,E07000132,Hinckley and Bosworth,2025,269000,302982,56250,1590000,2000,31591,34419,47,8.52
HORSHAM,E07000227,Horsham,2015,345000,381416,58500,2130000,2918,,34459,51,
HORSHAM,E07000227,Horsham,2016,359950,403543,68000,2325000,2866,26415,32859,54,13.63
HORSHAM,E07000227,Horsham,2017,372000,423733,90000,3000000,2575,23675,33491,54,15.71
HORSHAM,E07000227,Horsham,2018,382500,421016,94000,2132500,2555,25662,35637,49,14.91
HORSHAM,E07000227,Horsham,2019,380000,430257,85000,3450000,2628,26122,36619,49,14.55
HORSHAM,E07000227,Horsham,2020,410000,470886,86000,4375000,2400,25846,34408,50,15.86
HORSHAM,E07000227,Horsham,2021,419975,482125,86000,4465000,3344,25787,33426,55,16.29
HORSHAM,E07000227,Horsham,2022,430000,493352,87000,2400000,2508,29189,36168,50,14.73
HORSHAM,E07000227,Horsham,2023,440000,493224,87000,3600000,1993,31984,38164,49,13.76
HORSHAM,E07000227,Horsham,2024,440000,504445,87500,3950000,2235,35195,41609,56,12.5
HORSHAM,E07000227,Horsham,2025,435000,494045,87500,3700000,2305,36448,43523,59,11.93
HOUNSLOW,E09000018,Hounslow,2015,355000,462021,52500,4550000,3205,25528,30506,81,13.91
HOUNSLOW,E09000018,Hounslow,2016,380000,475939,25000,4500000,2877,26797,34086,87,14.18
HOUNSLOW,E09000018,Hounslow,2017,399950,509067,79375,5820112,2527,26474,34847,86,15.11
HOUNSLOW,E09000018,Hounslow,2018,410000,511879,88750,4250000,2217,27564,32699,86,14.87
HOUNSLOW,E09000018,Hounslow,2019,415000,507585,81250,3325000,1924,29931,34684,82,13.87
HOUNSLOW,E09000018,Hounslow,2020,430000,556066,80000,8000000,1887,29279,36351,83,14.69
HOUNSLOW,E09000018,Hounslow,2021,456000,574230,80000,4250000,2588,26840,34119,89,16.99
HOUNSLOW,E09000018,Hounslow,2022,470000,600875,79500,5125000,2441,31333,38015,85,15.0
HOUNSLOW,E09000018,Hounslow,2023,470000,598926,80000,7925000,1925,32282,37796,88,14.56
HOUNSLOW,E09000018,Hounslow,2024,485000,599564,79500,4650000,2111,33507,40253,85,14.47
HOUNSLOW,E09000018,Hounslow,2025,485000,612255,84000,11000000,2110,35301,42735,97,13.74
HUNTINGDONSHIRE,E07000011,Huntingdonshire,2015,214935.5,240387,39000,2880000,3336,24556,28785,74,8.75
HUNTINGDONSHIRE,E07000011,Huntingdonshire,2016,230000,261050,45000,1700000,3389,25372,28825,78,9.07
HUNTINGDONSHIRE,E07000011,Huntingdonshire,2017,260000,284864,46500,1750000,3189,26819,30312,71,9.69
HUNTINGDONSHIRE,E07000011,Huntingdonshire,2018,270000,296509,57500,2250000,3039,27589,33158,71,9.79
HUNTINGDONSHIRE,E07000011,Huntingdonshire,2019,280000,304712,55000,2950000,2967,27771,32074,71,10.08
HUNTINGDONSHIRE,E07000011,Huntingdonshire,2020,295000,319069,58500,1550000,2718,28715,33873,75,10.27
HUNTINGDONSHIRE,E07000011,Huntingdonshire,2021,300000,334050,54600,2050000,4301,28246,30998,74,10.62
HUNTINGDONSHIRE,E07000011,Huntingdonshire,2022,326000,358479,61250,2250000,3446,29126,32613,74,11.19
HUNTINGDONSHIRE,E07000011,Huntingdonshire,2023,325000,348194,60000,1950000,2596,30842,34009,76,10.54
HUNTINGDONSHIRE,E07000011,Huntingdonshire,2024,325000,352928,66000,2210000,2907,33215,36788,79,9.78
HUNTINGDONSHIRE,E07000011,Huntingdonshire,2025,322500,352181,54750,2800000,3054,33375,39695,80,9.66
HYNDBURN,E07000120,Hyndburn,2015,92000,105383,10000,528000,1108,19867,22424,26,4.63
HYNDBURN,E07000120,Hyndburn,2016,100000,109860,17500,625000,1236,20259,22999,26,4.94
HYNDBURN,E07000120,Hyndburn,2017,102500,113189,17000,475000,1269,19570,23355,25,5.24
HYNDBURN,E07000120,Hyndburn,2018,100000,113835,18000,620000,1136,20522,25439,27,4.87
HYNDBURN,E07000120,Hyndburn,2019,110000,120744,20000,725000,1252,22725,26414,27,4.84
HYNDBURN,E07000120,Hyndburn,2020,110000,123631,20000,1000000,1139,22472,25392,25,4.89
HYNDBURN,E07000120,Hyndburn,2021,124000,139053,20000,825000,1443,23128,25955,27,5.36
HYNDBURN,E07000120,Hyndburn,2022,130000,149685,17000,650000,1349,23806,29911,28,5.46
HYNDBURN,E07000120,Hyndburn,2023,130000,145769,25000,715000,1056,27427,30734,26,4.74
HYNDBURN,E07000120,Hyndburn,2024,132500,150875,27941,670000,1140,29525,31151,27,4.49
HYNDBURN,E07000120,Hyndburn,2025,140500,155639,20000,720000,1170,29647,32347,27,4.74
IPSWICH,E07000202,Ipswich,2015,157000,177270,33000,925000,2271,20132,23359,58,7.8
IPSWICH,E07000202,Ipswich,2016,170000,190764,19300,950000,2308,20876,23891,59,8.14
IPSWICH,E07000202,Ipswich,2017,185000,202913,30000,1150000,2105,20740,26225,56,8.92
IPSWICH,E07000202,Ipswich,2018,195000,212040,46500,1058028,2048,,24883,51,
IPSWICH,E07000202,Ipswich,2019,200000,222240,50000,1200000,1875,22125,25774,56,9.04
IPSWICH,E07000202,Ipswich,2020,206500,224622,55000,1025000,1636,22972,26024,55,8.99
IPSWICH,E07000202,Ipswich,2021,225000,247039,48000,1600000,2421,23771,26361,61,9.47
IPSWICH,E07000202,Ipswich,2022,238589.5,256826,47000,1435000,1970,24827,28537,58,9.61
IPSWICH,E07000202,Ipswich,2023,245000,264635,50000,1150000,1509,28591,30763,59,8.57
IPSWICH,E07000202,Ipswich,2024,240000,252254,48000,1285000,1655,30643,34146,61,7.83
IPSWICH,E07000202,Ipswich,2025,235000,254822,45000,1450000,1550,30928,35909,65,7.6
ISLE OF ANGLESEY,W06000001,Isle of Anglesey / Ynys Môn,2015,157000,180625,26000,975000,962,21878,24059,24,7.18
ISLE OF ANGLESEY,W06000001,Isle of Anglesey / Ynys Môn,2016,163000,183037,42000,770000,1027,22098,24902,22,7.38
ISLE OF ANGLESEY,W06000001,Isle of Anglesey / Ynys Môn,2017,166000,190420,47500,1300000,1041,23164,25513,23,7.17
ISLE OF ANGLESEY,W06000001,Isle of Anglesey / Ynys Môn,2018,170000,197598,50000,1450000,1091,22862,24531,21,7.44
ISLE OF ANGLESEY,W06000001,Isle of Anglesey / Ynys Môn,2019,175000,196649,44000,2850000,1092,22887,26149,20,7.65
ISLE OF ANGLESEY,W06000001,Isle of Anglesey / Ynys Môn,2020,190000,225284,30000,1712500,965,24071,24548,23,7.89
ISLE OF ANGLESEY,W06000001,Isle of Anglesey / Ynys Môn,2021,212250,247300,57500,2155000,1338,26322,27212,24,8.06
ISLE OF ANGLESEY,W06000001,Isle of Anglesey / Ynys Môn,2022,235000,269156,51000,2450000,1091,26969,27452,19,8.71
ISLE OF ANGLESEY,W06000001,Isle of Anglesey / Ynys Môn,2023,220000,272562,52000,2850000,727,28128,29747,21,7.82
ISLE OF ANGLESEY,W06000001,Isle of Anglesey / Ynys Môn,2024,221000,260858,60000,1575000,775,32621,32082,20,6.77
ISLE OF ANGLESEY,W06000001,Isle of Anglesey / Ynys Môn,2025,225000,258560,55000,2250000,833,29944,31656,27,7.51
ISLE OF WIGHT,E06000046,Isle of Wight UA,2015,187500,213742,29000,1400000,3080,20377,24305,39,9.2
ISLE OF WIGHT,E06000046,Isle of Wight,2016,191000,224053,30000,2900000,3144,20053,23544,41,9.52
ISLE OF WIGHT,E06000046,Isle of Wight,2017,202500,230608,400,2300000,3147,20818,23557,41,9.73
ISLE OF WIGHT,E06000046,Isle of Wight,2018,205000,237655,49500,2950000,2834,21565,23418,39,9.51
ISLE OF WIGHT,E06000046,Isle of Wight,2019,215000,245677,50000,2740400,2713,21104,24215,40,10.19
ISLE OF WIGHT,E06000046,Isle of Wight UA,2020,233000,274041,50000,2929867,2587,24852,26534,38,9.38
ISLE OF WIGHT,E06000046,Isle of Wight UA,2021,251000,297807,50000,1800000,3452,21640,25857,44,11.6
ISLE OF WIGHT,E06000046,Isle of Wight UA,2022,262500,311169,500,2900000,2783,23329,26268,46,11.25
ISLE OF WIGHT,E06000046,Isle of Wight UA,2023,260000,312131,49000,2500000,2060,24847,26706,42,10.46
ISLE OF WIGHT,E06000046,Isle of Wight UA,2024,260000,304162,47000,2650000,2102,27938,30212,49,9.31
ISLE OF WIGHT,E06000046,Isle of Wight UA,2025,262000,300216,47000,2362500,2201,26740,30870,42,9.8
ISLES OF SCILLY,E06000053,Isles of Scilly UA,2015,280000,286594,39500,495000,16,,,,
ISLES OF SCILLY,E06000053,Isles of Scilly,2016,307500,295938,125000,475000,24,,,,
ISLES OF SCILLY,E06000053,Isles of Scilly,2017,325000,320824,135000,590000,23,,41897,,
ISLES OF SCILLY,E06000053,Isles of Scilly,2018,360000,346285,9000,650000,33,,32110,,
ISLES OF SCILLY,E06000053,Isles of Scilly,2019,337500,344868,100000,535000,19,,,,
ISLES OF SCILLY,E06000053,Isles of Scilly,2020,350000,403548,125000,1181500,17,,30132,,
ISLES OF SCILLY,E06000053,Isles of Scilly,2021,338000,383980,195000,695000,25,,,,
ISLES OF SCILLY,E06000053,Isles of Scilly,2022,531000,488000,185000,820000,7,,,,
ISLES OF SCILLY,E06000053,Isles of Scilly,2023,482250,575792,275000,1850000,12,,,,
ISLES OF SCILLY,E06000053,Isles of Scilly,2024,352000,469971,200000,1098000,17,,,,
ISLES OF SCILLY,E06000053,Isles of Scilly,2025,531250,525889,220000,845000,18,,30355,,
ISLINGTON,E09000019,Islington,2015,580000,743616,82300,6250000,2337,33079,45115,68,17.53
ISLINGTON,E09000019,Islington,2016,620000,754085,112500,5800000,2318,31680,47732,66,19.57
ISLINGTON,E09000019,Islington,2017,613000,775897,125000,7930000,1687,33219,47577,71,18.45
ISLINGTON,E09000019,Islington,2018,600000,751315,88000,7620000,1751,37502,53343,75,16.0
ISLINGTON,E09000019,Islington,2019,600000,748782,125000,5650000,1873,37634,51351,83,15.94
ISLINGTON,E09000019,Islington,2020,650000,802100,125000,7700000,1874,38303,46146,70,16.97
ISLINGTON,E09000019,Islington,2021,650000,842722,125000,7300000,2443,34832,,71,18.66
ISLINGTON,E09000019,Islington,2022,650000,847956,125000,7000000,2226,38414,,66,16.92
ISLINGTON,E09000019,Islington,2023,705000,882738,129750,6700000,1992,41882,52404,67,16.83
ISLINGTON,E09000019,Islington,2024,695000,889222,1,7500000,2215,43331,,76,16.04
ISLINGTON,E09000019,Islington,2025,650000,857757,127500,6675000,1980,47411,83641,77,13.71
KENSINGTON AND CHELSEA,E09000020,Kensington and Chelsea,2015,1175000,1909304,81810,30000000,2176,,78970,32,
KENSINGTON AND CHELSEA,E09000020,Kensington and Chelsea,2016,1200000,1948971,143000,29000000,1810,,73777,33,
KENSINGTON AND CHELSEA,E09000020,Kensington and Chelsea,2017,1350000,2096127,150000,37000000,1573,,,34,
KENSINGTON AND CHELSEA,E09000020,Kensington and Chelsea,2018,1425000,2339853,151098,37720000,1317,37191,,33,38.32
KENSINGTON AND CHELSEA,E09000020,Kensington and Chelsea,2019,1252500,2115873,103750,49575718,1400,36277,92675,34,34.53
KENSINGTON AND CHELSEA,E09000020,Kensington and Chelsea,2020,1295000,2216257,150000,28000000,1349,,,37,
KENSINGTON AND CHELSEA,E09000020,Kensington and Chelsea,2021,1250000,2229547,150000,38000000,2002,39011,73453,36,32.04
KENSINGTON AND CHELSEA,E09000020,Kensington and Chelsea,2022,1400000,2530747,168000,37500000,1957,38306,,31,36.55
KENSINGTON AND CHELSEA,E09000020,Kensington and Chelsea,2023,1300000,2385572,150000,68250000,1619,41874,,30,31.05
KENSINGTON AND CHELSEA,E09000020,Kensington and Chelsea,2024,1237500,2105651,185000,30000000,1743,44338,,32,27.91
KENSINGTON AND CHELSEA,E09000020,Kensington and Chelsea,2025,1195000,1980871,150000,41000000,1697,46690,114203,36,25.59
KETTERING,E07000153,Kettering,2015,162500,186434,34000,1100000,2085,21162,24511,36,7.68
KETTERING,E07000153,Kettering,2016,175000,197185,47500,815000,2276,22568,26874,35,7.75
KETTERING,E07000153,Kettering,2017,193500,217043,40000,2200000,2115,22982,26894,35,8.42
KETTERING,E07000153,Kettering,2018,205000,231848,19950,1400000,1880,23130,27304,34,8.86
KETTERING,E07000153,Kettering,2019,215000,236229,65000,1150000,1642,25276,28003,32,8.51
KING'S LYNN AND WEST NORFOLK,E07000146,King's Lynn and West Norfolk,2015,173000,205402,24600,2080000,2825,19223,22323,50,9.0
KING'S LYNN AND WEST NORFOLK,E07000146,King's Lynn and West Norfolk,2016,187500,226897,37250,3700000,2893,20529,23523,48,9.13
KING'S LYNN AND WEST NORFOLK,E07000146,King's Lynn and West Norfolk,2017,205000,239816,45000,3100000,2728,19437,23597,47,10.55
KING'S LYNN AND WEST NORFOLK,E07000146,King's Lynn and West Norfolk,2018,210000,245475,44500,2580000,2484,20545,24498,47,10.22
KING'S LYNN AND WEST NORFOLK,E07000146,King's Lynn and West Norfolk,2019,222500,256269,48000,2150000,2638,21978,25017,51,10.12
KING'S LYNN AND WEST NORFOLK,E07000146,King's Lynn and West Norfolk,2020,235000,281951,59000,3800000,2357,22661,26048,51,10.37
KING'S LYNN AND WEST NORFOLK,E07000146,King's Lynn and West Norfolk,2021,253000,297562,50000,3001174,3462,22628,26744,59,11.18
KING'S LYNN AND WEST NORFOLK,E07000146,King's Lynn and West Norfolk,2022,275000,328070,50000,3825000,2616,24793,28686,54,11.09
KING'S LYNN AND WEST NORFOLK,E07000146,King's Lynn and West Norfolk,2023,269000,317069,50000,2750000,1979,26215,29931,56,10.26
KING'S LYNN AND WEST NORFOLK,E07000146,King's Lynn and West Norfolk,2024,265000,316520,44000,3600000,2153,30060,32279,54,8.82
KING'S LYNN AND WEST NORFOLK,E07000146,King's Lynn and West Norfolk,2025,270000,303345,47000,2900000,2307,30581,35557,53,8.83
KINGSTON UPON THAMES,E09000021,Kingston upon Thames,2015,410000,501609,65000,5200000,2565,30916,42015,54,13.26
KINGSTON UPON THAMES,E09000021,Kingston upon Thames,2016,460250,547234,90000,8500000,2170,31434,38320,56,14.64
KINGSTON UPON THAMES,E09000021,Kingston upon Thames,2017,485000,572044,138000,5134490,1951,31839,39552,55,15.23
KINGSTON UPON THAMES,E09000021,Kingston upon Thames,2018,490000,568389,135000,8436000,2058,32160,41573,52,15.24
KINGSTON UPON THAMES,E09000021,Kingston upon Thames,2019,485000,566518,137000,8500000,2149,34142,43816,56,14.21
KINGSTON UPON THAMES,E09000021,Kingston upon Thames,2020,510000,633477,138000,10510000,1810,36045,46835,61,14.15
KINGSTON UPON THAMES,E09000021,Kingston upon Thames,2021,522000,625746,138750,6500000,2874,35130,45581,62,14.86
KINGSTON UPON THAMES,E09000021,Kingston upon Thames,2022,540000,657412,136000,6100000,2449,37542,46649,53,14.38
KINGSTON UPON THAMES,E09000021,Kingston upon Thames,2023,570000,687288,109000,8600000,1945,35461,,56,16.07
KINGSTON UPON THAMES,E09000021,Kingston upon Thames,2024,550000,640340,133500,4997000,1937,38491,49686,53,14.29
KINGSTON UPON THAMES,E09000021,Kingston upon Thames,2025,550000,643420,92500,7280000,1946,41833,53447,58,13.15
KIRKLEES,E08000034,Kirklees,2015,135000,159478,21000,2975000,5688,20531,24627,136,6.58
KIRKLEES,E08000034,Kirklees,2016,140000,165449,24500,1200000,6048,21110,24197,145,6.63
KIRKLEES,E08000034,Kirklees,2017,145000,170448,32000,2200000,6219,21765,25147,150,6.66
KIRKLEES,E08000034,Kirklees,2018,150000,179195,31000,1500000,6212,21719,25982,155,6.91
KIRKLEES,E08000034,Kirklees,2019,157000,186659,435,2150000,6181,22804,26946,145,6.88
KIRKLEES,E08000034,Kirklees,2020,165000,198784,30000,1600000,5681,24007,27340,146,6.87
KIRKLEES,E08000034,Kirklees,2021,180000,217216,31000,2200000,7366,23038,26235,160,7.81
KIRKLEES,E08000034,Kirklees,2022,190000,225426,35500,1825000,6120,26418,29314,133,7.19
KIRKLEES,E08000034,Kirklees,2023,190000,227196,32000,2800000,5201,27321,30061,139,6.95
KIRKLEES,E08000034,Kirklees,2024,203500,236302,2000,2300000,5571,29058,31893,165,7.0
KIRKLEES,E08000034,Kirklees,2025,215000,246746,35000,1700000,5672,30238,34811,174,7.11
KNOWSLEY,E08000011,Knowsley,2015,119375,130087,26000,520000,1502,20572,22768,44,5.8
KNOWSLEY,E08000011,Knowsley,2016,120000,130381,24500,595000,1719,21502,24060,46,5.58
KNOWSLEY,E08000011,Knowsley,2017,129995,145383,36000,650000,1892,21956,24388,46,5.92
KNOWSLEY,E08000011,Knowsley,2018,139000,149477,33810,752500,2005,22287,25101,44,6.24
KNOWSLEY,E08000011,Knowsley,2019,152000,160117,37500,660000,2210,22696,25864,48,6.7
KNOWSLEY,E08000011,Knowsley,2020,160000,169293,1000,730000,1895,23411,26950,40,6.83
KNOWSLEY,E08000011,Knowsley,2021,170000,180072,3750,800000,2238,24148,27333,53,7.04
KNOWSLEY,E08000011,Knowsley,2022,180000,193049,32000,837000,2080,26539,28967,48,6.78
KNOWSLEY,E08000011,Knowsley,2023,190000,207767,40000,862500,1806,27181,30005,55,6.99
KNOWSLEY,E08000011,Knowsley,2024,195000,213786,39900,895000,1895,30903,33096,52,6.31
KNOWSLEY,E08000011,Knowsley,2025,200000,219136,39900,1415000,1914,32542,34070,55,6.15
LAMBETH,E09000022,Lambeth,2015,460000,553912,70000,15000000,4593,28772,34720,102,15.99
LAMBETH,E09000022,Lambeth,2016,507700,588342,97500,5300000,3975,29317,33268,104,17.32
LAMBETH,E09000022,Lambeth,2017,520000,616993,118750,7150000,3796,31186,39171,110,16.67
LAMBETH,E09000022,Lambeth,2018,525000,649551,118750,6000000,3328,33307,42092,105,15.76
LAMBETH,E09000022,Lambeth,2019,537500,654745,113750,16950975,3381,33084,39986,106,16.25
LAMBETH,E09000022,Lambeth,2020,590000,742814,120000,6875000,3508,36629,44315,99,16.11
LAMBETH,E09000022,Lambeth,2021,555400,681925,120000,7000000,4808,35484,43600,112,15.65
LAMBETH,E09000022,Lambeth,2022,550000,687663,120000,7399000,4088,37524,48345,99,14.66
LAMBETH,E09000022,Lambeth,2023,550261.5,666251,119000,7250000,3238,40653,58110,108,13.54
LAMBETH,E09000022,Lambeth,2024,547750,676766,118500,11193728,3632,42961,56624,107,12.75
LAMBETH,E09000022,Lambeth,2025,544000,663391,120000,9519524,3769,43666,62733,115,12.46
LANCASTER,E07000121,Lancaster,2015,145000,168124,15000,1150000,2381,19983,24873,48,7.26
LANCASTER,E07000121,Lancaster,2016,152000,175821,6000,870000,2424,20776,25871,44,7.32
LANCASTER,E07000121,Lancaster,2017,150000,175241,35000,875000,2517,22300,27431,44,6.73
LANCASTER,E07000121,Lancaster,2018,153250,180119,35000,1030000,2442,21848,27394,44,7.01
LANCASTER,E07000121,Lancaster,2019,158000,183920,35000,1335000,2350,22907,27641,47,6.9
LANCASTER,E07000121,Lancaster,2020,170000,199338,38000,1999950,2003,,27184,46,
LANCASTER,E07000121,Lancaster,2021,180000,210679,39950,1700000,2889,25368,28195,49,7.1
LANCASTER,E07000121,Lancaster,2022,186000,220061,35910,3000000,2308,26339,28493,45,7.06
LANCASTER,E07000121,Lancaster,2023,188080,227145,37000,1730000,1850,27000,30606,43,6.97
LANCASTER,E07000121,Lancaster,2024,199000,235046,6000,1150000,1925,29467,32244,42,6.75
LANCASTER,E07000121,Lancaster,2025,204750,236157,42500,1398000,2044,29651,33842,46,6.91
LEEDS,E08000035,Leeds,2015,157000,187542,10000,2850000,11982,22054,25668,271,7.12
LEEDS,E08000035,Leeds,2016,165000,195836,14000,3138000,12501,23369,26759,272,7.06
LEEDS,E08000035,Leeds,2017,170000,204534,18300,2225000,12451,23644,27430,274,7.19
LEEDS,E08000035,Leeds,2018,177350,212010,32500,1650000,12055,23084,27571,276,7.68
LEEDS,E08000035,Leeds,2019,185000,218961,33000,2910000,11765,24193,27785,277,7.65
LEEDS,E08000035,Leeds,2020,202000,240258,27500,2500000,10177,26199,29764,275,7.71
LEEDS,E08000035,Leeds,2021,218500,257482,20000,2650000,13179,26292,30123,257,8.31
LEEDS,E08000035,Leeds,2022,230000,271724,19750,3450000,11122,28576,32496,255,8.05
LEEDS,E08000035,Leeds,2023,233000,271572,20000,3050000,9325,28853,32720,267,8.08
LEEDS,E08000035,Leeds,2024,240000,282898,20000,3200000,10086,31465,35862,286,7.63
LEEDS,E08000035,Leeds,2025,250000,289185,14232,4100000,10169,31679,36527,311,7.89
LEICESTER,E06000016,Leicester UA,2015,135000,154770,34523,885000,3506,17886,20588,101,7.55
LEICESTER,E06000016,Leicester,2016,145000,165903,35000,1000000,3651,18958,21536,99,7.65
LEICESTER,E06000016,Leicester,2017,157000,177251,900,995000,3334,18849,21373,96,8.33
LEICESTER,E06000016,Leicester,2018,172000,193091,47500,1295000,3312,18940,20734,91,9.08
LEICESTER,E06000016,Leicester,2019,177000,196930,40000,895000,2828,20755,23322,91,8.53
LEICESTER,E06000016,Leicester UA,2020,190000,212595,47000,1151000,2090,21043,24024,89,9.03
LEICESTER,E06000016,Leicester UA,2021,216000,235037,43750,1100000,3111,21200,24092,111,10.19
LEICESTER,E06000016,Leicester UA,2022,230000,246787,41250,1400000,2809,23092,25931,90,9.96
LEICESTER,E06000016,Leicester UA,2023,233000,250132,39999,1265000,2194,24061,27167,90,9.68
LEICESTER,E06000016,Leicester UA,2024,240000,254299,50000,1400000,2169,25853,28783,91,9.28
LEICESTER,E06000016,Leicester UA,2025,242500,255776,45000,1750000,2319,27858,30887,117,8.7
LEWES,E07000063,Lewes,2015,279000,316343,65000,1808600,1832,22678,29713,33,12.3
LEWES,E07000063,Lewes,2016,298000,346696,60000,3020000,1731,21156,25967,29,14.09
LEWES,E07000063,Lewes,2017,315000,362324,79750,2450000,1607,22245,26967,31,14.16
LEWES,E07000063,Lewes,2018,320000,369881,78000,1650000,1590,24050,27060,28,13.31
LEWES,E07000063,Lewes,2019,325000,375037,78000,2150000,1632,25000,31623,27,13.0
LEWES,E07000063,Lewes,2020,340000,388256,80000,2500000,1473,26250,33055,33,12.95
LEWES,E07000063,Lewes,2021,372995,431785,79950,5000000,2183,27142,34327,37,13.74
LEWES,E07000063,Lewes,2022,395575,454746,83000,3900000,1817,27606,38525,30,14.33
LEWES,E07000063,Lewes,2023,399950.5,449860,78000,2875000,1296,26393,33584,27,15.15
LEWES,E07000063,Lewes,2024,387000,448723,81500,2700000,1512,29267,34472,32,13.22
LEWES,E07000063,Lewes,2025,380000,434434,80000,3250000,1642,33088,36401,34,11.48
LEWISHAM,E09000023,Lewisham,2015,360000,402941,65000,3650000,4488,27513,32487,88,13.08
LEWISHAM,E09000023,Lewisham,2016,385000,433955,105000,4625000,4096,29202,33253,96,13.18
LEWISHAM,E09000023,Lewisham,2017,427800,473782,90200,2850000,3413,28092,33561,96,15.23
LEWISHAM,E09000023,Lewisham,2018,419875,460947,105000,2600000,3340,29997,35379,100,14.0
LEWISHAM,E09000023,Lewisham,2019,428694,474547,113750,3300000,3032,28994,35674,101,14.79
LEWISHAM,E09000023,Lewisham,2020,445750,504528,114375,3200000,2904,31595,40260,93,14.11
LEWISHAM,E09000023,Lewisham,2021,455000,514165,115000,6350000,4056,29940,36626,103,15.2
LEWISHAM,E09000023,Lewisham,2022,470000,535945,111500,3950000,3583,32605,38414,90,14.41
LEWISHAM,E09000023,Lewisham,2023,450000,523895,113750,4350000,2671,34731,41205,97,12.96
LEWISHAM,E09000023,Lewisham,2024,470000,538096,117500,4200000,2877,37611,47029,106,12.5
LEWISHAM,E09000023,Lewisham,2025,470000,547069,72500,10515000,3101,39505,47643,115,11.9
LICHFIELD,E07000194,Lichfield,2015,200000,251392,40000,3100000,1642,24303,28870,38,8.23
LICHFIELD,E07000194,Lichfield,2016,210000,255834,67500,1800000,1790,,,36,
LICHFIELD,E07000194,Lichfield,2017,229000,272780,8450,2215000,1893,25771,,34,8.89
LICHFIELD,E07000194,Lichfield,2018,242500,280433,66000,1500000,1977,26039,36357,37,9.31
LICHFIELD,E07000194,Lichfield,2019,254995,293087,68000,2500000,1828,27961,33282,34,9.12
LICHFIELD,E07000194,Lichfield,2020,269500,313534,63500,2375000,1592,29670,34938,36,9.08
LICHFIELD,E07000194,Lichfield,2021,280000,335090,70000,3000000,2353,28709,34298,40,9.75
LICHFIELD,E07000194,Lichfield,2022,300000,353682,70000,5000000,2026,29600,36288,41,10.14
LICHFIELD,E07000194,Lichfield,2023,305000,355363,69000,3050000,1543,,,,
LICHFIELD,E07000194,Lichfield,2024,307500,356830,60000,1950000,1721,34517,,39,8.91
LICHFIELD,E07000194,Lichfield,2025,310000,367949,68000,3275000,1823,33763,41455,40,9.18
LINCOLN,E07000138,Lincoln,2015,130000,147489,15000,825000,1740,17992,21004,33,7.23
LINCOLN,E07000138,Lincoln,2016,140000,156964,26000,1460000,1668,19248,22447,30,7.27
LINCOLN,E07000138,Lincoln,2017,143500,159324,52000,785000,1589,18585,22614,32,7.72
LINCOLN,E07000138,Lincoln,2018,149000,166832,52000,935000,1604,,22664,31,
LINCOLN,E07000138,Lincoln,2019,155000,174033,34000,1940654,1483,21206,24243,34,7.31
LINCOLN,E07000138,Lincoln,2020,160000,185968,55000,1000000,1181,22578,25841,35,7.09
LINCOLN,E07000138,Lincoln,2021,173500,197245,52500,1775000,1671,21513,24597,34,8.06
LINCOLN,E07000138,Lincoln,2022,180000,204493,56500,1300000,1541,27197,28261,44,6.62
LINCOLN,E07000138,Lincoln,2023,177500,198950,55000,1975000,1062,27177,29414,32,6.53
LINCOLN,E07000138,Lincoln,2024,180000,202238,62000,1000000,1146,28826,30494,35,6.24
LINCOLN,E07000138,Lincoln,2025,190000,216564,65000,1950000,1272,29824,32167,37,6.37
LIVERPOOL,E08000012,Liverpool,2015,120000,143832,15000,1800000,5767,21100,24291,145,5.69
LIVERPOOL,E08000012,Liverpool,2016,120000,139475,10000,1150000,6303,21754,24754,140,5.52
LIVERPOOL,E08000012,Liverpool,2017,125000,148095,10000,1800000,6816,21792,25349,148,5.74
LIVERPOOL,E08000012,Liverpool,2018,125000,150279,25000,1250000,6972,22324,25557,152,5.6
LIVERPOOL,E08000012,Liverpool,2019,128000,152063,18000,2070000,6559,23312,26672,156,5.49
LIVERPOOL,E08000012,Liverpool,2020,140000,169095,3487,1500000,4598,25000,28853,135,5.6
LIVERPOOL,E08000012,Liverpool,2021,155031.5,190789,15000,1360000,6250,25019,28209,160,6.2
LIVERPOOL,E08000012,Liverpool,2022,160000,199266,15000,1760000,5741,26308,29221,135,6.08
LIVERPOOL,E08000012,Liverpool,2023,155000,192070,12000,3971025,5047,28421,32417,165,5.45
LIVERPOOL,E08000012,Liverpool,2024,170000,203102,10000,1645000,4829,29664,34054,165,5.73
LIVERPOOL,E08000012,Liverpool,2025,183000,224162,14000,1900000,4785,30947,34678,178,5.91
LUTON,E06000032,Luton UA,2015,193000,202900,35000,845000,2607,22000,24567,58,8.77
LUTON,E06000032,Luton,2016,221250,226262,52000,805000,2530,21072,24199,61,10.5
LUTON,E06000032,Luton,2017,240000,239870,60750,975000,2607,23332,26594,56,10.29
LUTON,E06000032,Luton,2018,245000,248007,60000,845000,2355,21629,24830,63,11.33
LUTON,E06000032,Luton,2019,245000,252178,60000,890000,2184,24522,28200,60,9.99
LUTON,E06000032,Luton UA,2020,260000,271242,59000,920000,1637,24678,28251,56,10.54
LUTON,E06000032,Luton UA,2021,272000,284828,59500,1225000,2611,24367,26593,63,11.16
LUTON,E06000032,Luton UA,2022,300000,307047,59500,1300000,2237,25819,28229,65,11.62
LUTON,E06000032,Luton UA,2023,302000,305683,54170,1106000,1596,26771,29892,59,11.28
LUTON,E06000032,Luton UA,2024,305000,310171,37000,1700000,1623,29107,32491,67,10.48
LUTON,E06000032,Luton UA,2025,315000,317411,56768,1140000,1750,28741,31351,67,10.96
MAIDSTONE,E07000110,Maidstone,2015,250000,279159,28750,1525000,2836,24296,31361,56,10.29
MAIDSTONE,E07000110,Maidstone,2016,272000,298008,40000,1475000,3078,25011,30412,57,10.88
MAIDSTONE,E07000110,Maidstone,2017,299995,327093,39000,2000000,3278,24285,30700,57,12.35
MAIDSTONE,E07000110,Maidstone,2018,310000,341756,40000,1750000,2764,23973,30868,63,12.93
MAIDSTONE,E07000110,Maidstone,2019,310000,338852,40000,1615000,2397,26649,30449,57,11.63
MAIDSTONE,E07000110,Maidstone,2020,325000,357641,40000,1520000,2712,28293,31948,55,11.49
MAIDSTONE,E07000110,Maidstone,2021,350000,383615,40000,2075000,4287,28068,32440,69,12.47
MAIDSTONE,E07000110,Maidstone,2022,375000,410684,43750,4266101,3053,30108,34368,61,12.46
MAIDSTONE,E07000110,Maidstone,2023,342250,377180,36250,1750000,2302,30059,35666,62,11.39
MAIDSTONE,E07000110,Maidstone,2024,360000,388788,41250,3940000,2372,32367,37141,71,11.12
MAIDSTONE,E07000110,Maidstone,2025,368921,404983,40000,2700000,2570,34151,40535,67,10.8
MALDON,E07000074,Maldon,2015,250000,303716,72000,2545000,1101,26136,36059,23,9.57
MALDON,E07000074,Maldon,2016,287750,332958,69995,1890000,1280,29071,40403,21,9.9
MALDON,E07000074,Maldon,2017,320000,363434,95000,1925000,1075,27173,32123,23,11.78
MALDON,E07000074,Maldon,2018,321000,369314,75000,1695000,1067,25049,34872,21,12.81
MALDON,E07000074,Maldon,2019,320000,365178,80000,3325000,1089,,43225,22,
MALDON,E07000074,Maldon,2020,340000,378905,82250,1550000,1144,26247,40569,23,12.95
MALDON,E07000074,Maldon,2021,365000,420007,12000,3500000,1512,27735,39359,23,13.16
MALDON,E07000074,Maldon,2022,392750,433840,73250,3000000,1214,,,,
MALDON,E07000074,Maldon,2023,378750,420602,90000,2699950,886,28911,41703,21,13.1
MALDON,E07000074,Maldon,2024,380000,432569,75000,5900000,969,31937,,24,11.9
MALDON,E07000074,Maldon,2025,390000,442717,74000,2800000,1155,32599,50114,24,11.96
MALVERN HILLS,E07000235,Malvern Hills,2015,225000,262099,45000,1325000,1218,18461,23709,21,12.19
MALVERN HILLS,E07000235,Malvern Hills,2016,245995,282741,60000,1750000,1283,19498,24865,23,12.62
MALVERN HILLS,E07000235,Malvern Hills,2017,255326,294933,68000,1625000,1378,23500,28545,20,10.86
MALVERN HILLS,E07000235,Malvern Hills,2018,272975,309784,70000,1125000,1304,22758,26325,24,11.99
MALVERN HILLS,E07000235,Malvern Hills,2019,286000,320634,71000,1045000,1276,,26847,22,
MALVERN HILLS,E07000235,Malvern Hills,2020,295000,333395,70000,1550000,1123,21617,25805,22,13.65
MALVERN HILLS,E07000235,Malvern Hills,2021,312000,358592,70000,1900000,1724,26028,30498,22,11.99
MALVERN HILLS,E07000235,Malvern Hills,2022,330000,382008,70000,2030000,1369,26864,31981,24,12.28
MALVERN HILLS,E07000235,Malvern Hills,2023,340997.5,382155,73000,2820000,1096,31271,35228,24,10.9
MALVERN HILLS,E07000235,Malvern Hills,2024,322440,372241,70000,1400000,1288,27129,35830,26,11.89
MALVERN HILLS,E07000235,Malvern Hills,2025,330000,377102,70000,1645000,1323,28167,33112,27,11.72
MANCHESTER,E08000003,Manchester,2015,143000,164146,12000,1480000,7078,20585,23547,141,6.95
MANCHESTER,E08000003,Manchester,2016,150000,174412,700,1550000,7317,20163,23503,139,7.44
MANCHESTER,E08000003,Manchester,2017,163995,193271,18000,1500000,6731,20555,23575,149,7.98
MANCHESTER,E08000003,Manchester,2018,173000,204875,34000,1600000,6254,22188,25239,136,7.8
MANCHESTER,E08000003,Manchester,2019,181000,213048,35000,1475000,5718,22412,25724,150,8.08
MANCHESTER,E08000003,Manchester,2020,210000,237956,39995,2400000,5580,23141,26905,141,9.07
MANCHESTER,E08000003,Manchester,2021,225000,261501,30000,1850000,6736,23044,26580,143,9.76
MANCHESTER,E08000003,Manchester,2022,243262,275112,15000,2450000,6038,24216,28374,147,10.05
MANCHESTER,E08000003,Manchester,2023,249500,279413,10000,3185000,4558,27217,31247,170,9.17
MANCHESTER,E08000003,Manchester,2024,255000,285996,22000,2822017,4993,28386,33666,177,8.98
MANCHESTER,E08000003,Manchester,2025,253000,292777,20500,2300000,4799,30067,35180,190,8.41
MANSFIELD,E07000174,Mansfield,2015,121750,134248,20000,612500,1718,18107,20993,37,6.72
MANSFIELD,E07000174,Mansfield,2016,127500,142559,33000,750000,1824,17749,20152,39,7.18
MANSFIELD,E07000174,Mansfield,2017,130000,143883,39950,650000,1703,18523,21618,40,7.02
MANSFIELD,E07000174,Mansfield,2018,136997.5,153874,36000,780000,1752,,21600,36,
MANSFIELD,E07000174,Mansfield,2019,150000,168492,39950,635000,1821,19610,23147,35,7.65
MANSFIELD,E07000174,Mansfield,2020,152000,176331,20000,875000,1674,22254,24599,32,6.83
MANSFIELD,E07000174,Mansfield,2021,170000,194028,40000,895000,2055,21802,23930,39,7.8
MANSFIELD,E07000174,Mansfield,2022,180000,201891,41250,935000,1826,24872,26794,38,7.24
MANSFIELD,E07000174,Mansfield,2023,180000,201465,41000,975000,1340,24993,27375,39,7.2
MANSFIELD,E07000174,Mansfield,2024,190000,211893,50000,1300000,1452,27554,28939,40,6.9
MANSFIELD,E07000174,Mansfield,2025,193750,220817,39000,1350000,1582,28170,30845,38,6.88
MEDWAY,E06000035,Medway UA,2015,191500,211001,33000,940000,4758,24859,27537,95,7.7
MEDWAY,E06000035,Medway,2016,220000,237111,42000,995000,4593,24559,27863,92,8.96
MEDWAY,E06000035,Medway,2017,235000,258024,58500,1385000,4460,24828,27967,108,9.47
MEDWAY,E06000035,Medway,2018,243000,264885,59250,1600000,4026,25857,29819,106,9.4
MEDWAY,E06000035,Medway,2019,250000,273463,60000,1400000,3991,26544,30495,105,9.42
MEDWAY,E06000035,Medway UA,2020,263000,290013,59500,975000,3423,28253,32490,106,9.31
MEDWAY,E06000035,Medway UA,2021,285000,309127,59500,1320000,5393,26893,30228,108,10.6
MEDWAY,E06000035,Medway UA,2022,305000,325441,59000,1500000,4153,27848,32205,100,10.95
MEDWAY,E06000035,Medway UA,2023,300000,323208,60000,2000000,3432,29910,34546,97,10.03
MEDWAY,E06000035,Medway UA,2024,308000,326823,58750,1500000,3462,32156,37167,104,9.58
MEDWAY,E06000035,Medway UA,2025,315000,336122,57000,1310000,3641,33857,38918,107,9.3
MELTON,E07000133,Melton,2015,172500,218692,30000,1362800,888,,21765,,
MELTON,E07000133,Melton,2016,191750,234574,56000,1200000,778,18843,21900,18,10.18
MELTON,E07000133,Melton,2017,193000,236856,69950,1175000,815,22241,24520,19,8.68
MELTON,E07000133,Melton,2018,210000,255484,67500,1650000,840,,24053,18,
MELTON,E07000133,Melton,2019,224950,261151,76000,1750000,831,21519,24809,16,10.45
MELTON,E07000133,Melton,2020,239475,287853,67000,1700000,798,20552,24854,13,11.65
MELTON,E07000133,Melton,2021,263000,314683,69000,2400000,1163,19023,22387,16,13.83
MELTON,E07000133,Melton,2022,269475,315594,70750,2465000,1006,,28211,,
MELTON,E07000133,Melton,2023,278594.5,321105,80500,1260000,848,24506,27036,14,11.37
MELTON,E07000133,Melton,2024,272250,311804,80000,3500000,964,27326,29990,17,9.96
MELTON,E07000133,Melton,2025,272000,326289,80000,1500000,1024,26633,32292,16,10.21
MENDIP,E07000187,Mendip,2015,212500,243253,37499,1240000,2089,19558,24451,41,10.87
MENDIP,E07000187,Mendip,2016,235000,275164,42500,1750000,2155,21626,25332,40,10.87
MENDIP,E07000187,Mendip,2017,246000,289888,59500,2050000,2199,,23941,40,
MENDIP,E07000187,Mendip,2018,261950,304113,55000,2060000,1999,21006,25863,39,12.47
MENDIP,E07000187,Mendip,2019,258150,303169,60000,2000000,1796,22918,27482,41,11.26
MENDIP,E07000187,Mendip,2020,282500,335365,57000,2630000,1739,22164,26045,41,12.75
MENDIP,E07000187,Mendip,2021,292480,351099,56000,3000000,2253,22723,27408,50,12.87
MERTHYR TYDFIL,W06000024,Merthyr Tydfil / Merthyr Tudful,2015,89000,108246,23000,355000,714,19925,22858,24,4.47
MERTHYR TYDFIL,W06000024,Merthyr Tydfil / Merthyr Tudful,2016,90375,117783,18000,457500,744,20348,23452,26,4.44
MERTHYR TYDFIL,W06000024,Merthyr Tydfil / Merthyr Tudful,2017,95000,122162,25000,475000,795,21340,23707,23,4.45
MERTHYR TYDFIL,W06000024,Merthyr Tydfil / Merthyr Tudful,2018,94000,117150,25000,415000,666,20782,23889,24,4.52
MERTHYR TYDFIL,W06000024,Merthyr Tydfil / Merthyr Tudful,2019,108000,129870,27000,600000,765,23267,26496,25,4.64
MERTHYR TYDFIL,W06000024,Merthyr Tydfil / Merthyr Tudful,2020,116500,141993,26500,2020000,562,23410,26018,23,4.98
MERTHYR TYDFIL,W06000024,Merthyr Tydfil / Merthyr Tudful,2021,125000,152532,27000,910000,824,24645,27502,28,5.07
MERTHYR TYDFIL,W06000024,Merthyr Tydfil / Merthyr Tudful,2022,135000,165739,30000,700000,781,25010,28151,25,5.4
MERTHYR TYDFIL,W06000024,Merthyr Tydfil / Merthyr Tudful,2023,137000,160425,37500,870000,564,26594,28895,24,5.15
MERTHYR TYDFIL,W06000024,Merthyr Tydfil / Merthyr Tudful,2024,145000,176276,35000,790000,558,30088,33656,26,4.82
MERTHYR TYDFIL,W06000024,Merthyr Tydfil / Merthyr Tudful,2025,145000,174972,26000,900000,634,31504,38536,26,4.6
MERTON,E09000024,Merton,2015,420000,572026,76100,7000000,2912,28865,40456,69,14.55
MERTON,E09000024,Merton,2016,450000,587400,85000,6500000,2570,30725,50042,70,14.65
MERTON,E09000024,Merton,2017,470000,638932,91250,11000000,2458,30834,41902,74,15.24
MERTON,E09000024,Merton,2018,475000,655862,120000,15250000,2234,32299,45195,76,14.71
MERTON,E09000024,Merton,2019,470000,637123,120000,9000000,2166,32521,43975,73,14.45
MERTON,E09000024,Merton,2020,510000,690506,119250,8500000,2037,32196,47998,73,15.84
MERTON,E09000024,Merton,2021,545000,718416,120000,9250000,3311,29884,42511,73,18.24
MERTON,E09000024,Merton,2022,550000,751181,121000,15300000,2752,30812,44451,67,17.85
MERTON,E09000024,Merton,2023,536500,721698,125000,10000000,2048,35462,49959,72,15.13
MERTON,E09000024,Merton,2024,542000,722109,120000,14677000,2340,37877,53204,75,14.31
MERTON,E09000024,Merton,2025,550000,760435,120000,19750000,2307,43507,61843,78,12.64
MID DEVON,E07000042,Mid Devon,2015,203000,234608,40625,1675000,1394,20696,24222,29,9.81
MID DEVON,E07000042,Mid Devon,2016,212500,235278,39950,1000000,1425,21957,25294,30,9.68
MID DEVON,E07000042,Mid Devon,2017,225000,255998,45000,1825000,1483,22007,25365,27,10.22
MID DEVON,E07000042,Mid Devon,2018,235000,264415,47000,1170000,1396,22274,24840,30,10.55
MID DEVON,E07000042,Mid Devon,2019,236400,266030,49000,3225000,1316,22001,25595,29,10.74
MID DEVON,E07000042,Mid Devon,2020,260000,291018,50000,1300000,1303,21883,26009,30,11.88
MID DEVON,E07000042,Mid Devon,2021,277500,323423,52000,2373000,1695,,,,
MID DEVON,E07000042,Mid Devon,2022,300000,348484,57000,2000000,1251,25087,28121,29,11.96
MID DEVON,E07000042,Mid Devon,2023,300000,346639,50000,1690000,1099,,,,
MID DEVON,E07000042,Mid Devon,2024,296250,338461,45000,1874000,1190,29667,33134,30,9.99
MID DEVON,E07000042,Mid Devon,2025,295000,336603,55000,3150000,1181,31908,33036,27,9.25
MID SUFFOLK,E07000203,Mid Suffolk,2015,215000,251006,40000,2400000,1830,22907,30966,36,9.39
MID SUFFOLK,E07000203,Mid Suffolk,2016,230000,268258,23183,1400000,1821,22456,29397,37,10.24
MID SUFFOLK,E07000203,Mid Suffolk,2017,260000,293895,49000,2842306,1767,22162,25898,38,11.73
MID SUFFOLK,E07000203,Mid Suffolk,2018,265000,297863,48000,3500000,1840,23208,27972,35,11.42
MID SUFFOLK,E07000203,Mid Suffolk,2019,260000,295787,56000,2085000,1722,24793,29316,38,10.49
MID SUFFOLK,E07000203,Mid Suffolk,2020,280000,315055,46000,2000000,1703,24254,27976,39,11.54
MID SUFFOLK,E07000203,Mid Suffolk,2021,302500,343541,48000,2300000,2795,25569,28373,44,11.83
MID SUFFOLK,E07000203,Mid Suffolk,2022,325000,367648,60000,1995000,2216,26188,30492,43,12.41
MID SUFFOLK,E07000203,Mid Suffolk,2023,329995,370019,52500,1990000,1695,28263,35375,45,11.68
MID SUFFOLK,E07000203,Mid Suffolk,2024,319995,354183,52000,1750000,1934,30013,37973,46,10.66
MID SUFFOLK,E07000203,Mid Suffolk,2025,315000,355336,48000,1750000,2007,31507,38259,44,10.0
MID SUSSEX,E07000228,Mid Sussex,2015,325000,363427,55000,2675000,2933,27457,31772,54,11.84
MID SUSSEX,E07000228,Mid Sussex,2016,355000,395863,61250,4600000,2845,24829,30448,55,14.3
MID SUSSEX,E07000228,Mid Sussex,2017,366000,417140,79500,6000000,2666,28355,33632,60,12.91
MID SUSSEX,E07000228,Mid Sussex,2018,370000,417442,66250,2800000,2574,30024,36282,58,12.32
MID SUSSEX,E07000228,Mid Sussex,2019,380000,432227,82250,2650000,2692,28205,33965,56,13.47
MID SUSSEX,E07000228,Mid Sussex,2020,392500,439083,80000,3500000,2524,27903,35959,62,14.07
MID SUSSEX,E07000228,Mid Sussex,2021,412725,466566,80000,5746403,3694,27428,34991,72,15.05
MID SUSSEX,E07000228,Mid Sussex,2022,440000,494058,80000,5250000,3079,30071,39708,59,14.63
MID SUSSEX,E07000228,Mid Sussex,2023,450000,506916,80000,3325000,2264,,42127,56,
MID SUSSEX,E07000228,Mid Sussex,2024,430000,492307,86000,5364275,2448,34744,39020,70,12.38
MID SUSSEX,E07000228,Mid Sussex,2025,445000,503219,85000,5000000,2571,37705,43857,70,11.8
MIDDLESBROUGH,E06000002,Middlesbrough UA,2015,130000,145566,22000,685000,1802,18732,21330,46,6.94
MIDDLESBROUGH,E06000002,Middlesbrough,2016,130000,148466,15000,845000,1797,18687,21283,43,6.96
MIDDLESBROUGH,E06000002,Middlesbrough,2017,126000,143443,25000,883000,1733,18454,21824,44,6.83
MIDDLESBROUGH,E06000002,Middlesbrough,2018,133500,146944,25000,775000,1837,19120,22878,43,6.98
MIDDLESBROUGH,E06000002,Middlesbrough,2019,135995,150536,25000,1100000,1882,21082,24556,44,6.45
MIDDLESBROUGH,E06000002,Middlesbrough UA,2020,134000,150434,25000,900000,1576,22487,26005,39,5.96
MIDDLESBROUGH,E06000002,Middlesbrough UA,2021,141972.5,162583,25000,1150000,2316,21968,24238,42,6.46
MIDDLESBROUGH,E06000002,Middlesbrough UA,2022,150000,167068,25000,900000,2091,,25909,39,
MIDDLESBROUGH,E06000002,Middlesbrough UA,2023,152000,166653,25000,780000,1602,24327,27481,40,6.25
MIDDLESBROUGH,E06000002,Middlesbrough UA,2024,153750,170681,25000,1100000,1694,27455,30691,37,5.6
MIDDLESBROUGH,E06000002,Middlesbrough UA,2025,157125,175186,30000,925000,1738,30253,34997,38,5.19
MILTON KEYNES,E06000042,Milton Keynes UA,2015,232250,261087,32500,1830000,4734,24845,28866,102,9.35
MILTON KEYNES,E06000042,Milton Keynes,2016,252000,281906,37500,3500000,4765,25507,30129,102,9.88
MILTON KEYNES,E06000042,Milton Keynes,2017,270000,296350,38100,1475000,4678,26529,31195,107,10.18
MILTON KEYNES,E06000042,Milton Keynes,2018,285000,311151,38750,1630000,4443,26527,31343,103,10.74
MILTON KEYNES,E06000042,Milton Keynes,2019,288000,313444,40500,1900000,4285,28728,32701,100,10.03
MILTON KEYNES,E06000042,Milton Keynes UA,2020,315000,337606,40000,2350000,3655,28930,33876,104,10.89
MILTON KEYNES,E06000042,Milton Keynes UA,2021,325000,350832,39600,3750000,5638,29713,34326,110,10.94
MILTON KEYNES,E06000042,Milton Keynes UA,2022,360000,381007,37750,2976500,5000,31287,36819,96,11.51
MILTON KEYNES,E06000042,Milton Keynes UA,2023,355000,377069,42000,1850000,3765,31567,37614,99,11.25
MILTON KEYNES,E06000042,Milton Keynes UA,2024,355000,374630,42625,1850000,3753,34924,39921,113,10.16
MILTON KEYNES,E06000042,Milton Keynes UA,2025,350000,374228,38000,2200000,3479,36061,43295,112,9.71
MOLE VALLEY,E07000210,Mole Valley,2015,440000,511725,85000,3950000,1481,26329,37117,26,16.71
MOLE VALLEY,E07000210,Mole Valley,2016,475000,549297,87500,3562250,1318,,41928,,
MOLE VALLEY,E07000210,Mole Valley,2017,500000,574054,104000,3450000,1226,,39583,,
MOLE VALLEY,E07000210,Mole Valley,2018,489950,541306,98000,2900000,1225,24362,39720,31,20.11
MOLE VALLEY,E07000210,Mole Valley,2019,474750,533840,100500,2900000,1242,26363,36218,27,18.01
MOLE VALLEY,E07000210,Mole Valley,2020,545000,606749,97500,4250000,1255,25377,37502,30,21.48
MOLE VALLEY,E07000210,Mole Valley,2021,535000,629905,96000,4250000,1831,28039,40259,33,19.08
MOLE VALLEY,E07000210,Mole Valley,2022,535000,627114,99938,3825000,1388,29236,37985,26,18.3
MOLE VALLEY,E07000210,Mole Valley,2023,590000,682088,130000,4900000,1054,,,,
MOLE VALLEY,E07000210,Mole Valley,2024,580000,654978,99000,8000000,1200,37374,,28,15.52
MOLE VALLEY,E07000210,Mole Valley,2025,580000,661678,99750,2850000,1180,35341,44039,30,16.41
MONMOUTHSHIRE,W06000021,Monmouthshire / Sir Fynwy,2015,210000,241796,35000,1370000,1452,24447,29305,34,8.59
MONMOUTHSHIRE,W06000021,Monmouthshire / Sir Fynwy,2016,215000,250345,50000,1625000,1596,26744,33072,34,8.04
MONMOUTHSHIRE,W06000021,Monmouthshire / Sir Fynwy,2017,229950,261505,63500,1050000,1562,25663,32226,33,8.96
MONMOUTHSHIRE,W06000021,Monmouthshire / Sir Fynwy,2018,245000,281945,65500,1525000,1451,26095,32558,33,9.39
MONMOUTHSHIRE,W06000021,Monmouthshire / Sir Fynwy,2019,255000,289613,73500,1430000,1288,26071,33971,34,9.78
MONMOUTHSHIRE,W06000021,Monmouthshire / Sir Fynwy,2020,270000,310388,70000,1495000,1133,26900,33464,34,10.04
MONMOUTHSHIRE,W06000021,Monmouthshire / Sir Fynwy,2021,290000,330296,67995,1600000,2009,29914,33575,32,9.69
MONMOUTHSHIRE,W06000021,Monmouthshire / Sir Fynwy,2022,320000,358944,70000,1750000,1568,28159,33172,30,11.36
MONMOUTHSHIRE,W06000021,Monmouthshire / Sir Fynwy,2023,320000,358101,72500,2000000,1156,31379,35729,34,10.2
MONMOUTHSHIRE,W06000021,Monmouthshire / Sir Fynwy,2024,320000,361857,75000,2055000,1318,33728,41091,35,9.49
MONMOUTHSHIRE,W06000021,Monmouthshire / Sir Fynwy,2025,315000,357250,75000,1800000,1319,35020,42135,40,8.99
NEATH PORT TALBOT,W06000012,Neath Port Talbot / Castell-nedd Port Talbot,2015,108000,120803,17000,700000,1885,20417,23587,47,5.29
NEATH PORT TALBOT,W06000012,Neath Port Talbot / Castell-nedd Port Talbot,2016,105000,121176,20000,1050000,1832,19909,23214,49,5.27
NEATH PORT TALBOT,W06000012,Neath Port Talbot / Castell-nedd Port Talbot,2017,110000,124031,18000,700000,1978,20645,23233,47,5.33
NEATH PORT TALBOT,W06000012,Neath Port Talbot / Castell-nedd Port Talbot,2018,115000,126467,34500,495000,1919,21916,24157,49,5.25
NEATH PORT TALBOT,W06000012,Neath Port Talbot / Castell-nedd Port Talbot,2019,120000,136143,34000,795000,1924,23384,25409,48,5.13
NEATH PORT TALBOT,W06000012,Neath Port Talbot / Castell-nedd Port Talbot,2020,127000,146616,8500,900000,1556,23836,26322,54,5.33
NEATH PORT TALBOT,W06000012,Neath Port Talbot / Castell-nedd Port Talbot,2021,138000,154345,36000,750000,2185,24935,27374,55,5.53
NEATH PORT TALBOT,W06000012,Neath Port Talbot / Castell-nedd Port Talbot,2022,147000,168194,19000,850000,1968,26160,28435,46,5.62
NEATH PORT TALBOT,W06000012,Neath Port Talbot / Castell-nedd Port Talbot,2023,154000,173074,34000,930000,1659,27922,30548,53,5.52
NEATH PORT TALBOT,W06000012,Neath Port Talbot / Castell-nedd Port Talbot,2024,157500,177062,37000,900000,1762,30770,31542,56,5.12
NEATH PORT TALBOT,W06000012,Neath Port Talbot / Castell-nedd Port Talbot,2025,165000,185581,35000,840000,1840,30709,33269,54,5.37
NEW FOREST,E07000091,New Forest,2015,285000,334291,47500,1900000,3334,21741,26272,60,13.11
NEW FOREST,E07000091,New Forest,2016,300000,355321,54000,3525000,3277,23081,27874,61,13.0
NEW FOREST,E07000091,New Forest,2017,322500,379298,39995,2750000,3063,23079,27554,63,13.97
NEW FOREST,E07000091,New Forest,2018,322500,388905,69000,2750000,2852,22486,27106,62,14.34
NEW FOREST,E07000091,New Forest,2019,330000,387029,69950,2396000,2750,24048,29324,64,13.72
NEW FOREST,E07000091,New Forest,2020,358000,438848,67000,8500000,2661,25713,30597,69,13.92
NEW FOREST,E07000091,New Forest,2021,379000,447728,67000,5000000,3889,23847,29122,75,15.89
NEW FOREST,E07000091,New Forest,2022,399950,500342,68500,12500000,2731,26052,31392,61,15.35
NEW FOREST,E07000091,New Forest,2023,393725,488482,64000,9675000,2088,30807,35004,60,12.78
NEW FOREST,E07000091,New Forest,2024,385000,471220,67000,3953516,2447,29236,33602,62,13.17
NEW FOREST,E07000091,New Forest,2025,381000,462380,68000,14011076,2745,31344,37271,67,12.16
NEWARK AND SHERWOOD,E07000175,Newark and Sherwood,2015,155000,188676,25000,1114000,2005,,25912,39,
NEWARK AND SHERWOOD,E07000175,Newark and Sherwood,2016,162000,193736,40000,920000,2269,19946,25985,38,8.12
NEWARK AND SHERWOOD,E07000175,Newark and Sherwood,2017,170000,200247,43000,1675000,2157,19014,25387,38,8.94
NEWARK AND SHERWOOD,E07000175,Newark and Sherwood,2018,180000,217232,40000,1187500,2170,21073,27586,41,8.54
NEWARK AND SHERWOOD,E07000175,Newark and Sherwood,2019,188750,218420,50000,995000,2166,22538,28594,40,8.37
NEWARK AND SHERWOOD,E07000175,Newark and Sherwood,2020,197500,235928,48000,1200000,2122,23231,29133,41,8.5
NEWARK AND SHERWOOD,E07000175,Newark and Sherwood,2021,225775,261666,33750,1600000,2872,23752,28851,40,9.51
NEWARK AND SHERWOOD,E07000175,Newark and Sherwood,2022,232000,268755,50000,1900000,2377,25050,28754,41,9.26
NEWARK AND SHERWOOD,E07000175,Newark and Sherwood,2023,233000,272809,50250,2000000,1847,26586,30995,41,8.76
NEWARK AND SHERWOOD,E07000175,Newark and Sherwood,2024,237496,276420,47500,2400000,2019,29108,34706,44,8.16
NEWARK AND SHERWOOD,E07000175,Newark and Sherwood,2025,237500,279578,52500,1850000,2117,29806,34695,43,7.97
NEWCASTLE UPON TYNE,E08000021,Newcastle upon Tyne,2015,151950,184308,25000,1650000,3787,21165,25229,81,7.18
NEWCASTLE UPON TYNE,E08000021,Newcastle upon Tyne,2016,157000,192079,26000,2300000,3797,22501,26822,77,6.98
NEWCASTLE UPON TYNE,E08000021,Newcastle upon Tyne,2017,155000,187862,2638,1600000,3931,21253,26785,83,7.29
NEWCASTLE UPON TYNE,E08000021,Newcastle upon Tyne,2018,161995,192898,24500,2400000,3712,21999,28350,80,7.36
NEWCASTLE UPON TYNE,E08000021,Newcastle upon Tyne,2019,164997.5,198829,6105,2575000,3664,23502,29212,82,7.02
NEWCASTLE UPON TYNE,E08000021,Newcastle upon Tyne,2020,175000,212668,27000,1925000,3435,23797,29779,72,7.35
NEWCASTLE UPON TYNE,E08000021,Newcastle upon Tyne,2021,185000,226839,35000,4750000,4887,24377,30374,85,7.59
NEWCASTLE UPON TYNE,E08000021,Newcastle upon Tyne,2022,195000,241468,35000,5300550,4268,27006,33090,83,7.22
NEWCASTLE UPON TYNE,E08000021,Newcastle upon Tyne,2023,200000,242703,35000,2700000,3752,27892,32625,92,7.17
NEWCASTLE UPON TYNE,E08000021,Newcastle upon Tyne,2024,199950,240400,35000,5350000,3611,29260,34629,88,6.83
NEWCASTLE UPON TYNE,E08000021,Newcastle upon Tyne,2025,208000,251095,35000,3041000,3553,30144,35480,86,6.9
NEWCASTLE-UNDER-LYME,E07000195,Newcastle-under-Lyme,2015,134000,153607,28000,1552043,1792,20140,21561,45,6.65
NEWCASTLE-UNDER-LYME,E07000195,Newcastle-under-Lyme,2016,136500,159839,40000,1200000,1868,21474,22716,45,6.36
NEWCASTLE-UNDER-LYME,E07000195,Newcastle-under-Lyme,2017,134950,155915,40000,890000,2047,20984,22447,44,6.43
NEWCASTLE-UNDER-LYME,E07000195,Newcastle-under-Lyme,2018,145000,169403,42000,1000000,1812,22656,24887,43,6.4
NEWCASTLE-UNDER-LYME,E07000195,Newcastle-under-Lyme,2019,148000,169149,45000,1125000,1839,21962,24652,48,6.74
NEWCASTLE-UNDER-LYME,E07000195,Newcastle-under-Lyme,2020,160000,187147,40000,970000,1805,23998,26805,46,6.67
NEWCASTLE-UNDER-LYME,E07000195,Newcastle-under-Lyme,2021,164000,192725,44000,1385985,2437,24284,26009,48,6.75
NEWCASTLE-UNDER-LYME,E07000195,Newcastle-under-Lyme,2022,180000,207449,47250,1450000,1923,25146,27008,45,7.16
NEWCASTLE-UNDER-LYME,E07000195,Newcastle-under-Lyme,2023,180000,210934,40000,1200000,1633,26834,30000,47,6.71
NEWCASTLE-UNDER-LYME,E07000195,Newcastle-under-Lyme,2024,187500,221068,40000,1900000,1738,29696,32937,47,6.31
NEWCASTLE-UNDER-LYME,E07000195,Newcastle-under-Lyme,2025,200000,230066,42500,1600000,1694,31205,34909,47,6.41
NEWHAM,E09000025,Newham,2015,310000,319095,53000,1350000,2839,22041,25666,78,14.06
NEWHAM,E09000025,Newham,2016,355000,369780,80000,1170000,2739,22501,26271,82,15.78
NEWHAM,E09000025,Newham,2017,392000,410770,40600,1500000,3515,23429,26621,85,16.73
NEWHAM,E09000025,Newham,2018,410000,430324,96000,1273800,2942,24805,28129,88,16.53
NEWHAM,E09000025,Newham,2019,410000,430161,97500,1600000,1944,26107,30081,92,15.7
NEWHAM,E09000025,Newham,2020,417950,440950,99000,1222500,1927,28600,31422,86,14.61
NEWHAM,E09000025,Newham,2021,433750,447948,98000,1625000,2532,30473,34921,99,14.23
NEWHAM,E09000025,Newham,2022,440000,449885,98000,1715000,2549,29115,33279,90,15.11
NEWHAM,E09000025,Newham,2023,440000,453549,96000,1327000,1752,32900,37775,93,13.37
NEWHAM,E09000025,Newham,2024,450000,467633,97500,1775000,1999,32551,39489,110,13.82
NEWHAM,E09000025,Newham,2025,450000,467589,84000,1575000,1998,36080,43724,110,12.47
NEWPORT,W06000022,Newport / Casnewydd,2015,150000,165780,7250,785000,2341,20308,25001,45,7.39
NEWPORT,W06000022,Newport / Casnewydd,2016,155000,176535,25000,830000,2786,20644,24420,47,7.51
NEWPORT,W06000022,Newport / Casnewydd,2017,157000,179518,31500,950000,3093,21251,24269,50,7.39
NEWPORT,W06000022,Newport / Casnewydd,2018,166400,189596,33000,1075000,2780,22165,24974,52,7.51
NEWPORT,W06000022,Newport / Casnewydd,2019,180000,202159,42000,965000,2397,23425,26005,55,7.68
NEWPORT,W06000022,Newport / Casnewydd,2020,185000,214464,45000,875000,1881,24797,27300,53,7.46
NEWPORT,W06000022,Newport / Casnewydd,2021,205000,231541,44000,995000,2668,24583,26933,58,8.34
NEWPORT,W06000022,Newport / Casnewydd,2022,218000,244189,35000,1675000,2476,26509,28356,55,8.22
NEWPORT,W06000022,Newport / Casnewydd,2023,220000,249369,37500,1075000,2093,27580,29743,58,7.98
NEWPORT,W06000022,Newport / Casnewydd,2024,230000,248925,35000,950000,2142,30944,33299,56,7.43
NEWPORT,W06000022,Newport / Casnewydd,2025,240000,266655,35000,2010000,2331,31495,33189,58,7.62
NORTH DEVON,E07000043,North Devon,2015,215000,242536,42500,1750000,1793,17073,20805,30,12.59
NORTH DEVON,E07000043,North Devon,2016,220000,241548,40000,1300000,1833,17565,20666,28,12.52
NORTH DEVON,E07000043,North Devon,2017,230000,255952,59000,1475000,1993,17672,22048,30,13.01
NORTH DEVON,E07000043,North Devon,2018,239750,260696,58000,1169950,1955,18984,22084,30,12.63
NORTH DEVON,E07000043,North Devon,2019,252500,273760,58000,2000000,1873,19968,22063,31,12.65
NORTH DEVON,E07000043,North Devon,2020,260000,290740,55000,1941986,1816,19954,21944,31,13.03
NORTH DEVON,E07000043,North Devon,2021,290000,319083,55000,1690000,2431,21335,23135,36,13.59
NORTH DEVON,E07000043,North Devon,2022,310000,349472,62500,2550000,1747,24817,25130,36,12.49
NORTH DEVON,E07000043,North Devon,2023,305000,350914,58000,5000000,1361,,,,
NORTH DEVON,E07000043,North Devon,2024,293000,335601,55500,2725000,1480,27065,27791,30,10.83
NORTH DEVON,E07000043,North Devon,2025,295000,324331,63500,2500000,1525,28386,30317,33,10.39
NORTH DORSET,E07000050,North Dorset,2015,226000,257074,30000,1400000,1355,18963,22561,25,11.92
NORTH DORSET,E07000050,North Dorset,2016,240000,277372,45000,1650000,1370,19897,24155,24,12.06
NORTH DORSET,E07000050,North Dorset,2017,260000,298165,54000,3300000,1274,,25243,25,
NORTH EAST DERBYSHIRE,E07000038,North East Derbyshire,2015,165000,189165,25000,1000000,1414,19269,25125,31,8.56
NORTH EAST DERBYSHIRE,E07000038,North East Derbyshire,2016,167000,188753,45000,1070000,1439,20629,24340,31,8.1
NORTH EAST DERBYSHIRE,E07000038,North East Derbyshire,2017,174950,200669,50000,900000,1493,20010,24165,30,8.74
NORTH EAST DERBYSHIRE,E07000038,North East Derbyshire,2018,182000,208653,48000,1400000,1681,23013,25327,32,7.91
NORTH EAST DERBYSHIRE,E07000038,North East Derbyshire,2019,190000,215026,53000,1030000,1632,23448,26458,34,8.1
NORTH EAST DERBYSHIRE,E07000038,North East Derbyshire,2020,214995,238264,50000,1275000,1561,24908,28333,33,8.63
NORTH EAST DERBYSHIRE,E07000038,North East Derbyshire,2021,220000,248308,52500,2185000,2096,25660,29250,30,8.57
NORTH EAST DERBYSHIRE,E07000038,North East Derbyshire,2022,240747.5,271219,53750,1885000,1868,26303,29938,31,9.15
NORTH EAST DERBYSHIRE,E07000038,North East Derbyshire,2023,242000,266664,55000,1600000,1473,,31354,,
NORTH EAST DERBYSHIRE,E07000038,North East Derbyshire,2024,240000,268432,55000,1975000,1563,30877,35163,42,7.77
NORTH EAST DERBYSHIRE,E07000038,North East Derbyshire,2025,250000,281537,55000,1750000,1532,30931,38994,42,8.08
NORTH EAST LINCOLNSHIRE,E06000012,North East Lincolnshire UA,2015,120000,129024,6000,740000,2225,18171,21676,50,6.6
NORTH EAST LINCOLNSHIRE,E06000012,North East Lincolnshire,2016,125000,134263,8700,1000000,2363,19151,23273,48,6.53
NORTH EAST LINCOLNSHIRE,E06000012,North East Lincolnshire,2017,129000,140952,7750,1150000,2534,18334,22840,48,7.04
NORTH EAST LINCOLNSHIRE,E06000012,North East Lincolnshire,2018,130000,144562,26000,861000,2357,19954,24119,49,6.51
NORTH EAST LINCOLNSHIRE,E06000012,North East Lincolnshire,2019,133000,147626,24000,570000,2469,21566,25315,47,6.17
NORTH EAST LINCOLNSHIRE,E06000012,North East Lincolnshire UA,2020,144950,161983,27000,885000,2159,22945,27129,48,6.32
NORTH EAST LINCOLNSHIRE,E06000012,North East Lincolnshire UA,2021,150000,167727,27000,900000,3211,22911,27377,49,6.55
NORTH EAST LINCOLNSHIRE,E06000012,North East Lincolnshire UA,2022,160000,177039,30000,1187500,2858,24503,28578,46,6.53
NORTH EAST LINCOLNSHIRE,E06000012,North East Lincolnshire UA,2023,154950,171074,27500,795000,2025,27470,32523,51,5.64
NORTH EAST LINCOLNSHIRE,E06000012,North East Lincolnshire UA,2024,162500,181409,20000,1250000,2275,30030,35115,47,5.41
NORTH EAST LINCOLNSHIRE,E06000012,North East Lincolnshire UA,2025,165000,183520,25950,1109727,2341,28898,33778,54,5.71
NORTH HERTFORDSHIRE,E07000099,North Hertfordshire,2015,288500,332428,35000,2370000,2414,28459,34403,51,10.14
NORTH HERTFORDSHIRE,E07000099,North Hertfordshire,2016,324950,370094,23874,2050000,2282,27802,33868,51,11.69
NORTH HERTFORDSHIRE,E07000099,North Hertfordshire,2017,335000,399680,52500,3600000,2143,30627,35429,51,10.94
NORTH HERTFORDSHIRE,E07000099,North Hertfordshire,2018,335000,398297,57000,3150000,1816,,33290,53,
NORTH HERTFORDSHIRE,E07000099,North Hertfordshire,2019,350000,406547,57500,2000000,1850,31323,35362,52,11.17
NORTH HERTFORDSHIRE,E07000099,North Hertfordshire,2020,390000,446362,52500,2100000,1811,33590,40140,46,11.61
NORTH HERTFORDSHIRE,E07000099,North Hertfordshire,2021,390750,445272,63750,1895000,2670,29444,34954,61,13.27
NORTH HERTFORDSHIRE,E07000099,North Hertfordshire,2022,414995,468606,54000,2600000,2111,35328,40779,53,11.75
NORTH HERTFORDSHIRE,E07000099,North Hertfordshire,2023,410000,461962,66250,3000000,1715,35963,42692,49,11.4
NORTH HERTFORDSHIRE,E07000099,North Hertfordshire,2024,422000,481699,60000,2210000,2017,38861,47693,50,10.86
NORTH HERTFORDSHIRE,E07000099,North Hertfordshire,2025,425000,493853,52500,2850000,2071,42703,51433,55,9.95
NORTH KESTEVEN,E07000139,North Kesteven,2015,168000,186598,27500,730000,2374,21094,25103,32,7.96
NORTH KESTEVEN,E07000139,North Kesteven,2016,176000,197756,52500,1100000,2470,,26436,35,
NORTH KESTEVEN,E07000139,North Kesteven,2017,187995,207874,58500,795000,2391,22916,27336,32,8.2
NORTH KESTEVEN,E07000139,North Kesteven,2018,193000,213686,61000,850000,2234,,28639,,
NORTH KESTEVEN,E07000139,North Kesteven,2019,200000,220652,49689,915000,2236,23982,29206,39,8.34
NORTH KESTEVEN,E07000139,North Kesteven,2020,214995,243704,55000,1350000,1981,25981,29877,43,8.28
NORTH KESTEVEN,E07000139,North Kesteven,2021,226000,257063,53500,1160000,2861,27034,29316,46,8.36
NORTH KESTEVEN,E07000139,North Kesteven,2022,242000,275088,57000,1700000,2258,25931,29214,41,9.33
NORTH KESTEVEN,E07000139,North Kesteven,2023,244000,267952,70000,1250000,1710,28430,31242,42,8.58
NORTH KESTEVEN,E07000139,North Kesteven,2024,232000,261938,60000,1100000,1857,30979,33465,44,7.49
NORTH KESTEVEN,E07000139,North Kesteven,2025,245000,272091,47500,1325000,2046,30585,34928,49,8.01
NORTH LINCOLNSHIRE,E06000013,North Lincolnshire UA,2015,125000,143583,20000,565000,2449,22648,25338,56,5.52
NORTH LINCOLNSHIRE,E06000013,North Lincolnshire,2016,127500,146187,15000,550000,2566,22588,24606,51,5.64
NORTH LINCOLNSHIRE,E06000013,North Lincolnshire,2017,134000,152201,33000,627500,2770,22397,27785,56,5.98
NORTH LINCOLNSHIRE,E06000013,North Lincolnshire,2018,140000,160536,30000,725000,2624,21950,25417,60,6.38
NORTH LINCOLNSHIRE,E06000013,North Lincolnshire,2019,142500,164227,36000,690000,2456,22011,26204,59,6.47
NORTH LINCOLNSHIRE,E06000013,North Lincolnshire UA,2020,151000,177092,30000,992500,2182,23072,26614,55,6.54
NORTH LINCOLNSHIRE,E06000013,North Lincolnshire UA,2021,163000,189906,33000,1000000,3022,23974,28523,57,6.8
NORTH LINCOLNSHIRE,E06000013,North Lincolnshire UA,2022,170000,197916,37500,1250000,2810,25254,29896,56,6.73
NORTH LINCOLNSHIRE,E06000013,North Lincolnshire UA,2023,169484,195626,25000,1100000,2145,27051,31882,57,6.27
NORTH LINCOLNSHIRE,E06000013,North Lincolnshire UA,2024,175000,199713,36000,925000,2292,30677,33957,62,5.7
NORTH LINCOLNSHIRE,E06000013,North Lincolnshire UA,2025,179950,210052,35000,870000,2457,30012,34931,63,6.0
NORTH NORFOLK,E07000147,North Norfolk,2015,210000,240344,15000,1950000,2346,18862,21290,28,11.13
NORTH NORFOLK,E07000147,North Norfolk,2016,220000,252596,43494,1800000,2368,17992,19966,27,12.23
NORTH NORFOLK,E07000147,North Norfolk,2017,245000,275913,50000,1500000,2184,19434,20716,27,12.61
NORTH NORFOLK,E07000147,North Norfolk,2018,245000,280418,50750,2350000,2134,19989,21427,25,12.26
NORTH NORFOLK,E07000147,North Norfolk,2019,253722.5,292715,50000,2000000,2088,,22618,26,
NORTH NORFOLK,E07000147,North Norfolk,2020,275000,317030,57500,2100000,1931,22017,23706,27,12.49
NORTH NORFOLK,E07000147,North Norfolk,2021,293000,336565,50000,3200000,2690,22763,25108,32,12.87
NORTH NORFOLK,E07000147,North Norfolk,2022,317750,365330,46000,2550000,1900,24124,25523,25,13.17
NORTH NORFOLK,E07000147,North Norfolk,2023,305000,356160,47000,3200000,1568,,,,
NORTH NORFOLK,E07000147,North Norfolk,2024,310000,355408,51020,3000000,1673,26048,28511,28,11.9
NORTH NORFOLK,E07000147,North Norfolk,2025,300000,351362,39500,2655000,1620,28421,32100,30,10.56
NORTH NORTHAMPTONSHIRE,E06000061,North Northamptonshire UA,2020,250000,279493,62000,1555000,926,25818,30208,125,9.68
NORTH NORTHAMPTONSHIRE,E06000061,North Northamptonshire UA,2021,240000,272067,42000,2250000,7015,26083,30922,139,9.2
NORTH NORTHAMPTONSHIRE,E06000061,North Northamptonshire UA,2022,260000,287716,48000,1783000,6393,27914,31276,119,9.31
NORTH NORTHAMPTONSHIRE,E06000061,North Northamptonshire UA,2023,262000,286588,54000,1650000,4795,28971,31552,125,9.04
NORTH NORTHAMPTONSHIRE,E06000061,North Northamptonshire UA,2024,265000,292201,46000,2400000,5256,31402,36901,137,8.44
NORTH NORTHAMPTONSHIRE,E06000061,North Northamptonshire UA,2025,265000,291233,36000,9000000,5644,32882,38911,141,8.06
NORTH SOMERSET,E06000024,North Somerset UA,2015,215000,248664,32500,3300000,4403,23931,28392,76,8.98
NORTH SOMERSET,E06000024,North Somerset,2016,230000,268643,40000,2770000,4430,23997,29140,77,9.58
NORTH SOMERSET,E06000024,North Somerset,2017,242500,283285,55000,1600000,4001,22217,28599,76,10.92
NORTH SOMERSET,E06000024,North Somerset,2018,251995,296146,50000,2575000,4088,24333,29897,75,10.36
NORTH SOMERSET,E06000024,North Somerset,2019,260000,301450,69000,3600000,3783,24001,29547,75,10.83
NORTH SOMERSET,E06000024,North Somerset UA,2020,280000,317680,42000,2280000,3439,27931,33831,79,10.02
NORTH SOMERSET,E06000024,North Somerset UA,2021,300000,341046,68946,2600000,5361,24968,29201,81,12.02
NORTH SOMERSET,E06000024,North Somerset UA,2022,318995,362980,70000,2700000,4347,29539,32700,74,10.8
NORTH SOMERSET,E06000024,North Somerset UA,2023,322000,372327,70000,3500000,3257,31037,34896,85,10.37
NORTH SOMERSET,E06000024,North Somerset UA,2024,315000,367028,70000,4800000,3626,32795,36646,82,9.61
NORTH SOMERSET,E06000024,North Somerset UA,2025,318000,364170,70000,3000000,3857,32996,38742,91,9.64
NORTH TYNESIDE,E08000022,North Tyneside,2015,155000,172885,22000,886500,3465,20635,23518,74,7.51
NORTH TYNESIDE,E08000022,North Tyneside,2016,157000,176949,23500,860000,3441,21037,25395,71,7.46
NORTH TYNESIDE,E08000022,North Tyneside,2017,168000,188532,35000,995000,3708,21973,26786,76,7.65
NORTH TYNESIDE,E08000022,North Tyneside,2018,169950,193166,6800,895000,3731,23208,27296,74,7.32
NORTH TYNESIDE,E08000022,North Tyneside,2019,173000,197772,27120,1350000,3436,23572,27608,70,7.34
NORTH TYNESIDE,E08000022,North Tyneside,2020,179000,202645,35000,1175000,2997,24968,28828,71,7.17
NORTH TYNESIDE,E08000022,North Tyneside,2021,182000,208681,4784,3250000,3946,25179,28540,74,7.23
NORTH TYNESIDE,E08000022,North Tyneside,2022,190000,226741,36000,1530000,3389,27003,30519,77,7.04
NORTH TYNESIDE,E08000022,North Tyneside,2023,194000,229438,35000,1200000,3077,27964,32108,84,6.94
NORTH TYNESIDE,E08000022,North Tyneside,2024,200000,240073,20650,1210000,3197,30494,35750,75,6.56
NORTH TYNESIDE,E08000022,North Tyneside,2025,220000,253337,35000,1550000,3181,31106,37590,81,7.07
NORTH WARWICKSHIRE,E07000218,North Warwickshire,2015,174250,194276,28500,645000,1008,22467,24738,24,7.76
NORTH WARWICKSHIRE,E07000218,North Warwickshire,2016,180000,210524,53000,1300000,1034,25003,26461,22,7.2
NORTH WARWICKSHIRE,E07000218,North Warwickshire,2017,190000,221646,62500,1100000,1032,26289,27346,23,7.23
NORTH WARWICKSHIRE,E07000218,North Warwickshire,2018,205000,238669,69000,1100000,1029,25654,28676,22,7.99
NORTH WARWICKSHIRE,E07000218,North Warwickshire,2019,210000,233294,59000,975000,983,26349,31729,24,7.97
NORTH WARWICKSHIRE,E07000218,North Warwickshire,2020,234950,260725,66000,1400000,814,26918,30071,21,8.73
NORTH WARWICKSHIRE,E07000218,North Warwickshire,2021,255000,285861,76000,1175000,1317,27246,32344,22,9.36
NORTH WARWICKSHIRE,E07000218,North Warwickshire,2022,254000,292904,67000,2550000,1041,31067,33769,23,8.18
NORTH WARWICKSHIRE,E07000218,North Warwickshire,2023,240000,290149,70500,1500000,701,32000,37044,25,7.5
NORTH WARWICKSHIRE,E07000218,North Warwickshire,2024,262500,295831,74000,1450000,767,32667,37185,26,8.04
NORTH WARWICKSHIRE,E07000218,North Warwickshire,2025,269000,298136,75000,2400000,1023,35067,40257,25,7.67
NORTH WEST LEICESTERSHIRE,E07000134,North West Leicestershire,2015,173000,201334,37375,1070000,1925,20571,24434,40,8.41
NORTH WEST LEICESTERSHIRE,E07000134,North West Leicestershire,2016,182500,209190,26603,1135250,2031,21831,25913,38,8.36
NORTH WEST LEICESTERSHIRE,E07000134,North West Leicestershire,2017,197495,223479,62000,975000,2253,21486,25973,39,9.19
NORTH WEST LEICESTERSHIRE,E07000134,North West Leicestershire,2018,210000,236224,63000,1300000,2201,22452,28006,40,9.35
NORTH WEST LEICESTERSHIRE,E07000134,North West Leicestershire,2019,216497.5,242937,64000,1100000,2032,24159,28951,41,8.96
NORTH WEST LEICESTERSHIRE,E07000134,North West Leicestershire,2020,238000,260210,63000,1200000,1889,24725,30011,39,9.63
NORTH WEST LEICESTERSHIRE,E07000134,North West Leicestershire,2021,250000,278081,65000,1500000,2449,25603,29079,42,9.76
NORTH WEST LEICESTERSHIRE,E07000134,North West Leicestershire,2022,274997.5,301690,68750,1750000,2234,28960,33451,42,9.5
NORTH WEST LEICESTERSHIRE,E07000134,North West Leicestershire,2023,279995,304482,70000,1850000,1572,27877,33745,40,10.04
NORTH WEST LEICESTERSHIRE,E07000134,North West Leicestershire,2024,275000,299336,65000,1450000,1791,32498,36446,40,8.46
NORTH WEST LEICESTERSHIRE,E07000134,North West Leicestershire,2025,273500,300535,25000,2000000,1880,32252,37507,44,8.48
NORTH YORKSHIRE,E10000023,North Yorkshire,2015,240000,292470,41000,900000,31,20866,25282,191,11.5
NORTH YORKSHIRE,E10000023,North Yorkshire,2016,250000,302224,39900,690000,25,21227,25669,196,11.78
NORTH YORKSHIRE,E10000023,North Yorkshire,2017,250000,263839,123000,555000,19,21873,27731,195,11.43
NORTH YORKSHIRE,E10000023,North Yorkshire,2018,192500,269009,71000,1200000,21,22937,28673,185,8.39
NORTH YORKSHIRE,E10000023,North Yorkshire,2019,265000,300779,85000,785000,48,23852,29249,197,11.11
NORTH YORKSHIRE,E10000023,North Yorkshire,2020,272500,321399,48500,1480000,148,23905,29391,210,11.4
NORTH YORKSHIRE,E10000023,North Yorkshire,2021,288950,338079,39000,2000000,862,24406,29824,226,11.84
NORTH YORKSHIRE,E06000065,North Yorkshire UA,2022,292995,343033,45375,2975000,2909,25956,31070,220,11.29
NORTH YORKSHIRE,E06000065,North Yorkshire UA,2023,269458.5,325965,39950,3369000,8698,27668,32756,215,9.74
NORTH YORKSHIRE,E06000065,North Yorkshire UA,2024,270000,326409,45000,25000000,10213,29895,35582,196,9.03
NORTH YORKSHIRE,E06000065,North Yorkshire UA,2025,272000,328268,32500,4000000,10190,30683,37837,217,8.86
NORTHAMPTON,E07000154,Northampton,2015,169995,191463,25000,812500,4127,21402,25375,85,7.94
NORTHAMPTON,E07000154,Northampton,2016,180000,202326,34500,1145000,4339,23090,27577,85,7.8
NORTHAMPTON,E07000154,Northampton,2017,195000,218143,43750,1112500,3715,21617,26481,89,9.02
NORTHAMPTON,E07000154,Northampton,2018,205000,228463,47000,1275000,3542,22916,27777,82,8.95
NORTHAMPTON,E07000154,Northampton,2019,210000,228422,43750,1265000,3267,25226,29510,84,8.32
NORTHUMBERLAND,E06000057,Northumberland UA,2015,155000,186742,12000,2400000,4934,20721,28019,109,7.48
NORTHUMBERLAND,E06000057,Northumberland,2016,158000,192352,11340,1535000,5296,21391,25283,102,7.39
NORTHUMBERLAND,E06000057,Northumberland,2017,160000,196253,10000,2281000,5540,22353,26214,106,7.16
NORTHUMBERLAND,E06000057,Northumberland,2018,167000,202030,5600,1998500,5479,21382,25438,109,7.81
NORTHUMBERLAND,E06000057,Northumberland,2019,167442.5,201785,14500,1600000,5356,22046,26223,99,7.6
NORTHUMBERLAND,E06000057,Northumberland UA,2020,183500,224937,21500,1650000,5081,23195,28249,95,7.91
NORTHUMBERLAND,E06000057,Northumberland UA,2021,186100,239743,16000,5800000,6805,23265,26449,101,8.0
NORTHUMBERLAND,E06000057,Northumberland UA,2022,195000,249248,10285,4000000,6064,24641,29741,107,7.91
NORTHUMBERLAND,E06000057,Northumberland UA,2023,207000,252654,12500,6000000,5142,27530,32290,105,7.52
NORTHUMBERLAND,E06000057,Northumberland UA,2024,210000,254424,10000,3600000,5392,29915,35171,96,7.02
NORTHUMBERLAND,E06000057,Northumberland UA,2025,205097.5,262206,10000,2775000,5366,30456,36680,106,6.73
NORWICH,E07000148,Norwich,2015,166000,194427,27000,1100000,2327,20315,24183,49,8.17
NORWICH,E07000148,Norwich,2016,176000,206829,32500,1700000,2202,20286,24365,46,8.68
NORWICH,E07000148,Norwich,2017,187000,219806,39660,1650000,2222,,24432,48,
NORWICH,E07000148,Norwich,2018,192000,221485,43750,1370000,2220,21485,25987,43,8.94
NORWICH,E07000148,Norwich,2019,195000,227623,41250,1380000,1987,23215,26096,48,8.4
NORWICH,E07000148,Norwich,2020,205000,242163,42500,1650000,1623,23418,27733,48,8.75
NORWICH,E07000148,Norwich,2021,218000,257137,40000,1435000,2364,25175,31348,54,8.66
NORWICH,E07000148,Norwich,2022,235000,269308,40000,2000000,2173,26093,30091,41,9.01
NORWICH,E07000148,Norwich,2023,235000,267576,40000,1990000,1670,27690,30829,50,8.49
NORWICH,E07000148,Norwich,2024,235000,269851,40000,1435000,1770,29362,32190,51,8.0
NORWICH,E07000148,Norwich,2025,235000,285083,40000,36000000,1884,30421,33723,58,7.72
NUNEATON AND BEDWORTH,E07000219,Nuneaton and Bedworth,2015,145000,160690,32000,1000000,2096,22349,24686,47,6.49
NUNEATON AND BEDWORTH,E07000219,Nuneaton and Bedworth,2016,154000,171931,50000,1150000,2240,21888,24473,47,7.04
NUNEATON AND BEDWORTH,E07000219,Nuneaton and Bedworth,2017,162500,182949,53000,770000,2138,23224,25492,49,7.0
NUNEATON AND BEDWORTH,E07000219,Nuneaton and Bedworth,2018,179950,198044,50000,900000,2343,22725,25406,50,7.92
NUNEATON AND BEDWORTH,E07000219,Nuneaton and Bedworth,2019,185000,202665,51000,975000,2233,22225,25067,50,8.32
NUNEATON AND BEDWORTH,E07000219,Nuneaton and Bedworth,2020,195000,212913,53500,710000,1873,23790,27260,46,8.2
NUNEATON AND BEDWORTH,E07000219,Nuneaton and Bedworth,2021,214995,230606,52000,950000,2516,25029,27191,53,8.59
NUNEATON AND BEDWORTH,E07000219,Nuneaton and Bedworth,2022,238000,247402,50000,955000,2483,25992,28740,57,9.16
NUNEATON AND BEDWORTH,E07000219,Nuneaton and Bedworth,2023,233000,246699,55000,840000,1873,27457,29875,51,8.49
NUNEATON AND BEDWORTH,E07000219,Nuneaton and Bedworth,2024,239500,251518,50000,1140000,1990,30649,32847,54,7.81
NUNEATON AND BEDWORTH,E07000219,Nuneaton and Bedworth,2025,243000,258508,50000,1800000,2024,32402,35392,59,7.5
OADBY AND WIGSTON,E07000135,Oadby and Wigston,2015,168000,192961,52000,1110000,859,18295,22082,20,9.18
OADBY AND WIGSTON,E07000135,Oadby and Wigston,2016,180000,203289,48000,830000,900,17886,22636,20,10.06
OADBY AND WIGSTON,E07000135,Oadby and Wigston,2017,189000,214880,67500,1150000,729,20931,24526,19,9.03
OADBY AND WIGSTON,E07000135,Oadby and Wigston,2018,205500,225878,70000,800000,730,,23642,18,
OADBY AND WIGSTON,E07000135,Oadby and Wigston,2019,225000,252803,65000,1350000,809,23715,26080,19,9.49
OADBY AND WIGSTON,E07000135,Oadby and Wigston,2020,243500,270977,68000,1440000,726,26533,32552,20,9.18
OADBY AND WIGSTON,E07000135,Oadby and Wigston,2021,260000,286482,76250,1390000,1038,22304,28064,22,11.66
OADBY AND WIGSTON,E07000135,Oadby and Wigston,2022,280000,303438,65000,1225000,868,25696,27949,19,10.9
OADBY AND WIGSTON,E07000135,Oadby and Wigston,2023,285000,318687,75000,1330000,730,27156,29186,19,10.49
OADBY AND WIGSTON,E07000135,Oadby and Wigston,2024,277500,306145,87000,1100000,751,29468,32115,19,9.42
OADBY AND WIGSTON,E07000135,Oadby and Wigston,2025,280000,311316,75000,1657500,735,28368,35834,26,9.87
OLDHAM,E08000004,Oldham,2015,119725,135706,15000,1129000,2474,19304,22759,68,6.2
OLDHAM,E08000004,Oldham,2016,123000,143943,27000,1394000,2800,20108,23070,69,6.12
OLDHAM,E08000004,Oldham,2017,127500,148765,30000,1900000,2994,20423,23803,65,6.24
OLDHAM,E08000004,Oldham,2018,130000,152040,1103,1400000,2794,20509,23601,74,6.34
OLDHAM,E08000004,Oldham,2019,137000,159127,750,900000,2947,21342,23943,76,6.42
OLDHAM,E08000004,Oldham,2020,152000,177547,750,1100000,2398,22453,25593,69,6.77
OLDHAM,E08000004,Oldham,2021,173000,201869,30000,3150000,3288,23662,27531,73,7.31
OLDHAM,E08000004,Oldham,2022,185000,213198,30000,1800000,2747,24100,27087,71,7.68
OLDHAM,E08000004,Oldham,2023,185000,211243,30000,1300000,2115,,29298,74,
OLDHAM,E08000004,Oldham,2024,200000,229442,30000,1500000,2325,29509,33104,75,6.78
OLDHAM,E08000004,Oldham,2025,215000,242208,30000,1300000,2506,29124,31608,78,7.38
OXFORD,E07000178,Oxford,2015,350000,462036,35000,4500000,1692,26077,28211,59,13.42
OXFORD,E07000178,Oxford,2016,375000,483962,56250,9750000,1473,26834,30875,60,13.97
OXFORD,E07000178,Oxford,2017,400000,505478,70000,10500000,1266,28788,31759,54,13.89
OXFORD,E07000178,Oxford,2018,395000,510929,81250,6250000,1326,27060,30401,52,14.6
OXFORD,E07000178,Oxford,2019,395000,498472,76500,4230000,1190,25892,28955,57,15.26
OXFORD,E07000178,Oxford,2020,415000,556564,80000,4500000,1083,26261,31123,59,15.8
OXFORD,E07000178,Oxford,2021,435000,569752,81000,6937500,1752,29261,32963,64,14.87
OXFORD,E07000178,Oxford,2022,450000,570978,80000,5200000,1453,30607,33750,56,14.7
OXFORD,E07000178,Oxford,2023,456000,611542,77000,6750000,1133,30967,34452,55,14.73
OXFORD,E07000178,Oxford,2024,460000,599273,77000,6600000,1272,36441,41852,60,12.62
OXFORD,E07000178,Oxford,2025,450000,582910,83750,7500000,1396,36517,41516,57,12.32
PEMBROKESHIRE,W06000009,Pembrokeshire / Sir Benfro,2015,157000,179193,20000,1190000,1872,17395,22224,37,9.03
PEMBROKESHIRE,W06000009,Pembrokeshire / Sir Benfro,2016,160000,182585,38000,825000,1786,18587,21972,36,8.61
PEMBROKESHIRE,W06000009,Pembrokeshire / Sir Benfro,2017,164000,188952,12995,1300000,1963,18741,23005,38,8.75
PEMBROKESHIRE,W06000009,Pembrokeshire / Sir Benfro,2018,170000,192053,20000,995000,2115,19384,23793,37,8.77
PEMBROKESHIRE,W06000009,Pembrokeshire / Sir Benfro,2019,175000,199840,40500,1140000,1994,20583,24893,34,8.5
PEMBROKESHIRE,W06000009,Pembrokeshire / Sir Benfro,2020,185000,211257,42000,1379764,1667,22259,26551,40,8.31
PEMBROKESHIRE,W06000009,Pembrokeshire / Sir Benfro,2021,201000,236632,40000,1736087,2577,23757,27923,39,8.46
PEMBROKESHIRE,W06000009,Pembrokeshire / Sir Benfro,2022,225000,259127,21000,1450000,2038,25911,28608,36,8.68
PEMBROKESHIRE,W06000009,Pembrokeshire / Sir Benfro,2023,224500,255761,31000,2700000,1658,26446,28609,37,8.49
PEMBROKESHIRE,W06000009,Pembrokeshire / Sir Benfro,2024,227000,253763,43000,1800000,1554,28616,29347,42,7.93
PEMBROKESHIRE,W06000009,Pembrokeshire / Sir Benfro,2025,225000,254446,45000,2152000,1736,27243,29920,46,8.26
PENDLE,E07000122,Pendle,2015,90000,115981,6000,710000,1379,20967,24512,29,4.29
PENDLE,E07000122,Pendle,2016,98500,122043,10000,630000,1492,20913,24030,31,4.71
PENDLE,E07000122,Pendle,2017,105000,130597,18000,830000,1437,,26386,,
PENDLE,E07000122,Pendle,2018,105500,130452,18000,1345000,1458,21915,27708,32,4.81
PENDLE,E07000122,Pendle,2019,110000,132929,19000,765000,1481,22207,27662,31,4.95
PENDLE,E07000122,Pendle,2020,120000,146471,18000,1175000,1280,,24023,26,
PENDLE,E07000122,Pendle,2021,134000,166960,20000,1620000,1844,20034,22728,25,6.69
PENDLE,E07000122,Pendle,2022,135975,169130,20000,975000,1550,22034,25399,28,6.17
PENDLE,E07000122,Pendle,2023,135000,167102,18000,1026250,1195,24379,30273,24,5.54
PENDLE,E07000122,Pendle,2024,139950,170341,18750,1200000,1296,27268,32149,26,5.13
PENDLE,E07000122,Pendle,2025,147950,177524,20000,1700000,1447,26742,31997,28,5.53
POOLE,E06000029,Poole UA,2015,250000,328003,47500,5900000,3076,21330,26020,58,11.72
POOLE,E06000029,Poole,2016,261250,340726,48000,5000000,3102,21521,25830,52,12.14
POOLE,E06000029,Poole,2017,275000,351963,2600,3450000,3107,22017,26108,56,12.49
PORTSMOUTH,E06000044,Portsmouth UA,2015,173975,196549,48750,885000,3550,21793,23809,63,7.98
PORTSMOUTH,E06000044,Portsmouth,2016,190000,210367,42500,1575000,3513,21877,24211,66,8.68
PORTSMOUTH,E06000044,Portsmouth,2017,204250,226077,49500,1250000,3209,21924,24404,68,9.32
PORTSMOUTH,E06000044,Portsmouth,2018,213250,236232,52000,1050000,3014,22126,24884,70,9.64
PORTSMOUTH,E06000044,Portsmouth,2019,210000,236567,50000,1100000,2670,23237,25895,65,9.04
PORTSMOUTH,E06000044,Portsmouth UA,2020,222625,254079,49000,1300000,2312,22900,27994,67,9.72
PORTSMOUTH,E06000044,Portsmouth UA,2021,237500,265729,50000,1700000,3405,24999,27355,76,9.5
PORTSMOUTH,E06000044,Portsmouth UA,2022,259000,282295,50000,1365000,2913,27505,30193,68,9.42
PORTSMOUTH,E06000044,Portsmouth UA,2023,253000,279349,50000,1225000,2012,28476,31081,70,8.88
PORTSMOUTH,E06000044,Portsmouth UA,2024,255000,280695,50000,1200000,2326,30661,33724,72,8.32
PORTSMOUTH,E06000044,Portsmouth UA,2025,258250,301255,52000,22500000,2472,30962,38637,71,8.34
POWYS,W06000023,Powys / Powys,2015,164500,182704,25000,1750000,1698,19436,21738,35,8.46
POWYS,W06000023,Powys / Powys,2016,168000,191477,31000,875000,1728,19994,21606,35,8.4
POWYS,W06000023,Powys / Powys,2017,175000,198349,43500,765000,1878,20458,22359,36,8.55
POWYS,W06000023,Powys / Powys,2018,180000,207854,33000,850000,1922,20715,22421,36,8.69
POWYS,W06000023,Powys / Powys,2019,179500,202577,43000,890000,1731,22493,24166,36,7.98
POWYS,W06000023,Powys / Powys,2020,190000,221486,33000,2850000,1557,22999,24488,36,8.26
POWYS,W06000023,Powys / Powys,2021,220000,247712,35500,1850000,2325,22283,24663,36,9.87
POWYS,W06000023,Powys / Powys,2022,245000,277685,40000,3500000,1845,25744,27925,36,9.52
POWYS,W06000023,Powys / Powys,2023,233250,260206,32000,1050000,1416,,29686,41,
POWYS,W06000023,Powys / Powys,2024,242750,272060,39999,1230000,1622,29717,31758,39,8.17
POWYS,W06000023,Powys / Powys,2025,250000,279895,51500,1250000,1529,30275,32061,39,8.26
PRESTON,E07000123,Preston,2015,127400,150683,11000,895000,1847,17574,22862,45,7.25
PRESTON,E07000123,Preston,2016,133650,156612,16000,1050000,1915,19989,24641,47,6.69
PRESTON,E07000123,Preston,2017,140000,166572,20000,868000,2013,20254,24368,44,6.91
PRESTON,E07000123,Preston,2018,145000,168658,18500,775000,2071,21348,24298,44,6.79
PRESTON,E07000123,Preston,2019,150000,176298,17000,1600000,1948,21706,24517,46,6.91
PRESTON,E07000123,Preston,2020,155000,182868,1496,875000,1876,23638,26717,46,6.56
PRESTON,E07000123,Preston,2021,175000,204874,18000,1515000,2590,22877,25440,50,7.65
PRESTON,E07000123,Preston,2022,181000,214092,28500,1250000,2657,,26191,50,
PRESTON,E07000123,Preston,2023,197000,225735,15000,1130000,2145,27008,31273,45,7.29
PRESTON,E07000123,Preston,2024,208000,230705,20500,1100000,2119,28478,33574,52,7.3
PRESTON,E07000123,Preston,2025,195000,224817,20500,1171027,2143,30038,34698,56,6.49
PURBECK,E07000051,Purbeck,2015,275000,317859,85000,3250000,804,,21654,18,
PURBECK,E07000051,Purbeck,2016,285000,320456,105000,2250000,789,21370,24206,15,13.34
PURBECK,E07000051,Purbeck,2017,302250,347863,92000,1650000,812,,21547,16,
READING,E06000038,Reading UA,2015,252000,287544,41000,1475000,2909,25610,30406,63,9.84
READING,E06000038,Reading,2016,280000,308661,46000,1746000,2730,25334,30164,63,11.05
READING,E06000038,Reading,2017,305000,336845,45000,2750000,2420,25420,30819,64,12.0
READING,E06000038,Reading,2018,307250,340269,73500,1380000,2316,27090,32470,66,11.34
READING,E06000038,Reading,2019,308300,349702,75250,3050000,2163,28041,32879,65,10.99
READING,E06000038,Reading UA,2020,310000,341631,42500,1270000,1671,28827,34317,63,10.75
READING,E06000038,Reading UA,2021,317500,361454,66250,2400000,2723,31183,37104,71,10.18
READING,E06000038,Reading UA,2022,342775,386193,72000,3500000,2526,30652,35798,66,11.18
READING,E06000038,Reading UA,2023,350000,393283,73500,1580000,2063,29919,37936,70,11.7
READING,E06000038,Reading UA,2024,350000,387274,75000,1600000,2054,32730,40804,70,10.69
READING,E06000038,Reading UA,2025,350000,391876,75000,2179000,2039,35454,43720,71,9.87
REDBRIDGE,E09000026,Redbridge,2015,350000,388060,52500,2600000,3298,29331,34914,73,11.93
REDBRIDGE,E09000026,Redbridge,2016,390000,423038,45000,2470000,2963,28690,35305,80,13.59
REDBRIDGE,E09000026,Redbridge,2017,420000,451486,87000,2500000,2614,28999,35321,73,14.48
REDBRIDGE,E09000026,Redbridge,2018,430000,470389,64000,2910000,2384,29634,34970,73,14.51
REDBRIDGE,E09000026,Redbridge,2019,425000,463430,67500,3100000,2253,29375,36888,79,14.47
REDBRIDGE,E09000026,Redbridge,2020,455000,493977,81250,1725000,1865,30733,37207,77,14.8
REDBRIDGE,E09000026,Redbridge,2021,486000,530606,63000,2800000,3023,31407,36905,81,15.47
REDBRIDGE,E09000026,Redbridge,2022,495000,540455,85000,2650000,2384,31661,36759,72,15.63
REDBRIDGE,E09000026,Redbridge,2023,495000,546785,81000,3600000,1806,34765,41042,75,14.24
REDBRIDGE,E09000026,Redbridge,2024,493250,548269,82000,2800000,2030,37027,45728,89,13.32
REDBRIDGE,E09000026,Redbridge,2025,515000,566392,84000,3700000,2217,37190,45882,87,13.85
REDCAR AND CLEVELAND,E06000003,Redcar and Cleveland UA,2015,127500,136762,6000,502500,1781,18949,22358,41,6.73
REDCAR AND CLEVELAND,E06000003,Redcar and Cleveland,2016,130000,140861,14500,1000000,1862,19881,23072,38,6.54
REDCAR AND CLEVELAND,E06000003,Redcar and Cleveland,2017,130000,142031,18000,825000,1970,20370,23462,41,6.38
REDCAR AND CLEVELAND,E06000003,Redcar and Cleveland,2018,132000,145409,20000,550000,2004,19859,23236,37,6.65
REDCAR AND CLEVELAND,E06000003,Redcar and Cleveland,2019,131995,147737,20000,761000,1978,20973,23184,40,6.29
REDCAR AND CLEVELAND,E06000003,Redcar and Cleveland UA,2020,136819,151372,20000,947200,1720,22016,26020,35,6.21
REDCAR AND CLEVELAND,E06000003,Redcar and Cleveland UA,2021,145000,163628,20000,917500,2511,21661,24042,42,6.69
REDCAR AND CLEVELAND,E06000003,Redcar and Cleveland UA,2022,156000,174675,20000,920000,2159,22157,26282,37,7.04
REDCAR AND CLEVELAND,E06000003,Redcar and Cleveland UA,2023,160000,174438,21000,1350000,1867,24085,27154,35,6.64
REDCAR AND CLEVELAND,E06000003,Redcar and Cleveland UA,2024,165000,185223,22800,975000,1792,26481,29514,38,6.23
REDCAR AND CLEVELAND,E06000003,Redcar and Cleveland UA,2025,165000,184453,20000,1100000,1900,28630,31794,43,5.76
REDDITCH,E07000236,Redditch,2015,170000,188658,21902,877500,1327,17156,20713,33,9.91
REDDITCH,E07000236,Redditch,2016,176000,199405,4121,725000,1245,,22237,32,
REDDITCH,E07000236,Redditch,2017,195000,214554,63000,1080000,1307,20579,23165,32,9.48
REDDITCH,E07000236,Redditch,2018,207500,223742,60000,730000,1453,21161,23406,33,9.81
REDDITCH,E07000236,Redditch,2019,217500,233959,60000,695000,1379,21521,23501,31,10.11
REDDITCH,E07000236,Redditch,2020,225000,240294,59500,710000,1122,21907,25383,32,10.27
REDDITCH,E07000236,Redditch,2021,235000,256083,62500,1100000,1436,24076,28187,36,9.76
REDDITCH,E07000236,Redditch,2022,245000,269036,6150,2275000,1145,24302,30542,34,10.08
REDDITCH,E07000236,Redditch,2023,250000,266782,60000,915000,1014,27027,30704,31,9.25
REDDITCH,E07000236,Redditch,2024,247500,273696,58000,900000,1099,29339,35294,30,8.44
REDDITCH,E07000236,Redditch,2025,260000,280059,70000,1370000,1163,29113,33951,32,8.93
REIGATE AND BANSTEAD,E07000211,Reigate and Banstead,2015,355000,427317,61500,2850000,2837,27071,36271,49,13.11
REIGATE AND BANSTEAD,E07000211,Reigate and Banstead,2016,387500,463461,67500,3300000,2662,27165,34722,49,14.26
REIGATE AND BANSTEAD,E07000211,Reigate and Banstead,2017,395000,457885,66000,2500000,2541,29333,37331,47,13.47
REIGATE AND BANSTEAD,E07000211,Reigate and Banstead,2018,408000,478977,66250,3500000,2355,32467,42621,52,12.57
REIGATE AND BANSTEAD,E07000211,Reigate and Banstead,2019,415000,478578,66250,4800000,2369,32276,41748,48,12.86
REIGATE AND BANSTEAD,E07000211,Reigate and Banstead,2020,440000,520703,20000,4100000,2171,32575,40384,46,13.51
REIGATE AND BANSTEAD,E07000211,Reigate and Banstead,2021,450000,528997,65000,3900000,3486,32291,39522,50,13.94
REIGATE AND BANSTEAD,E07000211,Reigate and Banstead,2022,475000,567528,71250,3750000,2859,35827,43347,45,13.26
REIGATE AND BANSTEAD,E07000211,Reigate and Banstead,2023,460000,555735,66250,4150000,1899,38974,45911,53,11.8
REIGATE AND BANSTEAD,E07000211,Reigate and Banstead,2024,490000,573902,68000,5200000,2102,40113,53787,57,12.22
REIGATE AND BANSTEAD,E07000211,Reigate and Banstead,2025,470000,564904,72000,5300000,2198,40014,49833,58,11.75
RHONDDA CYNON TAFF,W06000016,Rhondda Cynon Taf / Rhondda Cynon Taf,2015,106000,120705,17000,1000000,3445,20765,23081,77,5.1
RHONDDA CYNON TAFF,W06000016,Rhondda Cynon Taf / Rhondda Cynon Taf,2016,110000,125878,7500,725000,3502,21452,23895,74,5.13
RHONDDA CYNON TAFF,W06000016,Rhondda Cynon Taf / Rhondda Cynon Taf,2017,110000,126785,7500,700000,3537,21645,24144,77,5.08
RHONDDA CYNON TAFF,W06000016,Rhondda Cynon Taf / Rhondda Cynon Taf,2018,110000,127562,4500,745000,3531,21711,24457,74,5.07
RHONDDA CYNON TAFF,W06000016,Rhondda Cynon Taf / Rhondda Cynon Taf,2019,115000,131619,22000,660000,3441,22463,25145,81,5.12
RHONDDA CYNON TAFF,W06000016,Rhondda Cynon Taf / Rhondda Cynon Taf,2020,122500,141398,24000,810000,2686,23651,26354,80,5.18
RHONDDA CYNON TAFF,W06000016,Rhondda Cynon Taf / Rhondda Cynon Taf,2021,135000,159830,25000,843000,4112,23127,25795,86,5.84
RHONDDA CYNON TAFF,W06000016,Rhondda Cynon Taf / Rhondda Cynon Taf,2022,146500,173527,24250,1300000,3629,24498,27331,83,5.98
RHONDDA CYNON TAFF,W06000016,Rhondda Cynon Taf / Rhondda Cynon Taf,2023,145000,175065,24000,985000,2861,27678,29682,81,5.24
RHONDDA CYNON TAFF,W06000016,Rhondda Cynon Taf / Rhondda Cynon Taf,2024,155000,181592,25000,865000,2977,28335,30677,92,5.47
RHONDDA CYNON TAFF,W06000016,Rhondda Cynon Taf / Rhondda Cynon Taf,2025,164995,191740,30000,980000,3019,29802,32316,95,5.54
RIBBLE VALLEY,E07000124,Ribble Valley,2015,203000,237019,26700,1400000,1003,24539,31502,23,8.27
RIBBLE VALLEY,E07000124,Ribble Valley,2016,209375,239361,4425,1375000,1032,23648,30492,23,8.85
RIBBLE VALLEY,E07000124,Ribble Valley,2017,219000,247505,61000,1430000,1215,22376,30869,23,9.79
RIBBLE VALLEY,E07000124,Ribble Valley,2018,217747.5,248843,950,1356000,1142,26476,32436,24,8.22
RIBBLE VALLEY,E07000124,Ribble Valley,2019,238000,267990,80000,1735000,1168,,30857,25,
RIBBLE VALLEY,E07000124,Ribble Valley,2020,245000,276514,80000,1625000,1140,27279,31688,23,8.98
RIBBLE VALLEY,E07000124,Ribble Valley,2021,250000,296206,85612,3700000,1542,26994,31518,24,9.26
RIBBLE VALLEY,E07000124,Ribble Valley,2022,266995,308828,82497,1550000,1248,28139,34753,23,9.49
RIBBLE VALLEY,E07000124,Ribble Valley,2023,270000,310186,80000,1400000,1028,28564,35189,19,9.45
RIBBLE VALLEY,E07000124,Ribble Valley,2024,266250,319208,90000,3500000,1084,32716,41352,23,8.14
RIBBLE VALLEY,E07000124,Ribble Valley,2025,283000,332911,84000,2052000,1147,34077,45947,25,8.3
RICHMOND UPON THAMES,E09000027,Richmond upon Thames,2015,577250,753281,80000,9500000,3246,35000,48879,57,16.49
RICHMOND UPON THAMES,E09000027,Richmond upon Thames,2016,605000,775278,112000,6350000,2892,37704,53010,59,16.05
RICHMOND UPON THAMES,E09000027,Richmond upon Thames,2017,640000,812424,122500,8500000,2723,36361,62858,55,17.6
RICHMOND UPON THAMES,E09000027,Richmond upon Thames,2018,635000,798419,135000,8500000,2605,36098,58327,54,17.59
RICHMOND UPON THAMES,E09000027,Richmond upon Thames,2019,635000,822123,132500,7400000,2498,37025,62852,65,17.15
RICHMOND UPON THAMES,E09000027,Richmond upon Thames,2020,680000,877063,135000,9900000,2436,37023,63827,67,18.37
RICHMOND UPON THAMES,E09000027,Richmond upon Thames,2021,700000,914421,122000,18100000,3634,36520,55034,61,19.17
RICHMOND UPON THAMES,E09000027,Richmond upon Thames,2022,730000,951364,134750,21474800,3011,38012,59815,56,19.2
RICHMOND UPON THAMES,E09000027,Richmond upon Thames,2023,725000,953519,150000,9802000,2330,,,56,
RICHMOND UPON THAMES,E09000027,Richmond upon Thames,2024,715000,925925,137500,7930000,2625,47657,77873,59,15.0
RICHMOND UPON THAMES,E09000027,Richmond upon Thames,2025,725000,935707,150000,10000000,2715,46594,75590,61,15.56
RICHMONDSHIRE,E07000166,Richmondshire,2015,190000,220968,44000,940000,717,22329,24916,15,8.51
RICHMONDSHIRE,E07000166,Richmondshire,2016,195000,222135,58000,797875,759,,,,
RICHMONDSHIRE,E07000166,Richmondshire,2017,194750,221586,52500,1325000,882,21034,25818,14,9.26
RICHMONDSHIRE,E07000166,Richmondshire,2018,213000,242349,72500,962500,803,21703,24638,13,9.81
RICHMONDSHIRE,E07000166,Richmondshire,2019,210000,240591,75000,1250000,644,23953,27649,12,8.77
RICHMONDSHIRE,E07000166,Richmondshire,2020,221500,257634,74500,975000,616,,24184,,
RICHMONDSHIRE,E07000166,Richmondshire,2021,242500,280918,65000,1200000,865,20407,26783,16,11.88
ROCHDALE,E08000005,Rochdale,2015,124950,136555,15000,1350000,2685,20158,24544,65,6.2
ROCHDALE,E08000005,Rochdale,2016,125000,140792,25000,733000,2830,20602,23737,65,6.07
ROCHDALE,E08000005,Rochdale,2017,129995,147977,700,1800000,2908,20348,23943,63,6.39
ROCHDALE,E08000005,Rochdale,2018,132500,152139,32000,1200000,2982,20874,24755,66,6.35
ROCHDALE,E08000005,Rochdale,2019,140997.5,160239,33625,980000,2986,21878,25643,68,6.44
ROCHDALE,E08000005,Rochdale,2020,152000,173054,33000,1300000,2443,22487,25306,65,6.76
ROCHDALE,E08000005,Rochdale,2021,170500,194256,795,1150000,3384,22506,26320,62,7.58
ROCHDALE,E08000005,Rochdale,2022,185000,205496,35000,995000,2981,23836,27912,67,7.76
ROCHDALE,E08000005,Rochdale,2023,182750,211789,34500,1350000,2276,26366,29283,64,6.93
ROCHDALE,E08000005,Rochdale,2024,205000,226690,35000,1500000,2422,28946,35143,70,7.08
ROCHDALE,E08000005,Rochdale,2025,210000,235013,35000,1100000,2657,29535,36586,73,7.11
ROCHFORD,E07000075,Rochford,2015,270000,298922,42500,950000,1508,,31227,31,
ROCHFORD,E07000075,Rochford,2016,302000,328878,80000,2000000,1425,25814,31579,27,11.7
ROCHFORD,E07000075,Rochford,2017,330000,352566,84000,1975000,1471,24708,30717,26,13.36
ROCHFORD,E07000075,Rochford,2018,335000,368792,84000,3000000,1374,25850,32303,27,12.96
ROCHFORD,E07000075,Rochford,2019,332250,365992,88200,1650000,1326,24828,31604,28,13.38
ROCHFORD,E07000075,Rochford,2020,350000,389347,82000,2750000,1288,26499,32530,,13.21
ROCHFORD,E07000075,Rochford,2021,370000,412806,80000,2280000,2013,31803,39121,26,11.63
ROCHFORD,E07000075,Rochford,2022,407000,441421,85000,3425000,1575,32624,39137,25,12.48
ROCHFORD,E07000075,Rochford,2023,390000,416565,95000,2750000,1171,,,24,
ROCHFORD,E07000075,Rochford,2024,390000,423113,85000,2150000,1435,37256,43762,27,10.47
ROCHFORD,E07000075,Rochford,2025,410000,437031,78750,2000000,1476,38107,43996,30,10.76
ROSSENDALE,E07000125,Rossendale,2015,122850,141038,20500,975000,1088,19583,25465,21,6.27
ROSSENDALE,E07000125,Rossendale,2016,125000,146985,23000,1275000,1242,,25331,21,
ROSSENDALE,E07000125,Rossendale,2017,132750,153432,35000,812500,1298,21259,26209,22,6.24
ROSSENDALE,E07000125,Rossendale,2018,130000,163677,34000,1200000,1138,21436,26771,22,6.06
ROSSENDALE,E07000125,Rossendale,2019,135750,163815,36940,850000,1185,20841,27916,22,6.51
ROSSENDALE,E07000125,Rossendale,2020,150000,179127,38000,925000,1032,21681,27788,23,6.92
ROSSENDALE,E07000125,Rossendale,2021,168000,201349,950,1050000,1451,22857,27014,22,7.35
ROSSENDALE,E07000125,Rossendale,2022,174575,214436,22500,2300000,1212,23892,28158,25,7.31
ROSSENDALE,E07000125,Rossendale,2023,175000,211314,39500,960000,924,28538,29878,20,6.13
ROSSENDALE,E07000125,Rossendale,2024,184995,215726,38500,1075000,1023,30420,33036,24,6.08
ROSSENDALE,E07000125,Rossendale,2025,191000,231923,39950,1262500,1169,30487,35088,26,6.26
ROTHER,E07000064,Rother,2015,249999,287385,45000,2550000,2209,,,,
ROTHER,E07000064,Rother,2016,265000,298396,58000,3300000,2154,19824,25915,23,13.37
ROTHER,E07000064,Rother,2017,278000,312482,56250,1810000,2090,,29018,,
ROTHER,E07000064,Rother,2018,285000,320867,65000,1850000,1785,19868,28719,22,14.34
ROTHER,E07000064,Rother,2019,295000,331584,55000,1981000,1673,22363,30462,24,13.19
ROTHER,E07000064,Rother,2020,325000,365548,55000,2050000,1652,21797,28988,26,14.91
ROTHER,E07000064,Rother,2021,343747.5,396584,55500,4855124,2522,22401,30171,30,15.35
ROTHER,E07000064,Rother,2022,365000,419125,65000,3500000,1964,,30347,29,
ROTHER,E07000064,Rother,2023,355000,412100,60000,2850000,1345,24527,33683,28,14.47
ROTHER,E07000064,Rother,2024,365000,414944,64500,2400000,1542,30192,35969,26,12.09
ROTHER,E07000064,Rother,2025,355000,417360,61250,3737000,1382,30790,41055,25,11.53
ROTHERHAM,E08000018,Rotherham,2015,131000,146947,16000,2732000,3387,19816,22591,89,6.61
ROTHERHAM,E08000018,Rotherham,2016,132995,151610,19500,1300000,3655,19208,23030,83,6.92
ROTHERHAM,E08000018,Rotherham,2017,134950,148344,30000,825000,3541,20049,23461,87,6.73
ROTHERHAM,E08000018,Rotherham,2018,140000,158759,30000,795000,3395,20578,24152,85,6.8
ROTHERHAM,E08000018,Rotherham,2019,140750,161084,25000,1237000,3556,21525,25324,85,6.54
ROTHERHAM,E08000018,Rotherham,2020,153000,170637,30000,800000,3330,21619,26140,83,7.08
ROTHERHAM,E08000018,Rotherham,2021,166000,192173,30000,1250000,4516,21804,25087,91,7.61
ROTHERHAM,E08000018,Rotherham,2022,176995,202327,30000,1706000,3850,24018,27688,84,7.37
ROTHERHAM,E08000018,Rotherham,2023,180000,207488,30819,1300000,3221,26059,30870,80,6.91
ROTHERHAM,E08000018,Rotherham,2024,187996,215915,30000,1800000,3422,27965,32186,93,6.72
ROTHERHAM,E08000018,Rotherham,2025,195000,226141,30000,13250000,3479,29664,33799,90,6.57
RUGBY,E07000220,Rugby,2015,187500,217071,40000,1557700,1918,25884,30351,43,7.24
RUGBY,E07000220,Rugby,2016,200000,233445,54000,1115000,1953,26106,32041,43,7.66
RUGBY,E07000220,Rugby,2017,219000,247837,57000,1100000,1869,27324,31274,40,8.01
RUGBY,E07000220,Rugby,2018,245000,271035,47500,2500000,2052,28086,31943,39,8.72
RUGBY,E07000220,Rugby,2019,250000,274668,58000,1780000,2144,25659,30280,43,9.74
RUGBY,E07000220,Rugby,2020,255000,281011,43500,1087000,1892,28278,31557,38,9.02
RUGBY,E07000220,Rugby,2021,272995,309681,63700,1975000,2371,28805,31562,46,9.48
RUGBY,E07000220,Rugby,2022,288000,320470,45000,4000000,1971,31626,34424,48,9.11
RUGBY,E07000220,Rugby,2023,292250,322111,50000,1670625,1676,32701,34853,43,8.94
RUGBY,E07000220,Rugby,2024,293475,324689,48000,1600000,1942,34281,37149,41,8.56
RUGBY,E07000220,Rugby,2025,305000,337883,56500,1720000,1887,41814,44543,42,7.29
RUNNYMEDE,E07000212,Runnymede,2015,350000,433337,55000,15000000,1502,,34678,27,
RUNNYMEDE,E07000212,Runnymede,2016,378975,444676,80000,6100000,1304,26096,32197,29,14.52
RUNNYMEDE,E07000212,Runnymede,2017,400000,513001,110000,14500000,1311,27100,34536,28,14.76
RUNNYMEDE,E07000212,Runnymede,2018,397500,479471,109950,5000000,1261,27207,34344,26,14.61
RUNNYMEDE,E07000212,Runnymede,2019,397000,504788,110000,9000000,1250,,,,
RUNNYMEDE,E07000212,Runnymede,2020,425000,561512,104000,10800000,1153,,34788,26,
RUNNYMEDE,E07000212,Runnymede,2021,442500,597031,90000,16398000,1841,33500,37605,32,13.21
RUNNYMEDE,E07000212,Runnymede,2022,452626,624589,114000,24000000,1420,,,,
RUNNYMEDE,E07000212,Runnymede,2023,451275,573934,110000,20750000,1076,36867,44885,22,12.24
RUNNYMEDE,E07000212,Runnymede,2024,463000,590995,110000,11749505,1125,39067,48740,32,11.85
RUNNYMEDE,E07000212,Runnymede,2025,465000,567428,110250,18300000,1156,42203,48025,33,11.02
RUSHCLIFFE,E07000176,Rushcliffe,2015,235500,268262,53000,1550000,2073,25123,31655,46,9.37
RUSHCLIFFE,E07000176,Rushcliffe,2016,250500,283004,69000,1625000,2212,27975,35774,46,8.95
RUSHCLIFFE,E07000176,Rushcliffe,2017,265000,295447,72000,1950000,2313,27503,36223,45,9.64
RUSHCLIFFE,E07000176,Rushcliffe,2018,272500,306583,70000,1500000,2207,27070,36684,44,10.07
RUSHCLIFFE,E07000176,Rushcliffe,2019,280000,314800,72000,2920000,1981,28970,38361,44,9.67
RUSHCLIFFE,E07000176,Rushcliffe,2020,300000,338794,70000,1900000,1976,28306,36078,46,10.6
RUSHCLIFFE,E07000176,Rushcliffe,2021,305995,354615,39999,3250000,2835,28780,36049,45,10.63
RUSHCLIFFE,E07000176,Rushcliffe,2022,342000,382281,70000,4550000,2465,29710,35892,40,11.51
RUSHCLIFFE,E07000176,Rushcliffe,2023,344972.5,382096,70000,3200000,2014,31987,37039,42,10.78
RUSHCLIFFE,E07000176,Rushcliffe,2024,348000,386414,69750,2650000,2086,32857,37800,45,10.59
RUSHCLIFFE,E07000176,Rushcliffe,2025,340000,391429,80000,3250000,2185,36705,44322,48,9.26
RUSHMOOR,E07000092,Rushmoor,2015,250000,264381,40000,935000,1710,24486,27241,36,10.21
RUSHMOOR,E07000092,Rushmoor,2016,285000,292416,66000,840000,1605,25170,29873,40,11.32
RUSHMOOR,E07000092,Rushmoor,2017,305000,313970,10000,825000,1672,25188,31127,41,12.11
RUSHMOOR,E07000092,Rushmoor,2018,295000,301794,76000,875000,1461,27419,33288,41,10.76
RUSHMOOR,E07000092,Rushmoor,2019,300000,313326,26000,1425000,1379,27444,33655,37,10.93
RUSHMOOR,E07000092,Rushmoor,2020,310000,325398,76000,1155000,1176,31741,35184,40,9.77
RUSHMOOR,E07000092,Rushmoor,2021,325000,337383,50000,1040000,1808,27446,33668,42,11.84
RUSHMOOR,E07000092,Rushmoor,2022,360000,366436,75000,1800000,1574,30637,34993,40,11.75
RUSHMOOR,E07000092,Rushmoor,2023,350000,361276,76500,1150000,1183,29928,34554,42,11.69
RUSHMOOR,E07000092,Rushmoor,2024,355000,364099,75000,1240000,1276,33596,39152,44,10.57
RUSHMOOR,E07000092,Rushmoor,2025,360000,370541,76000,1130000,1390,33734,38122,50,10.67
RUTLAND,E06000017,Rutland UA,2015,242500,285218,60000,2750000,818,24949,27810,12,9.72
RUTLAND,E06000017,Rutland,2016,244495,294826,70000,1995000,800,24970,28798,11,9.79
RUTLAND,E06000017,Rutland,2017,248995,309505,43750,2000000,735,25081,29578,9,9.93
RUTLAND,E06000017,Rutland,2018,265000,325111,84000,1800000,717,23010,24740,11,11.52
RUTLAND,E06000017,Rutland,2019,275000,335296,85500,1960000,687,26304,32231,12,10.45
RUTLAND,E06000017,Rutland UA,2020,299975,370571,98000,2600000,580,29058,29327,13,10.32
RUTLAND,E06000017,Rutland UA,2021,297725,380645,100000,3250000,828,29511,32212,14,10.09
RUTLAND,E06000017,Rutland UA,2022,320000,399838,90000,2000000,659,31154,36752,11,10.27
RUTLAND,E06000017,Rutland UA,2023,331250,426054,107500,2530000,514,33600,39186,13,9.86
RUTLAND,E06000017,Rutland UA,2024,360000,433581,107000,2600000,630,37914,43775,,9.5
RUTLAND,E06000017,Rutland UA,2025,340000,421893,100000,2400000,665,39559,49988,14,8.59
RYEDALE,E07000167,Ryedale,2015,197500,232011,31250,993000,912,18894,22878,15,10.45
RYEDALE,E07000167,Ryedale,2016,212250,241579,40000,975000,947,19560,25137,17,10.85
RYEDALE,E07000167,Ryedale,2017,215000,257892,49000,2800000,1008,20058,,16,10.72
RYEDALE,E07000167,Ryedale,2018,225000,262112,50000,2000000,913,20244,27708,16,11.11
RYEDALE,E07000167,Ryedale,2019,222500,259635,58000,987000,905,,25060,,
RYEDALE,E07000167,Ryedale,2020,248500,289860,67000,1275000,942,23551,27573,17,10.55
RYEDALE,E07000167,Ryedale,2021,250000,306113,49250,1950000,1063,22548,24202,17,11.09
SALFORD,E08000006,Salford,2015,129995,145531,22500,1500000,4506,20410,22897,83,6.37
SALFORD,E08000006,Salford,2016,145000,162958,1,1480000,5222,21505,24278,82,6.74
SALFORD,E08000006,Salford,2017,157497.5,180698,35000,2700000,4686,21702,24619,83,7.26
SALFORD,E08000006,Salford,2018,160000,183257,44500,1500000,4490,21999,24908,84,7.27
SALFORD,E08000006,Salford,2019,171000,193925,2000,1400000,4415,22536,25819,91,7.59
SALFORD,E08000006,Salford,2020,193012,214149,685,1200000,3448,24007,29428,88,8.04
SALFORD,E08000006,Salford,2021,210000,233993,675,2700000,5076,23303,26508,88,9.01
SALFORD,E08000006,Salford,2022,229000,250157,4254,2592892,4067,27986,30078,85,8.18
SALFORD,E08000006,Salford,2023,220000,243248,44000,1700000,3380,27237,31533,97,8.08
SALFORD,E08000006,Salford,2024,225000,245196,38000,2330000,3440,30605,34698,91,7.35
SALFORD,E08000006,Salford,2025,240000,263426,45000,1600000,3574,30495,35495,107,7.87
SANDWELL,E08000028,Sandwell,2015,124950,133974,18000,540000,3312,20224,22291,97,6.18
SANDWELL,E08000028,Sandwell,2016,128000,138607,6950,575000,3381,20562,22675,95,6.23
SANDWELL,E08000028,Sandwell,2017,138000,149229,27000,555000,3636,20254,23088,98,6.81
SANDWELL,E08000028,Sandwell,2018,148950,159261,30000,582500,3507,21552,23451,96,6.91
SANDWELL,E08000028,Sandwell,2019,155000,162542,25500,550000,3231,21336,23780,97,7.26
SANDWELL,E08000028,Sandwell,2020,160000,168965,34000,530000,2401,22241,24501,94,7.19
SANDWELL,E08000028,Sandwell,2021,176000,188209,3446,600000,3605,22853,25171,91,7.7
SANDWELL,E08000028,Sandwell,2022,195000,203972,28400,850000,3253,23750,25675,106,8.21
SANDWELL,E08000028,Sandwell,2023,205000,212566,30000,727500,2526,26262,27708,107,7.81
SANDWELL,E08000028,Sandwell,2024,210000,215927,27000,735000,2581,27409,30433,94,7.66
SANDWELL,E08000028,Sandwell,2025,220000,224518,32000,730000,2699,27652,29914,105,7.96
SCARBOROUGH,E07000168,Scarborough,2015,150000,168389,22000,735000,2217,19618,21796,35,7.65
SCARBOROUGH,E07000168,Scarborough,2016,149995,164184,19000,660000,2356,18137,20252,33,8.27
SCARBOROUGH,E07000168,Scarborough,2017,157500,174651,23333,1000000,2415,20463,22304,33,7.7
SCARBOROUGH,E07000168,Scarborough,2018,158000,176340,36000,880000,2281,20861,22600,30,7.57
SCARBOROUGH,E07000168,Scarborough,2019,162500,181104,36000,850000,2148,20792,22871,35,7.82
SCARBOROUGH,E07000168,Scarborough,2020,175000,196504,38000,1200000,1989,21515,23894,39,8.13
SCARBOROUGH,E07000168,Scarborough,2021,185000,211977,36000,1246000,2450,22441,25115,41,8.24
SEDGEMOOR,E07000188,Sedgemoor,2015,180000,206395,38000,1125000,2175,19888,26116,44,9.05
SEDGEMOOR,E07000188,Sedgemoor,2016,192000,216976,25000,1075000,2242,19728,25612,45,9.73
SEDGEMOOR,E07000188,Sedgemoor,2017,207500,236489,47500,1600000,2192,19759,25602,48,10.5
SEDGEMOOR,E07000188,Sedgemoor,2018,215000,240605,49500,1320000,2071,20784,26472,41,10.34
SEDGEMOOR,E07000188,Sedgemoor,2019,215000,239361,52500,1073000,1970,21523,27478,41,9.99
SEDGEMOOR,E07000188,Sedgemoor,2020,226000,257685,50000,1800000,1839,21914,27246,40,10.31
SEDGEMOOR,E07000188,Sedgemoor,2021,245000,288012,47500,4050000,2680,21790,27859,44,11.24
SEFTON,E08000014,Sefton,2015,151999.5,172428,15000,2350000,3818,21071,23867,94,7.21
SEFTON,E08000014,Sefton,2016,158995,180025,25000,2800000,4046,21701,24072,92,7.33
SEFTON,E08000014,Sefton,2017,164000,190709,1000,2350000,4107,22149,25648,90,7.4
SEFTON,E08000014,Sefton,2018,169000,191230,22000,2047500,4143,22606,25897,96,7.48
SEFTON,E08000014,Sefton,2019,175000,204202,30000,2200000,4006,23637,27036,95,7.4
SEFTON,E08000014,Sefton,2020,185000,214011,28000,3100000,3790,23921,26763,87,7.73
SEFTON,E08000014,Sefton,2021,197500,230606,27000,1870000,5042,23755,26986,93,8.31
SEFTON,E08000014,Sefton,2022,212000,241616,28750,2700000,4313,24567,28206,88,8.63
SEFTON,E08000014,Sefton,2023,211250,238688,30000,2400000,3508,26878,30761,93,7.86
SEFTON,E08000014,Sefton,2024,224747.5,253840,30000,3900000,3836,27377,32629,94,8.21
SEFTON,E08000014,Sefton,2025,230500,260489,27500,2827834,3833,29335,34350,102,7.86
SELBY,E07000169,Selby,2015,172000,199503,55000,1135000,1623,,27697,33,
SELBY,E07000169,Selby,2016,182995,213144,32000,1075000,1766,23952,27888,34,7.64
SELBY,E07000169,Selby,2017,190999,217692,56000,1120000,1863,24829,28301,33,7.69
SELBY,E07000169,Selby,2018,205000,232480,53500,895000,1832,27200,32728,31,7.54
SELBY,E07000169,Selby,2019,210000,231413,65000,1025000,1876,27050,31619,33,7.76
SELBY,E07000169,Selby,2020,220000,247125,62750,1300000,1481,27427,31012,39,8.02
SELBY,E07000169,Selby,2021,230000,262383,64000,1200000,1998,28812,32624,37,7.98
SEVENOAKS,E07000111,Sevenoaks,2015,350000,459990,41250,3185000,1878,24081,42972,36,14.53
SEVENOAKS,E07000111,Sevenoaks,2016,375000,474135,73500,3000000,1912,25523,37868,35,14.69
SEVENOAKS,E07000111,Sevenoaks,2017,386500,498675,72500,4500000,1770,27247,39678,34,14.19
SEVENOAKS,E07000111,Sevenoaks,2018,409950,516351,68000,2850000,1759,26384,40393,37,15.54
SEVENOAKS,E07000111,Sevenoaks,2019,400000,516161,71250,5195000,1581,30163,48253,35,13.26
SEVENOAKS,E07000111,Sevenoaks,2020,422250,551206,68125,4375000,1596,,36058,39,
SEVENOAKS,E07000111,Sevenoaks,2021,450000,576843,70000,5850000,2394,,41777,42,
SEVENOAKS,E07000111,Sevenoaks,2022,480000,627913,72000,5200000,1802,25555,36311,37,18.78
SEVENOAKS,E07000111,Sevenoaks,2023,468747.5,624759,70000,7000000,1314,,41405,38,
SEVENOAKS,E07000111,Sevenoaks,2024,465750,613997,70000,4456000,1516,35408,45088,40,13.15
SEVENOAKS,E07000111,Sevenoaks,2025,492500,644053,68750,6000000,1680,34969,50441,41,14.08
SHEFFIELD,E08000019,Sheffield,2015,138000,169542,2000,1300000,7403,20173,23230,193,6.84
SHEFFIELD,E08000019,Sheffield,2016,142500,177111,16000,1500000,7292,21437,23879,193,6.65
SHEFFIELD,E08000019,Sheffield,2017,150000,185092,34000,1750000,7607,21944,25323,189,6.84
SHEFFIELD,E08000019,Sheffield,2018,159995,196117,7460,1400000,7415,22320,25706,190,7.17
SHEFFIELD,E08000019,Sheffield,2019,162000,199316,1000,3050000,7334,23296,26592,187,6.95
SHEFFIELD,E08000019,Sheffield,2020,169950,209582,1500,2050000,6245,24264,27088,175,7.0
SHEFFIELD,E08000019,Sheffield,2021,183000,230771,37000,2000000,7975,25001,28231,175,7.32
SHEFFIELD,E08000019,Sheffield,2022,200000,246699,37500,2850000,7120,25890,30034,160,7.72
SHEFFIELD,E08000019,Sheffield,2023,207000,255148,37000,3000000,6121,27811,31438,181,7.44
SHEFFIELD,E08000039,Sheffield,2024,215000,258251,37000,2250000,6414,30186,33863,210,7.12
SHEFFIELD,E08000039,Sheffield,2025,220000,262945,39000,2500000,6408,31816,36570,214,6.91
SHEPWAY,E07000112,Shepway,2015,205000,232785,22000,1340000,2167,22612,27105,31,9.07
SHEPWAY,E07000112,Shepway,2016,225000,257477,30000,1410000,2204,21605,24945,33,10.41
SHROPSHIRE,E06000051,Shropshire UA,2015,185000,217964,26000,1200000,5084,20317,25347,104,9.11
SHROPSHIRE,E06000051,Shropshire,2016,199950,230404,44500,1185783,5403,21363,26371,100,9.36
SHROPSHIRE,E06000051,Shropshire,2017,210000,239207,44000,1379000,5619,22461,26402,96,9.35
SHROPSHIRE,E06000051,Shropshire,2018,218000,248294,42000,1500000,5532,22534,26455,101,9.67
SHROPSHIRE,E06000051,Shropshire,2019,220000,251423,42500,1885000,5277,23707,28192,108,9.28
SHROPSHIRE,E06000051,Shropshire UA,2020,238000,266815,42000,1500000,4684,23045,28286,116,10.33
SHROPSHIRE,E06000051,Shropshire UA,2021,257750,294951,42500,2869520,6588,23750,28096,114,10.85
SHROPSHIRE,E06000051,Shropshire UA,2022,270000,310622,43750,2350000,5273,26199,31056,117,10.31
SHROPSHIRE,E06000051,Shropshire UA,2023,269000,308688,45000,2050000,4349,27487,32966,115,9.79
SHROPSHIRE,E06000051,Shropshire UA,2024,275000,313542,50000,1850000,4605,29576,34477,107,9.3
SHROPSHIRE,E06000051,Shropshire UA,2025,275000,317197,53900,2250000,4615,29603,34822,109,9.29
SLOUGH,E06000039,Slough UA,2015,255000,269891,25000,785000,1840,26274,28067,48,9.71
SLOUGH,E06000039,Slough,2016,288500,306203,89100,999995,1757,25124,27508,47,11.48
SLOUGH,E06000039,Slough,2017,315750,330620,97500,980000,1542,25939,27788,48,12.17
SLOUGH,E06000039,Slough,2018,320000,335906,100000,1000000,1384,28078,29197,45,11.4
SLOUGH,E06000039,Slough,2019,323000,335042,49000,1015000,1161,28086,,43,11.5
SLOUGH,E06000039,Slough UA,2020,329225,348592,110000,960000,866,28009,30328,55,11.75
SLOUGH,E06000039,Slough UA,2021,345000,356864,100000,1100000,1473,29758,33065,52,11.59
SLOUGH,E06000039,Slough UA,2022,360000,363629,106000,1200000,1296,30409,34820,43,11.84
SLOUGH,E06000039,Slough UA,2023,380000,386576,95000,1225000,934,33385,36512,46,11.38
SLOUGH,E06000039,Slough UA,2024,383000,395266,100000,1462500,993,33517,38677,51,11.43
SLOUGH,E06000039,Slough UA,2025,395000,398011,102500,1300000,996,35521,39266,56,11.12
SOLIHULL,E08000029,Solihull,2015,240000,284727,10283,1750000,3456,24435,29608,71,9.82
SOLIHULL,E08000029,Solihull,2016,247000,289567,23700,1625000,3457,24882,30873,67,9.93
SOLIHULL,E08000029,Solihull,2017,265000,310511,10750,5000000,3455,24179,32090,72,10.96
SOLIHULL,E08000029,Solihull,2018,273000,322526,60000,1560000,3441,25599,33596,70,10.66
SOLIHULL,E08000029,Solihull,2019,277975,325383,6750,2200000,3232,27583,36595,68,10.08
SOLIHULL,E08000029,Solihull,2020,302000,349745,11000,2359354,2721,29170,,69,10.35
SOLIHULL,E08000029,Solihull,2021,320000,373815,21755,3250000,4411,30392,,69,10.53
SOLIHULL,E08000029,Solihull,2022,325000,387146,55350,3100000,3486,31655,37913,71,10.27
SOLIHULL,E08000029,Solihull,2023,325000,385688,52500,3044000,2750,33627,38546,70,9.66
SOLIHULL,E08000029,Solihull,2024,325000,381778,55000,3500000,2938,33826,40216,66,9.61
SOLIHULL,E08000029,Solihull,2025,330000,390327,52500,3300000,2909,36672,45884,74,9.0
SOMERSET,E10000027,Somerset,2015,260000,288814,72500,650000,27,20000,24261,196,13.0
SOMERSET,E10000027,Somerset,2016,180000,286647,75000,1200000,17,20635,25319,191,8.72
SOMERSET,E10000027,Somerset,2017,265000,318389,184000,610000,9,20785,24454,189,12.75
SOMERSET,E10000027,Somerset,2018,194950,238155,90000,645000,19,20916,25016,179,9.32
SOMERSET,E10000027,Somerset,2019,280000,309869,100000,730000,31,22072,26153,189,12.69
SOMERSET,E10000027,Somerset,2020,310000,335761,90000,760000,131,23447,26908,200,13.22
SOMERSET,E10000027,Somerset,2021,289950,337707,64000,4081150,699,23128,26971,226,12.54
SOMERSET,E06000066,Somerset UA,2022,300000,338220,60000,2550000,2234,25251,29276,187,11.88
SOMERSET,E06000066,Somerset UA,2023,281000,327615,41500,5250000,7087,26418,30457,199,10.64
SOMERSET,E06000066,Somerset UA,2024,277500,321185,42000,3200000,8542,28807,32853,212,9.63
SOMERSET,E06000066,Somerset UA,2025,285000,328265,35000,3075000,8796,29908,34571,213,9.53
SOMERSET WEST AND TAUNTON,E07000246,Somerset West and Taunton,2018,228495,275340,119000,825000,56,20012,25131,44,11.42
SOMERSET WEST AND TAUNTON,E07000246,Somerset West and Taunton,2019,231995,262174,56500,1900000,2245,21564,25486,51,10.76
SOMERSET WEST AND TAUNTON,E07000246,Somerset West and Taunton,2020,240000,274396,54000,1200000,2294,23448,27262,54,10.24
SOMERSET WEST AND TAUNTON,E07000246,Somerset West and Taunton,2021,265000,303512,55000,1650000,3317,23604,26383,59,11.23
SOUTH BUCKS,E07000006,South Bucks,2015,500000,666382,20000,5300000,1027,,,,
SOUTH BUCKS,E07000006,South Bucks,2016,540000,694202,73500,5925000,1022,30135,43554,23,17.92
SOUTH BUCKS,E07000006,South Bucks,2017,565000,745427,168000,6900000,928,,,,
SOUTH BUCKS,E07000006,South Bucks,2018,570000,748110,170000,5856000,870,29467,46937,23,19.34
SOUTH CAMBRIDGESHIRE,E07000012,South Cambridgeshire,2015,320000,368192,51250,3250000,2525,26726,34765,67,11.97
SOUTH CAMBRIDGESHIRE,E07000012,South Cambridgeshire,2016,345000,393044,61500,3100000,2331,29374,38149,62,11.75
SOUTH CAMBRIDGESHIRE,E07000012,South Cambridgeshire,2017,360000,413396,72500,2575000,2326,26584,35855,63,13.54
SOUTH CAMBRIDGESHIRE,E07000012,South Cambridgeshire,2018,355000,405177,69000,2550000,2352,29794,38350,64,11.92
SOUTH CAMBRIDGESHIRE,E07000012,South Cambridgeshire,2019,370000,417380,73750,3800000,2366,32852,39600,68,11.26
SOUTH CAMBRIDGESHIRE,E07000012,South Cambridgeshire,2020,385000,434050,47500,3950000,2189,31561,39051,73,12.2
SOUTH CAMBRIDGESHIRE,E07000012,South Cambridgeshire,2021,400000,451716,75000,3450000,3409,33715,40616,66,11.86
SOUTH CAMBRIDGESHIRE,E07000012,South Cambridgeshire,2022,430000,488664,68750,6500000,2853,35643,40180,71,12.06
SOUTH CAMBRIDGESHIRE,E07000012,South Cambridgeshire,2023,449997.5,504552,74000,2925000,2164,37309,44474,70,12.06
SOUTH CAMBRIDGESHIRE,E07000012,South Cambridgeshire,2024,435000,496134,77250,2750000,2359,36945,54271,69,11.77
SOUTH CAMBRIDGESHIRE,E07000012,South Cambridgeshire,2025,440000,500521,75000,4940000,2406,42690,58265,81,10.31
SOUTH DERBYSHIRE,E07000039,South Derbyshire,2015,170000,196341,36000,1000000,1975,23993,27580,37,7.09
SOUTH DERBYSHIRE,E07000039,South Derbyshire,2016,176000,204992,38500,1390000,2214,24588,30479,35,7.16
SOUTH DERBYSHIRE,E07000039,South Derbyshire,2017,196250,220892,35000,1300000,2286,24689,29874,38,7.95
SOUTH DERBYSHIRE,E07000039,South Derbyshire,2018,210000,232316,51000,1300000,2403,26709,32936,40,7.86
SOUTH DERBYSHIRE,E07000039,South Derbyshire,2019,220000,241302,61500,1516000,2489,27450,32089,42,8.01
SOUTH DERBYSHIRE,E07000039,South Derbyshire,2020,225000,248521,53000,1775000,2125,29138,34142,46,7.72
SOUTH DERBYSHIRE,E07000039,South Derbyshire,2021,237500,263289,58000,2812000,2933,28712,32332,46,8.27
SOUTH DERBYSHIRE,E07000039,South Derbyshire,2022,258950,280422,51500,1550000,2549,29385,31649,48,8.81
SOUTH DERBYSHIRE,E07000039,South Derbyshire,2023,257975,285581,48750,1950000,1820,32055,34767,46,8.05
SOUTH DERBYSHIRE,E07000039,South Derbyshire,2024,260000,284811,8500,1475000,1875,34080,36766,47,7.63
SOUTH DERBYSHIRE,E07000039,South Derbyshire,2025,259821.5,287132,60000,2150000,1994,35452,40580,47,7.33
SOUTH GLOUCESTERSHIRE,E06000025,South Gloucestershire UA,2015,230000,250695,50000,2300000,4975,23033,27452,108,9.99
SOUTH GLOUCESTERSHIRE,E06000025,South Gloucestershire,2016,245000,267989,33000,1050000,4852,23328,27377,108,10.5
SOUTH GLOUCESTERSHIRE,E06000025,South Gloucestershire,2017,260000,286403,1439,2250000,4913,23205,27104,111,11.2
SOUTH GLOUCESTERSHIRE,E06000025,South Gloucestershire,2018,271000,297299,66000,1450000,4746,23886,27813,108,11.35
SOUTH GLOUCESTERSHIRE,E06000025,South Gloucestershire,2019,277995,303238,62000,1600000,4814,24777,27925,115,11.22
SOUTH GLOUCESTERSHIRE,E06000025,South Gloucestershire UA,2020,297500,321518,62000,1750000,4063,26576,30990,107,11.19
SOUTH GLOUCESTERSHIRE,E06000025,South Gloucestershire UA,2021,310000,337568,60000,3212400,5764,26020,29293,116,11.91
SOUTH GLOUCESTERSHIRE,E06000025,South Gloucestershire UA,2022,335000,363215,65000,1800000,4792,28895,31896,112,11.59
SOUTH GLOUCESTERSHIRE,E06000025,South Gloucestershire UA,2023,340000,369843,64125,3800000,3966,31099,34652,126,10.93
SOUTH GLOUCESTERSHIRE,E06000025,South Gloucestershire UA,2024,343000,371785,68000,2250000,4273,33798,37715,118,10.15
SOUTH GLOUCESTERSHIRE,E06000025,South Gloucestershire UA,2025,340000,368178,68000,1900000,4354,35002,38727,133,9.71
SOUTH HAMS,E07000044,South Hams,2015,275000,328187,22000,3100000,1769,,22682,24,
SOUTH HAMS,E07000044,South Hams,2016,275000,339278,46000,2300000,1795,,23273,23,
SOUTH HAMS,E07000044,South Hams,2017,285000,345252,55000,2625000,1880,21666,25055,26,13.15
SOUTH HAMS,E07000044,South Hams,2018,300000,365060,50000,3250000,1857,20889,25262,23,14.36
SOUTH HAMS,E07000044,South Hams,2019,295000,368650,60000,4500000,1746,20110,23763,24,14.67
SOUTH HAMS,E07000044,South Hams,2020,332000,413028,750,5764000,1827,21338,23866,25,15.56
SOUTH HAMS,E07000044,South Hams,2021,350000,438132,56000,5500000,2361,24066,29005,23,14.54
SOUTH HAMS,E07000044,South Hams,2022,380000,489700,50000,6100000,1804,26514,28290,26,14.33
SOUTH HAMS,E07000044,South Hams,2023,378250,472499,62000,3465000,1538,24077,29375,25,15.71
SOUTH HAMS,E07000044,South Hams,2024,375000,457074,44000,5250000,1676,29455,33227,26,12.73
SOUTH HAMS,E07000044,South Hams,2025,360000,452912,53000,4008637,1646,29721,33638,27,12.11
SOUTH HOLLAND,E07000140,South Holland,2015,155000,168064,20000,630000,1743,21555,23729,31,7.19
SOUTH HOLLAND,E07000140,South Holland,2016,164997.5,180539,45000,630000,1714,22195,24693,32,7.43
SOUTH HOLLAND,E07000140,South Holland,2017,175000,190362,47000,550000,1653,21645,24135,31,8.09
SOUTH HOLLAND,E07000140,South Holland,2018,185000,199658,62000,750000,1678,22446,25558,32,8.24
SOUTH HOLLAND,E07000140,South Holland,2019,187000,204305,62000,675000,1601,23844,26867,33,7.84
SOUTH HOLLAND,E07000140,South Holland,2020,198500,215699,60000,775000,1533,24858,28287,29,7.99
SOUTH HOLLAND,E07000140,South Holland,2021,220000,240916,57750,975000,2354,24899,29565,37,8.84
SOUTH HOLLAND,E07000140,South Holland,2022,240000,261203,55000,1300000,1918,25987,29698,37,9.24
SOUTH HOLLAND,E07000140,South Holland,2023,238750,256128,65000,895000,1408,,31571,36,
SOUTH HOLLAND,E07000140,South Holland,2024,235000,255374,61000,1575000,1548,30712,33335,35,7.65
SOUTH HOLLAND,E07000140,South Holland,2025,237495,254337,47000,1025000,1628,30196,34626,38,7.87
SOUTH KESTEVEN,E07000141,South Kesteven,2015,178950,206971,37000,1430000,2837,19813,26708,47,9.03
SOUTH KESTEVEN,E07000141,South Kesteven,2016,186500,223218,30000,3500000,2763,19599,25251,44,9.52
SOUTH KESTEVEN,E07000141,South Kesteven,2017,198000,234588,45000,2000000,2759,21422,26305,46,9.24
SOUTH KESTEVEN,E07000141,South Kesteven,2018,217500,247069,44000,1352500,2675,21032,25972,48,10.34
SOUTH KESTEVEN,E07000141,South Kesteven,2019,215000,249206,40000,2800000,2415,22470,28001,48,9.57
SOUTH KESTEVEN,E07000141,South Kesteven,2020,227000,260472,45000,2250000,2119,22845,28099,50,9.94
SOUTH KESTEVEN,E07000141,South Kesteven,2021,240000,279996,50000,2200000,3223,24341,28610,54,9.86
SOUTH KESTEVEN,E07000141,South Kesteven,2022,260000,302215,35000,2500000,2675,25906,31159,48,10.04
SOUTH KESTEVEN,E07000141,South Kesteven,2023,257500,297926,45000,1600000,2090,27142,34565,51,9.49
SOUTH KESTEVEN,E07000141,South Kesteven,2024,265000,309896,25000,4500000,2236,29032,36130,52,9.13
SOUTH KESTEVEN,E07000141,South Kesteven,2025,260000,301656,42000,3287500,2381,29071,37654,52,8.94
SOUTH LAKELAND,E07000031,South Lakeland,2015,210253,245975,35000,2400000,1975,20558,24743,41,10.23
SOUTH LAKELAND,E07000031,South Lakeland,2016,218000,253791,41500,2350000,1935,23569,27301,39,9.25
SOUTH LAKELAND,E07000031,South Lakeland,2017,228250,268909,50000,3300000,2042,,26212,40,
SOUTH LAKELAND,E07000031,South Lakeland,2018,225000,261518,45000,1437500,1989,23559,27942,39,9.55
SOUTH LAKELAND,E07000031,South Lakeland,2019,245000,279261,46000,2800000,1852,24451,30506,39,10.02
SOUTH LAKELAND,E07000031,South Lakeland,2020,255000,297349,45000,2855000,1717,25576,28733,37,9.97
SOUTH LAKELAND,E07000031,South Lakeland,2021,265000,317499,46200,4000000,2372,25174,27537,39,10.53
SOUTH NORFOLK,E07000149,South Norfolk,2015,210000,238629,17000,1175000,2615,21950,27362,50,9.57
SOUTH NORFOLK,E07000149,South Norfolk,2016,230000,259046,30000,1300000,2827,22708,27494,49,10.13
SOUTH NORFOLK,E07000149,South Norfolk,2017,245000,275528,55000,1150000,2994,22169,25315,51,11.05
SOUTH NORFOLK,E07000149,South Norfolk,2018,255000,281970,68000,1600000,2784,24712,28675,48,10.32
SOUTH NORFOLK,E07000149,South Norfolk,2019,260000,284495,70000,2175000,2733,25178,28658,52,10.33
SOUTH NORFOLK,E07000149,South Norfolk,2020,270000,303169,68000,1900000,2381,24032,28433,49,11.24
SOUTH NORFOLK,E07000149,South Norfolk,2021,290000,335014,71200,2500000,3586,26577,29212,54,10.91
SOUTH NORFOLK,E07000149,South Norfolk,2022,315000,350972,68125,1750000,2854,27851,31273,43,11.31
SOUTH NORFOLK,E07000149,South Norfolk,2023,312500,346606,61500,2100000,2154,29422,32915,54,10.62
SOUTH NORFOLK,E07000149,South Norfolk,2024,305000,339179,67500,1825000,2276,33815,37183,58,9.02
SOUTH NORFOLK,E07000149,South Norfolk,2025,300000,341713,59250,1635000,2328,32934,35402,66,9.11
SOUTH NORTHAMPTONSHIRE,E07000155,South Northamptonshire,2015,270000,309308,60000,3500000,1746,24731,30630,31,10.92
SOUTH NORTHAMPTONSHIRE,E07000155,South Northamptonshire,2016,282975,318481,58000,1500000,1866,,32029,31,
SOUTH NORTHAMPTONSHIRE,E07000155,South Northamptonshire,2017,295000,331100,58000,1800000,1932,28498,33224,35,10.35
SOUTH NORTHAMPTONSHIRE,E07000155,South Northamptonshire,2018,310000,346724,64000,1550000,1845,26078,33455,33,11.89
SOUTH NORTHAMPTONSHIRE,E07000155,South Northamptonshire,2019,312500,352434,60000,1400000,1695,,32768,36,
SOUTH OXFORDSHIRE,E07000179,South Oxfordshire,2015,335000,432587,59500,4000000,2481,27146,43631,45,12.34
SOUTH OXFORDSHIRE,E07000179,South Oxfordshire,2016,365000,461848,90000,3900000,2360,29892,40778,45,12.21
SOUTH OXFORDSHIRE,E07000179,South Oxfordshire,2017,387750,484325,105000,3300000,2136,29826,35013,50,13.0
SOUTH OXFORDSHIRE,E07000179,South Oxfordshire,2018,405000,492865,96250,3250000,2205,30672,40886,51,13.2
SOUTH OXFORDSHIRE,E07000179,South Oxfordshire,2019,395000,484657,81375,4112500,2162,32811,41436,50,12.04
SOUTH OXFORDSHIRE,E07000179,South Oxfordshire,2020,423550,535936,105000,18000000,2233,33619,41418,57,12.6
SOUTH OXFORDSHIRE,E07000179,South Oxfordshire,2021,440000,557882,97000,4800000,3349,31031,39072,64,14.18
SOUTH OXFORDSHIRE,E07000179,South Oxfordshire,2022,447150,568450,98500,5500000,2758,34351,41739,51,13.02
SOUTH OXFORDSHIRE,E07000179,South Oxfordshire,2023,451500,563017,96403,4400000,2214,37030,43563,54,12.19
SOUTH OXFORDSHIRE,E07000179,South Oxfordshire,2024,445000,539362,100500,3675000,2319,38006,,58,11.71
SOUTH OXFORDSHIRE,E07000179,South Oxfordshire,2025,455000,573117,100000,8100000,2260,43026,62328,59,10.58
SOUTH RIBBLE,E07000126,South Ribble,2015,151995,170024,49500,700000,1882,21831,28106,40,6.96
SOUTH RIBBLE,E07000126,South Ribble,2016,155000,170657,20000,710000,1843,22269,29298,44,6.96
SOUTH RIBBLE,E07000126,South Ribble,2017,158000,176055,54000,835000,1894,22944,25374,41,6.89
SOUTH RIBBLE,E07000126,South Ribble,2018,165000,184213,56000,1267500,1905,22721,26452,42,7.26
SOUTH RIBBLE,E07000126,South Ribble,2019,165000,185062,55000,800000,1880,22953,28309,43,7.19
SOUTH RIBBLE,E07000126,South Ribble,2020,182500,205723,53000,1205000,1837,24077,27119,40,7.58
SOUTH RIBBLE,E07000126,South Ribble,2021,190000,215384,58400,1700000,2545,24148,26400,42,7.87
SOUTH RIBBLE,E07000126,South Ribble,2022,209995,228855,52000,1350000,2296,25986,29542,40,8.08
SOUTH RIBBLE,E07000126,South Ribble,2023,207500,232795,60000,1150000,1732,29341,34505,38,7.07
SOUTH RIBBLE,E07000126,South Ribble,2024,210000,238243,60000,1500000,1838,32123,38966,43,6.54
SOUTH RIBBLE,E07000126,South Ribble,2025,224575,254001,55250,2500000,2032,32740,36183,47,6.86
SOUTH SOMERSET,E07000189,South Somerset,2015,190000,222853,17000,1781250,3180,19421,21824,60,9.78
SOUTH SOMERSET,E07000189,South Somerset,2016,200000,233919,42000,3050000,3266,19812,22686,57,10.09
SOUTH SOMERSET,E07000189,South Somerset,2017,214995,249218,30000,2250000,3161,21469,23090,55,10.01
SOUTH SOMERSET,E07000189,South Somerset,2018,219000,254672,25000,2170000,3031,21342,23211,55,10.26
SOUTH SOMERSET,E07000189,South Somerset,2019,226000,262303,45000,3415000,2813,22931,24789,55,9.86
SOUTH SOMERSET,E07000189,South Somerset,2020,239997.5,286151,50000,2100000,2680,24028,26946,65,9.99
SOUTH SOMERSET,E07000189,South Somerset,2021,260000,311929,44000,2600000,3648,23956,26615,74,10.85
SOUTH STAFFORDSHIRE,E07000196,South Staffordshire,2015,190000,223952,4945,1600000,1489,23424,27089,39,8.11
SOUTH STAFFORDSHIRE,E07000196,South Staffordshire,2016,199350,232598,37000,975000,1480,24025,27247,39,8.3
SOUTH STAFFORDSHIRE,E07000196,South Staffordshire,2017,217500,246859,40000,1800000,1587,25063,29608,38,8.68
SOUTH STAFFORDSHIRE,E07000196,South Staffordshire,2018,215000,247258,40000,1430000,1454,25913,30398,38,8.3
SOUTH STAFFORDSHIRE,E07000196,South Staffordshire,2019,230000,260872,40000,940000,1495,26210,30800,41,8.78
SOUTH STAFFORDSHIRE,E07000196,South Staffordshire,2020,245000,283820,43000,2100000,1355,29869,32056,39,8.2
SOUTH STAFFORDSHIRE,E07000196,South Staffordshire,2021,265000,303676,43000,2500000,2039,27787,29498,43,9.54
SOUTH STAFFORDSHIRE,E07000196,South Staffordshire,2022,280000,319017,46000,1400000,1671,28458,31497,37,9.84
SOUTH STAFFORDSHIRE,E07000196,South Staffordshire,2023,275000,313657,45000,1985000,1230,30694,33143,37,8.96
SOUTH STAFFORDSHIRE,E07000196,South Staffordshire,2024,280000,321189,42000,5350000,1327,30833,35658,40,9.08
SOUTH STAFFORDSHIRE,E07000196,South Staffordshire,2025,294250,330443,40000,1950000,1510,31766,35993,44,9.26
SOUTH TYNESIDE,E08000023,South Tyneside,2015,129950,146001,21500,840000,1775,20265,24028,50,6.41
SOUTH TYNESIDE,E08000023,South Tyneside,2016,132000,148710,16000,1110000,1818,21039,25018,46,6.27
SOUTH TYNESIDE,E08000023,South Tyneside,2017,134000,148091,31500,960000,1847,20910,25085,47,6.41
SOUTH TYNESIDE,E08000023,South Tyneside,2018,138500,156528,32000,1150000,1761,22040,25656,40,6.28
SOUTH TYNESIDE,E08000023,South Tyneside,2019,135350,157946,1250,710000,1804,20764,24785,45,6.52
SOUTH TYNESIDE,E08000023,South Tyneside,2020,140000,162879,31500,755000,1521,21965,27034,45,6.37
SOUTH TYNESIDE,E08000023,South Tyneside,2021,147747.5,171875,31400,1250000,2210,22863,27219,40,6.46
SOUTH TYNESIDE,E08000023,South Tyneside,2022,154000,175300,23750,2500000,1945,24971,27269,53,6.17
SOUTH TYNESIDE,E08000023,South Tyneside,2023,155000,181759,33000,1950000,1552,25613,27349,49,6.05
SOUTH TYNESIDE,E08000023,South Tyneside,2024,160000,188480,33000,1350000,1659,27564,30671,48,5.8
SOUTH TYNESIDE,E08000023,South Tyneside,2025,170000,192097,32000,995000,1718,28784,32336,46,5.91
SOUTHAMPTON,E06000045,Southampton UA,2015,183000,199794,31250,1100000,4000,21156,23383,77,8.65
SOUTHAMPTON,E06000045,Southampton,2016,195000,211090,39500,909000,3794,20908,23472,83,9.33
SOUTHAMPTON,E06000045,Southampton,2017,210000,223446,53000,1000000,3664,22465,24362,82,9.35
SOUTHAMPTON,E06000045,Southampton,2018,210000,220930,1350,1450000,3641,22039,23961,79,9.53
SOUTHAMPTON,E06000045,Southampton,2019,219250,231260,55000,960000,3018,24313,26092,87,9.02
SOUTHAMPTON,E06000045,Southampton UA,2020,223000,236224,57750,1655000,2523,25384,28797,98,8.79
SOUTHAMPTON,E06000045,Southampton UA,2021,234000,248903,55000,895000,3578,26970,29656,108,8.68
SOUTHAMPTON,E06000045,Southampton UA,2022,255000,266765,54000,1200000,3196,29457,31319,94,8.66
SOUTHAMPTON,E06000045,Southampton UA,2023,245000,256314,55000,1250000,2672,28078,30573,89,8.73
SOUTHAMPTON,E06000045,Southampton UA,2024,260000,270462,54000,1160000,2577,29874,33389,97,8.7
SOUTHAMPTON,E06000045,Southampton UA,2025,260000,275701,55000,1221000,2724,32907,34762,101,7.9
SOUTHEND-ON-SEA,E06000033,Southend-on-Sea UA,2015,220000,252220,45000,1500000,3400,22901,28272,58,9.61
SOUTHEND-ON-SEA,E06000033,Southend-on-Sea,2016,241500,273478,50000,1900000,3500,25124,30402,59,9.61
SOUTHEND-ON-SEA,E06000033,Southend-on-Sea,2017,267000,306539,54000,1650000,3140,23855,28399,59,11.19
SOUTHEND-ON-SEA,E06000033,Southend-on-Sea,2018,280000,317180,70000,2250000,3208,25597,31343,58,10.94
SOUTHEND-ON-SEA,E06000033,Southend-on-Sea,2019,285000,323971,56000,2400000,2654,27022,32989,59,10.55
SOUTHEND-ON-SEA,E06000033,Southend-on-Sea UA,2020,300000,339083,62000,2375000,2431,26814,33238,58,11.19
SOUTHEND-ON-SEA,E06000033,Southend-on-Sea UA,2021,322500,365079,57000,2015000,3697,27557,33844,58,11.7
SOUTHEND-ON-SEA,E06000033,Southend-on-Sea UA,2022,325000,378118,58500,2995000,3093,29051,35356,49,11.19
SOUTHEND-ON-SEA,E06000033,Southend-on-Sea UA,2023,335000,380065,60000,2050000,1967,32004,37099,57,10.47
SOUTHEND-ON-SEA,E06000033,Southend-on-Sea UA,2024,335000,379080,60000,2150000,2257,34885,40835,64,9.6
SOUTHEND-ON-SEA,E06000033,Southend-on-Sea UA,2025,345000,396031,66000,2250000,2464,33594,43321,61,10.27
SOUTHWARK,E09000028,Southwark,2015,475000,582828,80000,8000000,4054,29980,35941,93,15.84
SOUTHWARK,E09000028,Southwark,2016,514000,642567,81250,11500000,3631,30000,35720,95,17.13
SOUTHWARK,E09000028,Southwark,2017,530000,642136,102500,11500000,3504,30483,37773,100,17.39
SOUTHWARK,E09000028,Southwark,2018,572500,690505,100000,12000000,3527,32290,37769,95,17.73
SOUTHWARK,E09000028,Southwark,2019,540000,684712,92500,6400000,3156,35056,42639,103,15.4
SOUTHWARK,E09000028,Southwark,2020,549500,672476,102500,12600000,2373,34278,44422,99,16.03
SOUTHWARK,E09000028,Southwark,2021,550000,674858,93000,11300000,3558,34193,42628,105,16.09
SOUTHWARK,E09000028,Southwark,2022,555000,678142,102500,7300000,3388,34663,47172,100,16.01
SOUTHWARK,E09000028,Southwark,2023,550000,702405,107500,10050000,2700,38636,51264,100,14.24
SOUTHWARK,E09000028,Southwark,2024,560000,691398,87500,7000000,3084,39396,51906,116,14.21
SOUTHWARK,E09000028,Southwark,2025,540000,668815,92500,5200000,3093,43006,56656,118,12.56
SPELTHORNE,E07000213,Spelthorne,2015,325000,348451,88500,1500000,1711,29799,32529,37,10.91
SPELTHORNE,E07000213,Spelthorne,2016,385000,411787,57000,3050000,1632,30754,33782,38,12.52
SPELTHORNE,E07000213,Spelthorne,2017,385000,417858,103250,1660000,1516,29218,34194,36,13.18
SPELTHORNE,E07000213,Spelthorne,2018,385000,411266,105000,1650000,1362,28472,32146,35,13.52
SPELTHORNE,E07000213,Spelthorne,2019,390000,411519,106000,1324000,1344,29145,33747,37,13.38
SPELTHORNE,E07000213,Spelthorne,2020,415000,437919,105000,1650000,1261,29681,34246,40,13.98
SPELTHORNE,E07000213,Spelthorne,2021,418000,438866,102900,2100000,1950,31440,,38,13.3
SPELTHORNE,E07000213,Spelthorne,2022,435000,460720,103650,1975000,1601,,39225,34,
SPELTHORNE,E07000213,Spelthorne,2023,443000,473977,100000,3050000,1085,35835,40499,34,12.36
SPELTHORNE,E07000213,Spelthorne,2024,450000,475535,105000,2450000,1326,36456,44229,36,12.34
SPELTHORNE,E07000213,Spelthorne,2025,466000,482728,110000,2900000,1367,37918,45983,40,12.29
ST ALBANS,E07000240,St Albans,2015,450000,533965,77500,4400000,2642,32143,42832,55,14.0
ST ALBANS,E07000240,St Albans,2016,500000,578588,120000,5125000,2386,33456,46328,55,14.95
ST ALBANS,E07000240,St Albans,2017,525000,608594,115000,5860000,2110,32774,48561,52,16.02
ST ALBANS,E07000240,St Albans,2018,535000,615217,125000,3850000,2111,34837,52906,64,15.36
ST ALBANS,E07000240,St Albans,2019,550000,623069,118000,3600000,2111,34084,47466,56,16.14
ST ALBANS,E07000240,St Albans,2020,550000,628296,116000,5000000,2055,,52374,52,
ST ALBANS,E07000240,St Albans,2021,590000,681565,116000,4275000,3014,37111,50071,60,15.9
ST ALBANS,E07000240,St Albans,2022,635000,726100,114000,4700000,2469,37093,57673,53,17.12
ST ALBANS,E07000240,St Albans,2023,635000,729314,125000,4850000,1888,39792,58367,54,15.96
ST ALBANS,E07000240,St Albans,2024,625000,729323,121500,5000000,2001,41926,66522,53,14.91
ST ALBANS,E07000240,St Albans,2025,620000,729182,125000,4700000,2179,45543,68368,53,13.61
ST EDMUNDSBURY,E07000204,St Edmundsbury,2015,237000,268809,46270,2350000,1973,22468,26573,42,10.55
ST EDMUNDSBURY,E07000204,St Edmundsbury,2016,242500,276615,47500,1250000,1823,23183,27658,42,10.46
ST EDMUNDSBURY,E07000204,St Edmundsbury,2017,265000,302275,70000,1650000,1653,25163,29256,42,10.53
ST HELENS,E08000013,St. Helens,2015,123500,135704,19818,825000,2312,20975,23934,60,5.89
ST HELENS,E08000013,St. Helens,2016,130000,144799,17500,980000,2436,22850,24943,59,5.69
ST HELENS,E08000013,St. Helens,2017,132000,145553,32000,1150000,2646,21644,24790,61,6.1
ST HELENS,E08000013,St. Helens,2018,133500,147806,22500,700000,2466,22859,25877,59,5.84
ST HELENS,E08000013,St. Helens,2019,138000,155044,33000,1270000,2473,24650,27186,62,5.6
ST HELENS,E08000013,St. Helens,2020,148000,164292,32000,880000,2214,25541,27936,55,5.79
ST HELENS,E08000013,St. Helens,2021,160000,176719,1195,840000,3121,25745,29521,59,6.21
ST HELENS,E08000013,St. Helens,2022,170000,190530,32500,925000,2642,27558,32060,56,6.17
ST HELENS,E08000013,St. Helens,2023,174000,193940,31000,950000,1983,28098,32590,59,6.19
ST HELENS,E08000013,St. Helens,2024,185000,208296,33000,1360000,2251,30215,34018,64,6.12
ST HELENS,E08000013,St. Helens,2025,195000,214256,32000,1275000,2388,31443,36361,73,6.2
STAFFORD,E07000197,Stafford,2015,179700,207008,50000,1125000,2237,21668,26634,43,8.29
STAFFORD,E07000197,Stafford,2016,186997.5,215286,30000,925000,2420,22521,27766,44,8.3
STAFFORD,E07000197,Stafford,2017,196500,223329,58000,1175000,2601,22700,27019,43,8.66
STAFFORD,E07000197,Stafford,2018,202500,230280,58500,863500,2502,24168,28083,48,8.38
STAFFORD,E07000197,Stafford,2019,217000,240235,59000,950000,2359,26696,30500,45,8.13
STAFFORD,E07000197,Stafford,2020,220000,249208,5000,1950000,2118,26035,30443,44,8.45
STAFFORD,E07000197,Stafford,2021,229950,263166,61500,2100000,2748,26249,30195,52,8.76
STAFFORD,E07000197,Stafford,2022,250000,279900,60000,1870000,2295,29753,34836,50,8.4
STAFFORD,E07000197,Stafford,2023,250000,284464,62500,1750000,1849,32779,37612,51,7.63
STAFFORD,E07000197,Stafford,2024,248000,280005,42000,1730000,2032,35363,41358,50,7.01
STAFFORD,E07000197,Stafford,2025,260000,288815,59000,1315000,2082,33872,39033,51,7.68
STAFFORDSHIRE MOORLANDS,E07000198,Staffordshire Moorlands,2015,154000,173711,20000,770000,1605,21224,23652,36,7.26
STAFFORDSHIRE MOORLANDS,E07000198,Staffordshire Moorlands,2016,153500,175736,34000,1250000,1641,21738,24645,33,7.06
STAFFORDSHIRE MOORLANDS,E07000198,Staffordshire Moorlands,2017,161000,187241,44000,790000,1553,21833,25915,33,7.37
STAFFORDSHIRE MOORLANDS,E07000198,Staffordshire Moorlands,2018,164100,188098,40000,775000,1463,22139,26212,32,7.41
STAFFORDSHIRE MOORLANDS,E07000198,Staffordshire Moorlands,2019,170000,197600,43000,802500,1438,24709,28186,33,6.88
STAFFORDSHIRE MOORLANDS,E07000198,Staffordshire Moorlands,2020,187000,217157,46500,865000,1373,25443,29591,35,7.35
STAFFORDSHIRE MOORLANDS,E07000198,Staffordshire Moorlands,2021,200000,236559,46500,2375000,1890,25906,28728,36,7.72
STAFFORDSHIRE MOORLANDS,E07000198,Staffordshire Moorlands,2022,215000,244936,48000,1270000,1436,26978,30110,36,7.97
STAFFORDSHIRE MOORLANDS,E07000198,Staffordshire Moorlands,2023,215000,242018,50000,1300000,1225,30565,35117,34,7.03
STAFFORDSHIRE MOORLANDS,E07000198,Staffordshire Moorlands,2024,225000,249853,45000,1500000,1406,29976,34652,36,7.51
STAFFORDSHIRE MOORLANDS,E07000198,Staffordshire Moorlands,2025,227750,261386,44000,1400000,1576,31065,37398,40,7.33
STEVENAGE,E07000243,Stevenage,2015,227750,245058,57500,1100000,1320,25183,28094,36,9.04
STEVENAGE,E07000243,Stevenage,2016,250000,263866,52500,865000,1439,23402,26945,32,10.68
STEVENAGE,E07000243,Stevenage,2017,270000,287361,71750,935000,1297,23490,27689,33,11.49
STEVENAGE,E07000243,Stevenage,2018,274950,287291,70000,1350000,1043,,29805,,
STEVENAGE,E07000243,Stevenage,2019,270000,290522,65450,960000,1114,25161,27267,30,10.73
STEVENAGE,E07000243,Stevenage,2020,285000,307584,70000,865000,891,26133,33536,25,10.91
STEVENAGE,E07000243,Stevenage,2021,305000,330708,66500,985000,1355,23640,29135,34,12.9
STEVENAGE,E07000243,Stevenage,2022,335000,347791,70000,1075000,1078,28397,31206,29,11.8
STEVENAGE,E07000243,Stevenage,2023,325000,333842,66500,960000,816,28195,30655,30,11.53
STEVENAGE,E07000243,Stevenage,2024,330000,348223,68000,1250000,920,31702,35835,34,10.41
STEVENAGE,E07000243,Stevenage,2025,345000,362273,66500,1512000,1010,35747,40194,34,9.65
STOCKPORT,E08000007,Stockport,2015,183025,214577,19000,1170000,4940,23058,27276,104,7.94
STOCKPORT,E08000007,Stockport,2016,199950,234116,27000,1475000,5110,23271,28024,102,8.59
STOCKPORT,E08000007,Stockport,2017,205000,240839,1472,1380000,5146,24260,28968,107,8.45
STOCKPORT,E08000007,Stockport,2018,225000,262905,43000,1650000,4977,25078,30372,102,8.97
STOCKPORT,E08000007,Stockport,2019,227000,263956,675,1740000,4750,26005,31716,109,8.73
STOCKPORT,E08000007,Stockport,2020,249995,287032,2000,1900000,4261,26292,32249,105,9.51
STOCKPORT,E08000007,Stockport,2021,270000,313424,1425,1895000,5851,25422,32017,103,10.62
STOCKPORT,E08000007,Stockport,2022,290000,333630,44000,1800000,4656,28078,33513,92,10.33
STOCKPORT,E08000007,Stockport,2023,288000,332618,485,1700000,3805,30327,35191,105,9.5
STOCKPORT,E08000007,Stockport,2024,296000,342199,53000,1800000,4231,31238,37226,104,9.48
STOCKPORT,E08000007,Stockport,2025,310000,356386,42000,4000000,4616,33565,38491,113,9.24
STOCKTON-ON-TEES,E06000004,Stockton-on-Tees UA,2015,135000,155294,10000,925000,2782,21048,23967,68,6.41
STOCKTON-ON-TEES,E06000004,Stockton-on-Tees,2016,137500,161073,24550,1770000,2872,21923,24916,65,6.27
STOCKTON-ON-TEES,E06000004,Stockton-on-Tees,2017,144000,169238,30000,1070000,3079,22428,25027,66,6.42
STOCKTON-ON-TEES,E06000004,Stockton-on-Tees,2018,145500,170498,30000,1150000,3046,21781,26622,70,6.68
STOCKTON-ON-TEES,E06000004,Stockton-on-Tees,2019,149995,176525,30000,1900000,3076,23237,27051,72,6.46
STOCKTON-ON-TEES,E06000004,Stockton-on-Tees UA,2020,155750,184261,30000,1400000,2758,24347,27865,63,6.4
STOCKTON-ON-TEES,E06000004,Stockton-on-Tees UA,2021,159950,188438,30000,1195000,3643,24598,26586,64,6.5
STOCKTON-ON-TEES,E06000004,Stockton-on-Tees UA,2022,165000,199082,30000,1057500,3203,27024,28978,63,6.11
STOCKTON-ON-TEES,E06000004,Stockton-on-Tees UA,2023,173750,207760,30000,1400000,2626,27205,30463,68,6.39
STOCKTON-ON-TEES,E06000004,Stockton-on-Tees UA,2024,180000,214111,30000,1450000,2785,28467,31745,64,6.32
STOCKTON-ON-TEES,E06000004,Stockton-on-Tees UA,2025,180000,212432,15000,2000000,2960,29877,34725,69,6.02
STOKE-ON-TRENT,E06000021,Stoke-on-Trent UA,2015,100950,113120,20000,580000,3376,19090,21129,84,5.29
STOKE-ON-TRENT,E06000021,Stoke-on-Trent,2016,105500,119185,17000,615000,3650,20020,22643,85,5.27
STOKE-ON-TRENT,E06000021,Stoke-on-Trent,2017,110725,124183,25000,880000,3766,21000,23139,83,5.27
STOKE-ON-TRENT,E06000021,Stoke-on-Trent,2018,116000,129700,25000,840000,3716,22027,24502,80,5.27
STOKE-ON-TRENT,E06000021,Stoke-on-Trent,2019,120000,134456,27000,900000,3477,22169,25215,85,5.41
STOKE-ON-TRENT,E06000021,Stoke-on-Trent UA,2020,127500,140833,25500,900000,2838,23499,26541,87,5.43
STOKE-ON-TRENT,E06000021,Stoke-on-Trent UA,2021,135000,151345,25000,1845000,3882,22769,25493,96,5.93
STOKE-ON-TRENT,E06000021,Stoke-on-Trent UA,2022,140000,154673,27089,755000,3564,24248,26261,93,5.77
STOKE-ON-TRENT,E06000021,Stoke-on-Trent UA,2023,142000,158825,25000,750000,2949,26122,27839,94,5.44
STOKE-ON-TRENT,E06000021,Stoke-on-Trent UA,2024,150000,168422,30000,750000,2985,26962,28929,92,5.56
STOKE-ON-TRENT,E06000021,Stoke-on-Trent UA,2025,160000,173958,27500,700000,2952,29041,31875,89,5.51
STRATFORD-ON-AVON,E07000221,Stratford-on-Avon,2015,275000,330105,28500,2650000,2445,23151,31609,39,11.88
STRATFORD-ON-AVON,E07000221,Stratford-on-Avon,2016,290000,343755,37500,3850000,2573,24144,32703,44,12.01
STRATFORD-ON-AVON,E07000221,Stratford-on-Avon,2017,300000,357249,60000,1900000,2727,25441,32882,46,11.79
STRATFORD-ON-AVON,E07000221,Stratford-on-Avon,2018,315000,369245,76000,3300000,2565,26453,34261,46,11.91
STRATFORD-ON-AVON,E07000221,Stratford-on-Avon,2019,315000,371161,66000,2950000,2419,25773,,45,12.22
STRATFORD-ON-AVON,E07000221,Stratford-on-Avon,2020,326695,396542,67500,6150000,2355,28081,34025,50,11.63
STRATFORD-ON-AVON,E07000221,Stratford-on-Avon,2021,346750,420122,72500,6070000,3468,27007,35352,50,12.84
STRATFORD-ON-AVON,E07000221,Stratford-on-Avon,2022,365000,438502,68000,9300000,3077,31554,36621,50,11.57
STRATFORD-ON-AVON,E07000221,Stratford-on-Avon,2023,365000,432448,78000,3322400,2255,,39560,47,
STRATFORD-ON-AVON,E07000221,Stratford-on-Avon,2024,361497.5,435149,68750,7950000,2486,31576,40034,46,11.45
STRATFORD-ON-AVON,E07000221,Stratford-on-Avon,2025,370000,447057,65000,4950000,2464,34847,50938,54,10.62
STROUD,E07000082,Stroud,2015,225000,264556,43000,1350000,2172,23195,29032,46,9.7
STROUD,E07000082,Stroud,2016,232250,279506,48500,1990000,2062,23783,30003,44,9.77
STROUD,E07000082,Stroud,2017,257750,305669,55000,2255000,2055,24321,28920,47,10.6
STROUD,E07000082,Stroud,2018,270000,314373,47000,1395000,2105,24000,28761,46,11.25
STROUD,E07000082,Stroud,2019,270000,311086,47000,2100000,2106,24401,28424,45,11.07
STROUD,E07000082,Stroud,2020,292500,347339,48000,3850000,1841,,30058,39,
STROUD,E07000082,Stroud,2021,307500,367882,54000,3500000,2807,25159,30302,44,12.22
STROUD,E07000082,Stroud,2022,330000,399603,67500,4000000,2143,27590,33186,42,11.96
STROUD,E07000082,Stroud,2023,335000,401364,59000,7825000,1726,30501,34689,38,10.98
STROUD,E07000082,Stroud,2024,342250,403766,60000,4250000,1846,30616,33303,44,11.18
STROUD,E07000082,Stroud,2025,330000,389628,52500,3425000,1973,33495,36741,46,9.85
SUFFOLK COASTAL,E07000205,Suffolk Coastal,2015,245000,284497,32458,3075000,2632,,28713,45,
SUFFOLK COASTAL,E07000205,Suffolk Coastal,2016,260000,298946,32500,1880000,2566,25369,30007,44,10.25
SUFFOLK COASTAL,E07000205,Suffolk Coastal,2017,277500,317531,63000,3750000,2476,,30932,46,
SUNDERLAND,E08000024,Sunderland,2015,120000,133849,10000,900000,3169,20367,23046,99,5.89
SUNDERLAND,E08000024,Sunderland,2016,120000,136204,15000,985000,3277,20916,23525,91,5.74
SUNDERLAND,E08000024,Sunderland,2017,124995,139721,16000,835000,3598,21178,23865,94,5.9
SUNDERLAND,E08000024,Sunderland,2018,128000,142373,15000,985000,3358,20776,23743,97,6.16
SUNDERLAND,E08000024,Sunderland,2019,130000,144459,15000,890000,3402,21655,24175,96,6.0
SUNDERLAND,E08000024,Sunderland,2020,131997.5,151325,15000,850000,3162,22723,25073,93,5.81
SUNDERLAND,E08000024,Sunderland,2021,145000,167089,15000,1105000,4238,21944,23837,95,6.61
SUNDERLAND,E08000024,Sunderland,2022,149995,171025,15500,845000,4090,23526,25558,98,6.38
SUNDERLAND,E08000024,Sunderland,2023,149500,170857,15250,1100000,3168,25268,27719,102,5.92
SUNDERLAND,E08000024,Sunderland,2024,150000,172915,15500,975000,3245,28271,30960,92,5.31
SUNDERLAND,E08000024,Sunderland,2025,159950,180859,15000,850000,3333,27989,30972,92,5.71
SURREY HEATH,E07000214,Surrey Heath,2015,349975,405388,72000,2325000,1498,28856,34747,30,12.13
SURREY HEATH,E07000214,Surrey Heath,2016,378250,442004,74000,4650000,1494,31432,36377,30,12.03
SURREY HEATH,E07000214,Surrey Heath,2017,400000,467711,77400,5400000,1405,34496,40560,30,11.6
SURREY HEATH,E07000214,Surrey Heath,2018,416000,469498,84000,4575000,1306,34290,41945,30,12.13
SURREY HEATH,E07000214,Surrey Heath,2019,420000,475406,78000,3588000,1427,33961,43333,29,12.37
SURREY HEATH,E07000214,Surrey Heath,2020,445000,513057,79500,4750000,1179,35759,44755,33,12.44
SURREY HEATH,E07000214,Surrey Heath,2021,437550,509311,84000,8000000,1890,36930,45475,35,11.85
SURREY HEATH,E07000214,Surrey Heath,2022,450000,524987,80000,6350000,1575,,45546,,
SURREY HEATH,E07000214,Surrey Heath,2023,460000,535297,75000,3075000,1089,39997,49031,30,11.5
SURREY HEATH,E07000214,Surrey Heath,2024,470000,525948,77000,3650000,1254,40950,,34,11.48
SURREY HEATH,E07000214,Surrey Heath,2025,475000,528246,75250,3900000,1324,37793,,33,12.57
SUTTON,E09000029,Sutton,2015,320500,358951,69000,1750000,3263,26337,29692,66,12.17
SUTTON,E09000029,Sutton,2016,347750,387927,75000,3000000,3220,26679,30690,71,13.03
SUTTON,E09000029,Sutton,2017,365000,401349,68750,3250000,2977,27383,31462,70,13.33
SUTTON,E09000029,Sutton,2018,385000,421507,108500,2950000,2643,28617,33941,69,13.45
SUTTON,E09000029,Sutton,2019,390000,424087,104375,2050000,2522,29925,36002,67,13.03
SUTTON,E09000029,Sutton,2020,400250,445534,12500,2200000,2400,28387,34731,65,14.1
SUTTON,E09000029,Sutton,2021,425000,467119,104000,3725000,3435,29931,35259,75,14.2
SUTTON,E09000029,Sutton,2022,435000,482130,105000,3722000,2913,29864,35354,64,14.57
SUTTON,E09000029,Sutton,2023,447000,492828,80000,3150000,2243,32720,39259,60,13.66
SUTTON,E09000029,Sutton,2024,462500,497611,102500,2150000,2293,37049,42093,71,12.48
SUTTON,E09000029,Sutton,2025,455000,506442,105000,20000000,2390,38359,46228,75,11.86
SWALE,E07000113,Swale,2015,195975,216372,38000,860000,2612,23603,25671,43,8.3
SWALE,E07000113,Swale,2016,225000,242590,43000,1650000,2568,23539,26094,49,9.56
SWALE,E07000113,Swale,2017,239950,262454,45000,1100000,2409,25406,26872,47,9.44
SWALE,E07000113,Swale,2018,245000,272460,17200,1200000,2295,26609,28864,50,9.21
SWALE,E07000113,Swale,2019,250000,281149,45000,2925000,2249,25995,30233,47,9.62
SWALE,E07000113,Swale,2020,267500,296038,45000,1675000,2220,25411,30056,55,10.53
SWALE,E07000113,Swale,2021,290000,320531,45000,1400000,3029,26053,31762,60,11.13
SWALE,E07000113,Swale,2022,315000,340110,45000,2062500,2523,29586,34697,53,10.65
SWALE,E07000113,Swale,2023,305000,332509,57000,1400000,1664,30477,34391,50,10.01
SWALE,E07000113,Swale,2024,307000,334485,50000,1600000,2090,31675,35981,47,9.69
SWALE,E07000113,Swale,2025,310000,338676,47500,1825000,2314,33647,38181,53,9.21
SWANSEA,W06000011,Swansea / Abertawe,2015,133000,157771,16995,1550000,3134,20035,23091,79,6.64
SWANSEA,W06000011,Swansea / Abertawe,2016,139000,166387,26000,995000,3423,20506,23846,79,6.78
SWANSEA,W06000011,Swansea / Abertawe,2017,139995,166152,7500,1500000,3486,21150,24677,77,6.62
SWANSEA,W06000011,Swansea / Abertawe,2018,142747.5,174819,35000,1600000,3340,22997,25743,76,6.21
SWANSEA,W06000011,Swansea / Abertawe,2019,152500,182535,30000,1500000,3157,23026,25133,80,6.62
SWANSEA,W06000011,Swansea / Abertawe,2020,160000,195198,43000,1822300,2593,23700,25460,77,6.75
SWANSEA,W06000011,Swansea / Abertawe,2021,175000,219270,4000,1600000,3791,23485,26225,80,7.45
SWANSEA,W06000011,Swansea / Abertawe,2022,183500,226377,43000,2500000,3319,25871,27905,77,7.09
SWANSEA,W06000011,Swansea / Abertawe,2023,185000,223911,8980,1850000,2740,26965,29931,84,6.86
SWANSEA,W06000011,Swansea / Abertawe,2024,195000,234945,23000,2470000,2907,29217,31485,86,6.67
SWANSEA,W06000011,Swansea / Abertawe,2025,210000,246305,45000,2000000,3012,32091,35131,99,6.54
SWINDON,E06000030,Swindon UA,2015,180575,202847,19375,875000,4428,23320,26099,91,7.74
SWINDON,E06000030,Swindon,2016,195000,217555,53000,1300000,4692,24897,27141,87,7.83
SWINDON,E06000030,Swindon,2017,220000,239900,50000,1100000,4443,24677,27946,91,8.92
SWINDON,E06000030,Swindon,2018,230000,248766,60000,1800000,4168,25407,28230,90,9.05
SWINDON,E06000030,Swindon,2019,230000,249086,58000,1900000,3773,27234,30469,96,8.45
SWINDON,E06000030,Swindon UA,2020,233000,257033,950,1370000,2921,27212,31123,96,8.56
SWINDON,E06000030,Swindon UA,2021,245000,268028,1,4350000,4785,27247,31977,98,8.99
SWINDON,E06000030,Swindon UA,2022,270000,289523,62000,1290000,3948,28202,34109,89,9.57
SWINDON,E06000030,Swindon UA,2023,272200,295198,58000,1900000,3253,31310,36621,95,8.69
SWINDON,E06000030,Swindon UA,2024,276500,295827,42500,1450000,3447,32921,37404,89,8.4
SWINDON,E06000030,Swindon UA,2025,282500,303030,57500,1700000,3518,33135,38087,98,8.53
TAMESIDE,E08000008,Tameside,2015,125000,135914,30000,690000,2978,19746,22634,77,6.33
TAMESIDE,E08000008,Tameside,2016,128000,143893,29000,750000,3152,20023,22102,76,6.39
TAMESIDE,E08000008,Tameside,2017,138000,154921,38000,692000,3331,20492,23193,76,6.73
TAMESIDE,E08000008,Tameside,2018,140000,159444,400,675000,3465,21923,23571,75,6.39
TAMESIDE,E08000008,Tameside,2019,152000,166914,48000,810000,3158,22724,24510,77,6.69
TAMESIDE,E08000008,Tameside,2020,161000,181012,38000,860000,2633,22264,24923,70,7.23
TAMESIDE,E08000008,Tameside,2021,180000,198366,41400,799999,3945,23278,25805,70,7.73
TAMESIDE,E08000008,Tameside,2022,198500,216550,39000,1025000,3239,24991,28742,70,7.94
TAMESIDE,E08000008,Tameside,2023,196250,219569,680,1075000,2657,27118,29954,70,7.24
TAMESIDE,E08000008,Tameside,2024,212000,229456,42500,950000,2799,29140,31436,79,7.28
TAMESIDE,E08000008,Tameside,2025,219975,235715,47000,1445000,2906,29877,32748,83,7.36
TAMWORTH,E07000199,Tamworth,2015,150000,165817,45500,590000,1008,20494,23452,31,7.32
TAMWORTH,E07000199,Tamworth,2016,166250,183861,7340,550000,1100,21882,25068,27,7.6
TAMWORTH,E07000199,Tamworth,2017,176500,197853,47000,595000,1166,22561,27018,28,7.82
TAMWORTH,E07000199,Tamworth,2018,193500,213443,49400,592500,1163,22545,25739,25,8.58
TAMWORTH,E07000199,Tamworth,2019,208000,224624,60000,584500,1305,24472,26345,23,8.5
TAMWORTH,E07000199,Tamworth,2020,217500,234390,50000,689950,1161,23619,26274,24,9.21
TAMWORTH,E07000199,Tamworth,2021,225000,245272,69329,800000,1622,24125,26638,29,9.33
TAMWORTH,E07000199,Tamworth,2022,245000,265893,60000,870000,1370,26867,28958,28,9.12
TAMWORTH,E07000199,Tamworth,2023,245000,259202,69000,822500,1025,29322,31886,25,8.36
TAMWORTH,E07000199,Tamworth,2024,240000,255769,67000,805000,1130,31386,32749,27,7.65
TAMWORTH,E07000199,Tamworth,2025,250000,267527,55000,1050000,1194,33167,35654,33,7.54
TANDRIDGE,E07000215,Tandridge,2015,381375,464696,60000,3100000,1675,27536,33430,28,13.85
TANDRIDGE,E07000215,Tandridge,2016,399950,464708,92500,3200000,1565,25930,34094,29,15.42
TANDRIDGE,E07000215,Tandridge,2017,420000,498231,90000,2850000,1402,30351,36029,30,13.84
TANDRIDGE,E07000215,Tandridge,2018,411250,495725,94500,2425000,1264,30944,40378,33,13.29
TANDRIDGE,E07000215,Tandridge,2019,435000,515243,100000,2500000,1270,29014,36741,31,14.99
TANDRIDGE,E07000215,Tandridge,2020,456000,563945,94375,2650000,1184,,35045,32,
TANDRIDGE,E07000215,Tandridge,2021,475000,572903,91250,3760000,1806,30006,41660,32,15.83
TANDRIDGE,E07000215,Tandridge,2022,490000,596466,108000,3500000,1457,34699,47256,31,14.12
TANDRIDGE,E07000215,Tandridge,2023,500000,594478,90000,5175000,998,33632,39075,26,14.87
TANDRIDGE,E07000215,Tandridge,2024,485000,580412,90000,3500000,1140,32846,38699,32,14.77
TANDRIDGE,E07000215,Tandridge,2025,510000,611371,90000,2925000,1215,33316,42974,33,15.31
TAUNTON DEANE,E07000190,Taunton Deane,2015,200000,228422,10000,1350000,2339,21450,25439,42,9.32
TAUNTON DEANE,E07000190,Taunton Deane,2016,200000,234025,48500,1300000,2609,22750,27961,43,8.79
TAUNTON DEANE,E07000190,Taunton Deane,2017,215000,243688,55000,1215000,2423,22073,25844,39,9.74
TEIGNBRIDGE,E07000045,Teignbridge,2015,218000,243362,30000,1325000,2706,19843,22541,41,10.99
TEIGNBRIDGE,E07000045,Teignbridge,2016,230875,256786,40000,2950000,2752,19408,22818,40,11.9
TEIGNBRIDGE,E07000045,Teignbridge,2017,238000,269315,52000,1825000,2732,19275,22841,41,12.35
TEIGNBRIDGE,E07000045,Teignbridge,2018,250000,277435,50000,1650000,2548,20279,23794,40,12.33
TEIGNBRIDGE,E07000045,Teignbridge,2019,248225,275171,50000,1200500,2398,21243,25150,46,11.69
TEIGNBRIDGE,E07000045,Teignbridge,2020,263000,301593,56000,6200000,2163,20707,24276,43,12.7
TEIGNBRIDGE,E07000045,Teignbridge,2021,282750,321665,50000,1600000,3188,21499,25092,42,13.15
TEIGNBRIDGE,E07000045,Teignbridge,2022,300000,344318,37500,3250000,2537,23370,27382,39,12.84
TEIGNBRIDGE,E07000045,Teignbridge,2023,305000,346634,50000,2781140,2055,25261,29482,49,12.07
TEIGNBRIDGE,E07000045,Teignbridge,2024,300000,337836,52000,2475000,2095,28150,32755,46,10.66
TEIGNBRIDGE,E07000045,Teignbridge,2025,300000,342298,57000,2100000,2143,28911,33150,46,10.38
TENDRING,E07000076,Tendring,2015,175000,198325,20000,995000,3143,21366,22867,39,8.19
TENDRING,E07000076,Tendring,2016,192500,215588,23000,1050000,3185,20682,24623,41,9.31
TENDRING,E07000076,Tendring,2017,221750,242588,29000,1275000,3026,21391,26201,41,10.37
TENDRING,E07000076,Tendring,2018,230000,251590,45000,1375000,2864,21222,24841,41,10.84
TENDRING,E07000076,Tendring,2019,237500,259434,37000,1375000,2777,21626,25770,43,10.98
TENDRING,E07000076,Tendring,2020,249250,272324,48000,1200000,2724,,24948,43,
TENDRING,E07000076,Tendring,2021,270000,293406,50000,1850000,4212,25262,28561,45,10.69
TENDRING,E07000076,Tendring,2022,290000,316448,39000,1475000,3389,,31963,41,
TENDRING,E07000076,Tendring,2023,290000,318766,48000,1265000,2306,25014,30843,41,11.59
TENDRING,E07000076,Tendring,2024,285000,310386,50000,1719000,2682,29832,34302,45,9.55
TENDRING,E07000076,Tendring,2025,290000,319372,50000,1850000,2763,29545,36437,51,9.82
TEST VALLEY,E07000093,Test Valley,2015,266000,317397,60000,2750000,2427,24625,30033,50,10.8
TEST VALLEY,E07000093,Test Valley,2016,282950,327825,70500,1660000,2263,25451,31940,46,11.12
TEST VALLEY,E07000093,Test Valley,2017,300000,351421,70000,2250000,2282,26535,33944,52,11.31
TEST VALLEY,E07000093,Test Valley,2018,305000,355894,72000,3250000,2191,25588,32490,53,11.92
TEST VALLEY,E07000093,Test Valley,2019,310000,359717,73500,2550000,2241,,31059,49,
TEST VALLEY,E07000093,Test Valley,2020,320000,387646,72000,4150000,2031,27974,31613,63,11.44
TEST VALLEY,E07000093,Test Valley,2021,337000,413376,2160,4701500,2919,28520,32038,66,11.82
TEST VALLEY,E07000093,Test Valley,2022,365000,451422,80000,6500000,2100,29948,33909,57,12.19
TEST VALLEY,E07000093,Test Valley,2023,352250,435948,73000,4751000,1630,31767,36484,54,11.09
TEST VALLEY,E07000093,Test Valley,2024,360000,434022,70000,10500000,1770,32384,38133,60,11.12
TEST VALLEY,E07000093,Test Valley,2025,367500,427503,72000,4200000,1949,35314,41780,58,10.41
TEWKESBURY,E07000083,Tewkesbury,2015,227000,257269,27500,2050000,1785,23468,29607,30,9.67
TEWKESBURY,E07000083,Tewkesbury,2016,240000,272599,36250,1780000,1920,23321,27432,30,10.29
TEWKESBURY,E07000083,Tewkesbury,2017,257250,288367,61000,1800000,1926,23186,27651,28,11.1
TEWKESBURY,E07000083,Tewkesbury,2018,269995,301278,60000,2440000,1983,,,,
TEWKESBURY,E07000083,Tewkesbury,2019,270000,311587,60000,2050000,1739,24721,28551,30,10.92
TEWKESBURY,E07000083,Tewkesbury,2020,289975,331364,59000,2400000,1550,26585,28933,29,10.91
TEWKESBURY,E07000083,Tewkesbury,2021,300000,343996,60000,4720000,2179,28308,29495,32,10.6
TEWKESBURY,E07000083,Tewkesbury,2022,316995,354081,62000,3500000,1907,,,31,
TEWKESBURY,E07000083,Tewkesbury,2023,328995,374425,66000,3550000,1587,28305,33615,36,11.62
TEWKESBURY,E07000083,Tewkesbury,2024,324000,371471,60000,3031500,1764,30079,36316,39,10.77
TEWKESBURY,E07000083,Tewkesbury,2025,335000,378158,60000,2150000,1789,31603,36653,38,10.6
THANET,E07000114,Thanet,2015,180000,203720,22000,1225000,2941,17518,21263,39,10.28
THANET,E07000114,Thanet,2016,202500,227138,39999,1450000,2907,18476,23111,43,10.96
THANET,E07000114,Thanet,2017,220000,240881,45000,1400000,2932,18111,22387,39,12.15
THANET,E07000114,Thanet,2018,237997.5,258862,47000,1300000,2428,18880,22388,42,12.61
THANET,E07000114,Thanet,2019,237250,265218,45000,1900000,2244,21064,24905,41,11.26
THANET,E07000114,Thanet,2020,256500,286855,47000,1500000,2060,22603,26615,41,11.35
THANET,E07000114,Thanet,2021,285000,319786,45000,2000000,3312,22730,26701,43,12.54
THANET,E07000114,Thanet,2022,300250,335800,48000,1975000,2516,24652,29652,44,12.18
THANET,E07000114,Thanet,2023,307500,336961,45000,1600000,1732,27235,30654,43,11.29
THANET,E07000114,Thanet,2024,290000,313951,50000,2875000,1939,28101,33492,41,10.32
THANET,E07000114,Thanet,2025,295000,329918,45000,2350000,2147,28323,35816,41,10.42
THE VALE OF GLAMORGAN,W06000014,Vale of Glamorgan / Bro Morgannwg,2015,189000,228386,30000,1460000,2307,22629,28044,40,8.35
THE VALE OF GLAMORGAN,W06000014,Vale of Glamorgan / Bro Morgannwg,2016,195000,233102,32500,1650000,2517,24566,30340,38,7.94
THE VALE OF GLAMORGAN,W06000014,Vale of Glamorgan / Bro Morgannwg,2017,213500,252144,39999,1457655,2456,24537,30284,40,8.7
THE VALE OF GLAMORGAN,W06000014,Vale of Glamorgan / Bro Morgannwg,2018,219995,258268,71000,1325000,2388,22774,30443,42,9.66
THE VALE OF GLAMORGAN,W06000014,Vale of Glamorgan / Bro Morgannwg,2019,220000,256650,70000,1500000,2503,25174,31734,41,8.74
THE VALE OF GLAMORGAN,W06000014,Vale of Glamorgan / Bro Morgannwg,2020,235000,274454,70000,1750000,1993,24922,30471,43,9.43
THE VALE OF GLAMORGAN,W06000014,Vale of Glamorgan / Bro Morgannwg,2021,255000,305741,56000,2200000,2765,26121,29462,44,9.76
THE VALE OF GLAMORGAN,W06000014,Vale of Glamorgan / Bro Morgannwg,2022,290000,337046,55000,1650000,2241,26213,29599,41,11.06
THE VALE OF GLAMORGAN,W06000014,Vale of Glamorgan / Bro Morgannwg,2023,278000,337148,70000,2950000,1670,28344,33603,41,9.81
THE VALE OF GLAMORGAN,W06000014,Vale of Glamorgan / Bro Morgannwg,2024,279000,325822,60000,2100000,1765,32675,37600,43,8.54
THE VALE OF GLAMORGAN,W06000014,Vale of Glamorgan / Bro Morgannwg,2025,285000,346974,75000,2736500,2004,31410,40189,50,9.07
THREE RIVERS,E07000102,Three Rivers,2015,420000,506842,100000,5000000,1448,26369,31629,33,15.93
THREE RIVERS,E07000102,Three Rivers,2016,455000,544655,129950,2800000,1241,26383,38878,28,17.25
THREE RIVERS,E07000102,Three Rivers,2017,465000,554900,140000,3920000,1173,27939,,28,16.64
THREE RIVERS,E07000102,Three Rivers,2018,470000,578349,114000,7300000,1157,27997,44711,30,16.79
THREE RIVERS,E07000102,Three Rivers,2019,465000,550808,125000,3420000,1179,27844,36254,28,16.7
THREE RIVERS,E07000102,Three Rivers,2020,480000,577077,128643,3200000,1086,30489,43818,33,15.74
THREE RIVERS,E07000102,Three Rivers,2021,500000,623196,115000,5100000,1538,29266,38721,35,17.08
THREE RIVERS,E07000102,Three Rivers,2022,547250,683956,112000,6000000,1216,33062,43678,33,16.55
THREE RIVERS,E07000102,Three Rivers,2023,530000,651918,115000,3400000,951,34371,47664,29,15.42
THREE RIVERS,E07000102,Three Rivers,2024,539500,663028,120000,5595000,1138,39371,48835,29,13.7
THREE RIVERS,E07000102,Three Rivers,2025,550000,667337,130000,4600000,1166,39615,57263,34,13.88
THURROCK,E06000034,Thurrock UA,2015,225000,229426,30000,980000,2780,24190,27433,51,9.3
THURROCK,E06000034,Thurrock,2016,260000,266559,75000,795000,3112,24788,27233,54,10.49
THURROCK,E06000034,Thurrock,2017,275000,287568,75000,930000,2714,25366,28943,55,10.84
THURROCK,E06000034,Thurrock,2018,285000,296312,74000,1600000,2468,24848,28130,56,11.47
THURROCK,E06000034,Thurrock,2019,282000,292281,78750,1230000,2349,26931,30713,58,10.47
THURROCK,E06000034,Thurrock UA,2020,305000,317285,77000,1833000,2083,28561,31512,58,10.68
THURROCK,E06000034,Thurrock UA,2021,320000,339833,77000,1975000,2914,29390,33358,57,10.89
THURROCK,E06000034,Thurrock UA,2022,340000,349905,75000,1900000,2312,30820,34338,55,11.03
THURROCK,E06000034,Thurrock UA,2023,347000,353950,74000,1540000,1577,31959,37533,55,10.86
THURROCK,E06000034,Thurrock UA,2024,350000,356479,74000,1250000,1801,35318,40230,59,9.91
THURROCK,E06000034,Thurrock UA,2025,355000,366011,77000,1950000,2090,36407,42547,59,9.75
TONBRIDGE AND MALLING,E07000115,Tonbridge and Malling,2015,295000,348519,43750,2800000,2413,27124,36260,43,10.88
TONBRIDGE AND MALLING,E07000115,Tonbridge and Malling,2016,325000,369935,53750,1935000,2501,27160,35438,43,11.97
TONBRIDGE AND MALLING,E07000115,Tonbridge and Malling,2017,343000,390803,57500,3750000,2405,,36587,50,
TONBRIDGE AND MALLING,E07000115,Tonbridge and Malling,2018,350000,393509,58750,2625000,2183,27587,36707,48,12.69
TONBRIDGE AND MALLING,E07000115,Tonbridge and Malling,2019,350000,390680,60000,2800000,2091,29633,40707,47,11.81
TONBRIDGE AND MALLING,E07000115,Tonbridge and Malling,2020,364995,414022,58750,2152500,2039,29876,39933,48,12.22
TONBRIDGE AND MALLING,E07000115,Tonbridge and Malling,2021,375000,435256,58750,2380000,3083,31218,38925,55,12.01
TONBRIDGE AND MALLING,E07000115,Tonbridge and Malling,2022,416000,466188,58750,3100000,2300,32444,37867,52,12.82
TONBRIDGE AND MALLING,E07000115,Tonbridge and Malling,2023,409995,461894,58125,5200000,1637,31558,39952,48,12.99
TONBRIDGE AND MALLING,E07000115,Tonbridge and Malling,2024,410000,464945,60000,3000000,1932,32641,41291,50,12.56
TONBRIDGE AND MALLING,E07000115,Tonbridge and Malling,2025,417500,470877,45000,3500000,2069,35106,47335,51,11.89
TORBAY,E06000027,Torbay UA,2015,177000,203332,25000,1260000,2993,18185,20088,45,9.73
TORBAY,E06000027,Torbay,2016,183000,209329,31250,1699000,2949,18763,20461,40,9.75
TORBAY,E06000027,Torbay,2017,192500,220287,33250,1900000,3119,19574,21500,44,9.83
TORBAY,E06000027,Torbay,2018,195000,221309,33250,1900000,2806,19054,21710,40,10.23
TORBAY,E06000027,Torbay,2019,199950,227696,35000,2250000,2665,20602,23282,44,9.71
TORBAY,E06000027,Torbay UA,2020,210000,242064,36800,1625000,2172,21336,23258,43,9.84
TORBAY,E06000027,Torbay UA,2021,235000,268852,35525,2900000,3364,23293,24889,50,10.09
TORBAY,E06000027,Torbay UA,2022,250000,286283,35000,2920000,2616,23212,25612,47,10.77
TORBAY,E06000027,Torbay UA,2023,250750,291233,45000,1500000,1800,25265,28249,44,9.92
TORBAY,E06000027,Torbay UA,2024,250000,280505,43000,2125000,2058,26577,29988,48,9.41
TORBAY,E06000027,Torbay UA,2025,249975,278003,39000,1700000,2070,28963,33069,47,8.63
TORFAEN,W06000020,Torfaen / Torfaen,2015,122500,141156,25000,575000,1043,21227,23203,34,5.77
TORFAEN,W06000020,Torfaen / Torfaen,2016,128750,147761,19200,705000,1130,21758,24460,36,5.92
TORFAEN,W06000020,Torfaen / Torfaen,2017,135000,154123,35000,575000,1376,22972,25155,34,5.88
TORFAEN,W06000020,Torfaen / Torfaen,2018,147500,171481,30000,620000,1529,23542,25755,31,6.27
TORFAEN,W06000020,Torfaen / Torfaen,2019,155000,175124,35000,520000,1382,23386,26391,33,6.63
TORFAEN,W06000020,Torfaen / Torfaen,2020,160000,184560,45000,693000,1058,25659,28761,32,6.24
TORFAEN,W06000020,Torfaen / Torfaen,2021,175000,199321,40000,1100000,1531,23370,27788,31,7.49
TORFAEN,W06000020,Torfaen / Torfaen,2022,180750,210450,52050,827000,1356,26302,29239,31,6.87
TORFAEN,W06000020,Torfaen / Torfaen,2023,185750,216336,47270,751000,1096,26635,28505,31,6.97
TORFAEN,W06000020,Torfaen / Torfaen,2024,195000,220530,43000,730000,1042,29146,32193,32,6.69
TORFAEN,W06000020,Torfaen / Torfaen,2025,200000,223805,35000,850000,1132,33201,43147,40,6.02
TORRIDGE,E07000046,Torridge,2015,199950,222910,40000,995000,1460,17204,21201,23,11.62
TORRIDGE,E07000046,Torridge,2016,200000,222635,59000,925000,1491,19146,21343,22,10.45
TORRIDGE,E07000046,Torridge,2017,210000,233356,50000,800000,1409,20740,23292,20,10.13
TORRIDGE,E07000046,Torridge,2018,218000,237828,53550,850000,1333,20667,22622,21,10.55
TORRIDGE,E07000046,Torridge,2019,224950,246570,48000,815000,1230,20942,,22,10.74
TORRIDGE,E07000046,Torridge,2020,240000,271099,66000,1300000,1161,22313,26838,23,10.76
TORRIDGE,E07000046,Torridge,2021,265000,300622,47500,1700000,1611,,23447,27,
TORRIDGE,E07000046,Torridge,2022,300000,335975,32000,2000000,1201,22263,24587,25,13.48
TORRIDGE,E07000046,Torridge,2023,293000,334920,52000,1370000,1091,,,,
TORRIDGE,E07000046,Torridge,2024,280000,312842,45000,1495000,1140,28028,27655,26,9.99
TORRIDGE,E07000046,Torridge,2025,280000,309031,54950,1530000,1181,28752,30037,24,9.74
TOWER HAMLETS,E09000030,Tower Hamlets,2015,425000,483778,65000,5300000,4083,29552,39136,80,14.38
TOWER HAMLETS,E09000030,Tower Hamlets,2016,470000,524751,67500,5058500,4572,30824,39222,84,15.25
TOWER HAMLETS,E09000030,Tower Hamlets,2017,490000,552930,81250,4420000,3476,32554,44120,91,15.05
TOWER HAMLETS,E09000030,Tower Hamlets,2018,480000,548816,91250,3900000,3165,32389,45798,90,14.82
TOWER HAMLETS,E09000030,Tower Hamlets,2019,500000,557462,91250,3248250,3233,38000,50651,102,13.16
TOWER HAMLETS,E09000030,Tower Hamlets,2020,533763,592771,92500,3999950,3305,35788,48181,88,14.91
TOWER HAMLETS,E09000030,Tower Hamlets,2021,570720,637790,92747,6000000,4737,35949,45076,101,15.88
TOWER HAMLETS,E09000030,Tower Hamlets,2022,515000,628262,96250,6280000,3909,36436,46840,92,14.13
TOWER HAMLETS,E09000030,Tower Hamlets,2023,509000,580872,91500,4120000,2562,41493,53875,93,12.27
TOWER HAMLETS,E09000030,Tower Hamlets,2024,515000,597597,92500,8325000,2978,40204,52598,103,12.81
TOWER HAMLETS,E09000030,Tower Hamlets,2025,500000,599334,91973,4950000,2685,45183,60317,106,11.07
TRAFFORD,E08000009,Trafford,2015,220625,273657,10000,3500000,3892,24762,30943,86,8.91
TRAFFORD,E08000009,Trafford,2016,238000,296577,3020,3000000,3920,26635,33985,82,8.94
TRAFFORD,E08000009,Trafford,2017,250000,318054,43750,6800000,3746,26167,33193,77,9.55
TRAFFORD,E08000009,Trafford,2018,262500,324423,49000,5250000,3750,28566,36338,81,9.19
TRAFFORD,E08000009,Trafford,2019,271000,331237,850,4325000,3482,28757,35967,77,9.42
TRAFFORD,E08000009,Trafford,2020,297000,359832,44819,4640000,3058,27069,35910,80,10.97
TRAFFORD,E08000009,Trafford,2021,301000,376483,50000,5500000,4818,27882,35187,81,10.8
TRAFFORD,E08000009,Trafford,2022,340000,422588,5000,6000000,3345,30428,35976,79,11.17
TRAFFORD,E08000009,Trafford,2023,335050,415226,57000,7000000,2887,31459,37701,87,10.65
TRAFFORD,E08000009,Trafford,2024,356000,425246,60000,3804900,3107,33783,41610,89,10.54
TRAFFORD,E08000009,Trafford,2025,370495,443572,850,5472000,3157,35593,42461,100,10.41
TUNBRIDGE WELLS,E07000116,Tunbridge Wells,2015,316000,405563,58750,9382500,2153,,37802,37,
TUNBRIDGE WELLS,E07000116,Tunbridge Wells,2016,332750,429097,55000,3690000,1978,,34410,43,
TUNBRIDGE WELLS,E07000116,Tunbridge Wells,2017,363000,458996,82500,2950000,1834,27624,36265,41,13.14
TUNBRIDGE WELLS,E07000116,Tunbridge Wells,2018,375000,470998,90000,3950000,1764,29912,36271,41,12.54
TUNBRIDGE WELLS,E07000116,Tunbridge Wells,2019,380000,470538,84000,2895000,1790,30453,38908,38,12.48
TUNBRIDGE WELLS,E07000116,Tunbridge Wells,2020,405000,500411,90000,3650000,1732,30442,49394,41,13.3
TUNBRIDGE WELLS,E07000116,Tunbridge Wells,2021,430000,529298,84000,4200000,2715,32352,,40,13.29
TUNBRIDGE WELLS,E07000116,Tunbridge Wells,2022,465000,564790,84000,4825000,2269,30203,39727,40,15.4
TUNBRIDGE WELLS,E07000116,Tunbridge Wells,2023,456750,559476,73750,4600000,1642,32120,46450,37,14.22
TUNBRIDGE WELLS,E07000116,Tunbridge Wells,2024,425000,529705,84000,6500000,1725,37335,49007,39,11.38
TUNBRIDGE WELLS,E07000116,Tunbridge Wells,2025,445000,554349,85500,7450000,1766,35319,55601,39,12.6
UTTLESFORD,E07000077,Uttlesford,2015,341071.5,390212,36000,1575000,1744,25213,34730,31,13.53
UTTLESFORD,E07000077,Uttlesford,2016,370000,426032,69000,2300000,1723,28964,41848,28,12.77
UTTLESFORD,E07000077,Uttlesford,2017,393995,440974,88500,3000000,1650,28339,42312,26,13.9
UTTLESFORD,E07000077,Uttlesford,2018,420000,464738,90000,4750000,1665,30819,43669,27,13.63
UTTLESFORD,E07000077,Uttlesford,2019,407250,460152,87500,2550000,1432,,40712,29,
UTTLESFORD,E07000077,Uttlesford,2020,437497.5,487060,91000,2150000,1248,28995,39512,35,15.09
UTTLESFORD,E07000077,Uttlesford,2021,440000,509186,86000,6600000,1969,26736,35104,32,16.46
UTTLESFORD,E07000077,Uttlesford,2022,480000,555632,95000,3750000,1489,,,,
UTTLESFORD,E07000077,Uttlesford,2023,457500,529540,94000,2995000,1149,,44753,26,
UTTLESFORD,E07000077,Uttlesford,2024,460000,525781,95000,3150000,1481,36210,48321,30,12.7
UTTLESFORD,E07000077,Uttlesford,2025,475000,543243,92000,3150000,1589,41006,,34,11.58
VALE OF WHITE HORSE,E07000180,Vale of White Horse,2015,310000,361257,46250,4500000,2437,,30395,52,
VALE OF WHITE HORSE,E07000180,Vale of White Horse,2016,330000,378571,45625,3100000,2427,28877,34113,51,11.43
VALE OF WHITE HORSE,E07000180,Vale of White Horse,2017,345000,384191,58500,3950000,2557,29913,34511,51,11.53
VALE OF WHITE HORSE,E07000180,Vale of White Horse,2018,349995,391965,76000,4000000,2540,30398,35462,49,11.51
VALE OF WHITE HORSE,E07000180,Vale of White Horse,2019,340000,387062,66250,3600000,2467,30598,37262,52,11.11
VALE OF WHITE HORSE,E07000180,Vale of White Horse,2020,355000,413080,67500,2962500,2385,31502,37625,56,11.27
VALE OF WHITE HORSE,E07000180,Vale of White Horse,2021,375130,436507,49950,4950000,3164,32099,37016,64,11.69
VALE OF WHITE HORSE,E07000180,Vale of White Horse,2022,398000,455413,55000,4750000,2793,34607,39074,59,11.5
VALE OF WHITE HORSE,E07000180,Vale of White Horse,2023,392500,456592,70000,7500000,2111,35215,38824,59,11.15
VALE OF WHITE HORSE,E07000180,Vale of White Horse,2024,400000,448268,64000,3700000,2325,38244,42397,63,10.46
VALE OF WHITE HORSE,E07000180,Vale of White Horse,2025,400000,449553,70000,2645000,2398,38859,46710,65,10.29
WAKEFIELD,E08000036,Wakefield,2015,130000,152289,16000,1100000,5072,19791,22875,119,6.57
WAKEFIELD,E08000036,Wakefield,2016,139995,158148,25000,1200000,5690,20782,23011,119,6.74
WAKEFIELD,E08000036,Wakefield,2017,145762.5,167246,35000,890000,5808,21089,24118,116,6.91
WAKEFIELD,E08000036,Wakefield,2018,153997.5,173537,35000,1804000,5744,21027,24190,123,7.32
WAKEFIELD,E08000036,Wakefield,2019,158000,176365,35000,2000000,5574,22470,25556,117,7.03
WAKEFIELD,E08000036,Wakefield,2020,162500,184769,35000,2225000,4709,22182,26523,116,7.33
WAKEFIELD,E08000036,Wakefield,2021,180000,203669,37500,1400000,6697,23389,27471,123,7.7
WAKEFIELD,E08000036,Wakefield,2022,193000,213721,27000,2500000,5811,24832,28928,119,7.77
WAKEFIELD,E08000036,Wakefield,2023,190000,217533,35000,9000000,4190,26103,29388,120,7.28
WAKEFIELD,E08000036,Wakefield,2024,198000,221567,35000,2270000,4573,29087,32347,124,6.81
WAKEFIELD,E08000036,Wakefield,2025,205000,231132,35000,1875000,4756,29954,32083,138,6.84
WALSALL,E08000030,Walsall,2015,135000,157387,31000,1125000,3197,19401,21932,86,6.96
WALSALL,E08000030,Walsall,2016,140000,163751,30000,1000000,3355,19417,21812,82,7.21
WALSALL,E08000030,Walsall,2017,149950,176245,7400,1450000,3472,19941,22425,78,7.52
WALSALL,E08000030,Walsall,2018,156000,185066,40000,1850000,3350,20693,22988,84,7.54
WALSALL,E08000030,Walsall,2019,157000,184973,6000,1350000,3167,22021,23952,83,7.13
WALSALL,E08000030,Walsall,2020,165000,194002,12500,1475000,2727,23819,25835,78,6.93
WALSALL,E08000030,Walsall,2021,189972.5,220116,15000,1530000,3576,23009,26781,81,8.26
WALSALL,E08000030,Walsall,2022,200000,228225,41000,1325000,3106,23626,26203,82,8.47
WALSALL,E08000030,Walsall,2023,209950,235410,50000,1950000,2604,26326,,85,7.98
WALSALL,E08000030,Walsall,2024,215000,237367,40500,1200000,2632,28056,32067,80,7.66
WALSALL,E08000030,Walsall,2025,227500,248540,40000,1385000,2874,29112,32610,94,7.81
WALTHAM FOREST,E09000031,Waltham Forest,2015,371975,384372,60000,1275000,3398,25620,28051,83,14.52
WALTHAM FOREST,E09000031,Waltham Forest,2016,422250,432143,30000,1246700,3032,26043,29434,80,16.21
WALTHAM FOREST,E09000031,Waltham Forest,2017,445000,459831,15000,2000000,2762,26343,31531,84,16.89
WALTHAM FOREST,E09000031,Waltham Forest,2018,450000,467075,35000,2850000,2850,28630,32167,85,15.72
WALTHAM FOREST,E09000031,Waltham Forest,2019,455000,472112,106750,1280000,2791,29300,34831,83,15.53
WALTHAM FOREST,E09000031,Waltham Forest,2020,467500,489664,108000,1475000,2406,32397,37827,83,14.43
WALTHAM FOREST,E09000031,Waltham Forest,2021,491500,517501,110000,2100000,3871,31996,36836,89,15.36
WALTHAM FOREST,E09000031,Waltham Forest,2022,506000,536577,108000,1600000,3087,34833,39443,81,14.53
WALTHAM FOREST,E09000031,Waltham Forest,2023,507000,537072,106000,1905000,2513,34407,41214,82,14.74
WALTHAM FOREST,E09000031,Waltham Forest,2024,520000,550630,106000,1830000,2779,38093,43508,85,13.65
WALTHAM FOREST,E09000031,Waltham Forest,2025,540000,572254,108000,3615000,2946,37971,45514,90,14.22
WANDSWORTH,E09000032,Wandsworth,2015,560000,687526,58500,10700000,5892,35761,49132,111,15.66
WANDSWORTH,E09000032,Wandsworth,2016,644000,776002,39992,15000000,5554,36538,52804,113,17.63
WANDSWORTH,E09000032,Wandsworth,2017,650000,800841,10000,11510000,5034,36590,53639,118,17.76
WANDSWORTH,E09000032,Wandsworth,2018,620000,774993,112500,9250000,4700,38216,57605,115,16.22
WANDSWORTH,E09000032,Wandsworth,2019,625000,761862,108000,13000000,4558,39086,55523,106,15.99
WANDSWORTH,E09000032,Wandsworth,2020,655605.5,816038,108000,11370000,4344,41895,57345,109,15.65
WANDSWORTH,E09000032,Wandsworth,2021,650000,826131,111250,9900000,6328,37929,59152,119,17.14
WANDSWORTH,E09000032,Wandsworth,2022,702500,894871,110000,12382860,6043,42707,65458,100,16.45
WANDSWORTH,E09000032,Wandsworth,2023,665000,892683,112500,17460000,4570,45002,61970,97,14.78
WANDSWORTH,E09000032,Wandsworth,2024,650000,843574,111250,7750000,5011,44854,62629,105,14.49
WANDSWORTH,E09000032,Wandsworth,2025,650000,833604,1,13200000,4984,49310,81801,107,13.18
WARRINGTON,E06000007,Warrington UA,2015,165000,200355,21000,1665100,3347,23068,27330,80,7.15
WARRINGTON,E06000007,Warrington,2016,169950,206405,38000,1650000,3405,23932,28850,81,7.1
WARRINGTON,E06000007,Warrington,2017,178000,214214,20000,1675000,3166,24672,28672,78,7.21
WARRINGTON,E06000007,Warrington,2018,184000,219967,37500,1470000,3067,25373,29842,76,7.25
WARRINGTON,E06000007,Warrington,2019,192000,230494,525,1450000,3144,25180,30672,84,7.63
WARRINGTON,E06000007,Warrington UA,2020,212000,251811,54000,1900000,2935,24536,29259,76,8.64
WARRINGTON,E06000007,Warrington UA,2021,237250,272480,51500,1600000,4010,26020,30617,90,9.12
WARRINGTON,E06000007,Warrington UA,2022,250000,288619,52000,2350000,3348,27769,32836,75,9.0
WARRINGTON,E06000007,Warrington UA,2023,258000,297316,53000,2700000,2652,30191,35907,86,8.55
WARRINGTON,E06000007,Warrington UA,2024,250000,290440,57500,1885000,2675,32446,39684,82,7.71
WARRINGTON,E06000007,Warrington UA,2025,258000,303472,51000,2700000,3028,34144,41073,81,7.56
WARWICK,E07000222,Warwick,2015,260000,299289,57500,2612500,2715,25370,32370,61,10.25
WARWICK,E07000222,Warwick,2016,280000,328341,70000,2383000,2587,27820,34397,56,10.06
WARWICK,E07000222,Warwick,2017,290000,338911,68500,1770000,2724,28202,35318,57,10.28
WARWICK,E07000222,Warwick,2018,305000,363547,51250,3950000,2542,27725,36839,54,11.0
WARWICK,E07000222,Warwick,2019,305000,359165,80000,2000000,2381,27983,36155,56,10.9
WARWICK,E07000222,Warwick,2020,325000,380715,84500,2500000,2061,30454,36981,54,10.67
WARWICK,E07000222,Warwick,2021,335000,389935,61250,2800000,3264,30002,37946,63,11.17
WARWICK,E07000222,Warwick,2022,345750,402229,80000,3900000,2551,29942,38516,59,11.55
WARWICK,E07000222,Warwick,2023,360000,413432,79000,6213700,2217,34731,40716,55,10.37
WARWICK,E07000222,Warwick,2024,360000,419528,79950,3350000,2440,35986,44332,53,10.0
WARWICK,E07000222,Warwick,2025,360000,413219,78500,3338550,2477,39797,49679,60,9.05
WATFORD,E07000103,Watford,2015,301150,340152,82500,1650000,1631,27999,32929,38,10.76
WATFORD,E07000103,Watford,2016,344500,380993,57500,1730000,1406,28243,33180,35,12.2
WATFORD,E07000103,Watford,2017,365000,403258,100000,1700000,1177,29884,35463,35,12.21
WATFORD,E07000103,Watford,2018,365000,409809,90000,1500000,1136,27452,32829,34,13.3
WATFORD,E07000103,Watford,2019,366000,406650,93000,1720000,1146,27975,32558,35,13.08
WATFORD,E07000103,Watford,2020,378500,417515,93000,1565000,914,29711,36891,34,12.74
WATFORD,E07000103,Watford,2021,390000,428142,90000,1810000,1559,28835,32885,41,13.53
WATFORD,E07000103,Watford,2022,400000,433712,93000,1803000,1480,30013,37085,31,13.33
WATFORD,E07000103,Watford,2023,389950,428761,86875,1851000,1061,33976,42510,36,11.48
WATFORD,E07000103,Watford,2024,420000,461285,87500,2500000,1154,34931,46454,35,12.02
WATFORD,E07000103,Watford,2025,420000,456184,87500,1600000,1065,37172,50172,39,11.3
WAVENEY,E07000206,Waveney,2015,162000,192094,29000,1922550,2012,18199,20867,38,8.9
WAVENEY,E07000206,Waveney,2016,168000,195150,31500,1050000,2166,18183,20530,35,9.24
WAVENEY,E07000206,Waveney,2017,185000,216080,59000,1700000,2085,18444,20900,36,10.03
WAVERLEY,E07000216,Waverley,2015,400750,494019,72000,5525000,2302,28712,39993,42,13.96
WAVERLEY,E07000216,Waverley,2016,430000,523181,85000,4575000,1997,30704,41851,46,14.0
WAVERLEY,E07000216,Waverley,2017,435000,549708,78750,4750000,1987,30231,44664,43,14.39
WAVERLEY,E07000216,Waverley,2018,485975,573459,84000,3900000,1884,30785,44350,44,15.79
WAVERLEY,E07000216,Waverley,2019,460000,554141,78000,3350000,1926,31962,43050,44,14.39
WAVERLEY,E07000216,Waverley,2020,500000,614082,82500,4000000,2028,30402,45377,49,16.45
WAVERLEY,E07000216,Waverley,2021,519500,643403,84000,24600000,2846,30305,40941,49,17.14
WAVERLEY,E07000216,Waverley,2022,545500,669062,90000,8500000,2370,34939,47561,45,15.61
WAVERLEY,E07000216,Waverley,2023,575000,670375,78750,8650000,1845,37382,52657,42,15.38
WAVERLEY,E07000216,Waverley,2024,548475,634316,78750,4075000,1918,43842,54984,42,12.51
WAVERLEY,E07000216,Waverley,2025,555000,694542,78500,8000000,2030,42326,63557,49,13.11
WEALDEN,E07000065,Wealden,2015,275000,329698,52900,2750000,2916,23230,30873,48,11.84
WEALDEN,E07000065,Wealden,2016,294995,353228,65000,3950000,2925,23081,31119,52,12.78
WEALDEN,E07000065,Wealden,2017,310000,368678,58000,2400000,2779,23157,29378,46,13.39
WEALDEN,E07000065,Wealden,2018,319950,380871,55000,2550000,2819,,28785,47,
WEALDEN,E07000065,Wealden,2019,315000,372372,66000,1990000,2676,23988,30868,48,13.13
WEALDEN,E07000065,Wealden,2020,345000,423116,56000,4850000,2673,26103,32097,51,13.22
WEALDEN,E07000065,Wealden,2021,368500,453501,57750,3850000,4088,24498,30119,59,15.04
WEALDEN,E07000065,Wealden,2022,395000,489838,57500,3590000,2967,25605,32194,51,15.43
WEALDEN,E07000065,Wealden,2023,385000,472162,64000,5020000,2256,26630,31997,51,14.46
WEALDEN,E07000065,Wealden,2024,385000,455280,55000,4750000,2619,31002,37462,56,12.42
WEALDEN,E07000065,Wealden,2025,380000,452348,58000,3643940,2656,33376,43375,57,11.39
WELLINGBOROUGH,E07000156,Wellingborough,2015,165000,192367,45000,1090000,1323,20810,28029,30,7.93
WELLINGBOROUGH,E07000156,Wellingborough,2016,169995,198358,46000,1200000,1288,21170,28901,27,8.03
WELLINGBOROUGH,E07000156,Wellingborough,2017,191500,220838,42000,1665000,1296,20413,25517,27,9.38
WELLINGBOROUGH,E07000156,Wellingborough,2018,210000,243595,43500,1292500,1266,21095,23647,27,9.95
WELLINGBOROUGH,E07000156,Wellingborough,2019,210000,245970,47500,1650000,1070,21722,26335,29,9.67
WELWYN HATFIELD,E07000241,Welwyn Hatfield,2015,305000,378505,44000,6300000,1675,24173,27813,40,12.62
WELWYN HATFIELD,E07000241,Welwyn Hatfield,2016,366500,449476,80000,4750000,1594,25479,31170,38,14.38
WELWYN HATFIELD,E07000241,Welwyn Hatfield,2017,370000,447536,533,2750000,1529,28652,31697,38,12.91
WELWYN HATFIELD,E07000241,Welwyn Hatfield,2018,370000,457211,88900,3850000,1383,26610,31020,40,13.9
WELWYN HATFIELD,E07000241,Welwyn Hatfield,2019,370000,456992,86625,3200000,1263,27476,32127,38,13.47
WELWYN HATFIELD,E07000241,Welwyn Hatfield,2020,392500,477951,97500,4500000,1282,28420,34621,31,13.81
WELWYN HATFIELD,E07000241,Welwyn Hatfield,2021,415000,501562,79375,5200000,1805,28000,32189,41,14.82
WELWYN HATFIELD,E07000241,Welwyn Hatfield,2022,426000,520488,80500,6000000,1513,,33906,33,
WELWYN HATFIELD,E07000241,Welwyn Hatfield,2023,430000,535789,80000,3700000,1029,34460,35387,38,12.48
WELWYN HATFIELD,E07000241,Welwyn Hatfield,2024,431795,525181,80000,5170000,1191,36249,40459,40,11.91
WELWYN HATFIELD,E07000241,Welwyn Hatfield,2025,430949.5,526551,80000,6300000,1334,37805,45438,42,11.4
WEST BERKSHIRE,E06000037,West Berkshire UA,2015,299950,353905,28000,2100000,2751,27001,32213,61,11.11
WEST BERKSHIRE,E06000037,West Berkshire,2016,330000,384861,59950,4450000,2439,28347,35543,66,11.64
WEST BERKSHIRE,E06000037,West Berkshire,2017,339950,395260,80000,4000000,2445,27586,33972,62,12.32
WEST BERKSHIRE,E06000037,West Berkshire,2018,346000,413247,80000,9000000,2327,27628,35730,63,12.52
WEST BERKSHIRE,E06000037,West Berkshire,2019,345000,411962,78000,3150000,2105,29176,38350,65,11.82
WEST BERKSHIRE,E06000037,West Berkshire UA,2020,360000,424758,82000,2600000,1968,28098,34961,70,12.81
WEST BERKSHIRE,E06000037,West Berkshire UA,2021,375000,438760,82500,3200000,3213,31009,39736,68,12.09
WEST BERKSHIRE,E06000037,West Berkshire UA,2022,396500,464882,86000,7000000,2582,,36123,65,
WEST BERKSHIRE,E06000037,West Berkshire UA,2023,405000,468033,82500,3650000,1932,33930,40325,64,11.94
WEST BERKSHIRE,E06000037,West Berkshire UA,2024,392500,471585,78000,4300000,2181,36718,49792,60,10.69
WEST BERKSHIRE,E06000037,West Berkshire UA,2025,400000,473134,85000,7300000,2409,38513,46287,63,10.39
WEST DEVON,E07000047,West Devon,2015,215000,250578,40000,1200000,989,19981,23128,18,10.76
WEST DEVON,E07000047,West Devon,2016,215000,249013,53500,1475000,1025,20230,23432,18,10.63
WEST DEVON,E07000047,West Devon,2017,219950,262296,69000,1150000,957,20382,23196,17,10.79
WEST DEVON,E07000047,West Devon,2018,235000,278102,60000,2175000,947,,23198,17,
WEST DEVON,E07000047,West Devon,2019,245000,282555,62500,855000,934,19919,24985,18,12.3
WEST DEVON,E07000047,West Devon,2020,270000,308587,63000,1485000,901,21015,27239,18,12.85
WEST DEVON,E07000047,West Devon,2021,295000,333099,66000,2350000,1254,19539,22841,18,15.1
WEST DEVON,E07000047,West Devon,2022,304995,354201,60000,2825000,1103,21123,22904,17,14.44
WEST DEVON,E07000047,West Devon,2023,309995,362293,60000,4900000,861,22459,25340,16,13.8
WEST DEVON,E07000047,West Devon,2024,290000,340387,60000,1500000,893,23933,26581,17,12.12
WEST DEVON,E07000047,West Devon,2025,298000,343380,60000,1400000,943,26556,31371,16,11.22
WEST DORSET,E07000052,West Dorset,2015,251500,286028,38500,1750000,2022,22433,26234,34,11.21
WEST DORSET,E07000052,West Dorset,2016,270000,301907,63000,2890000,2195,22303,25181,33,12.11
WEST DORSET,E07000052,West Dorset,2017,282500,317365,65000,1800000,2111,23174,26163,33,12.19
WEST LANCASHIRE,E07000127,West Lancashire,2015,170000,201220,9200,1300000,1388,21220,25641,38,8.01
WEST LANCASHIRE,E07000127,West Lancashire,2016,181000,212536,39000,2400000,1534,21218,26706,36,8.53
WEST LANCASHIRE,E07000127,West Lancashire,2017,180000,216065,40000,1080000,1535,22150,27852,34,8.13
WEST LANCASHIRE,E07000127,West Lancashire,2018,190000,222600,40000,1550000,1557,22664,28809,37,8.38
WEST LANCASHIRE,E07000127,West Lancashire,2019,190000,218563,40000,1050000,1646,24151,28623,39,7.87
WEST LANCASHIRE,E07000127,West Lancashire,2020,200000,233221,46000,1230000,1507,24240,29285,31,8.25
WEST LANCASHIRE,E07000127,West Lancashire,2021,212500,249746,43250,1750000,2203,22884,27827,42,9.29
WEST LANCASHIRE,E07000127,West Lancashire,2022,220000,258786,46250,3000000,1777,27152,33749,36,8.1
WEST LANCASHIRE,E07000127,West Lancashire,2023,235000,274244,1,2700000,1429,27776,32779,36,8.46
WEST LANCASHIRE,E07000127,West Lancashire,2024,241500.5,285515,42500,3350000,1628,31131,37382,39,7.76
WEST LANCASHIRE,E07000127,West Lancashire,2025,245000,280376,50000,3300000,1648,31884,38066,41,7.68
WEST LINDSEY,E07000142,West Lindsey,2015,150500,175425,22000,965000,1686,20963,25281,29,7.18
WEST LINDSEY,E07000142,West Lindsey,2016,155750,177374,25000,975000,1704,20628,24566,31,7.55
WEST LINDSEY,E07000142,West Lindsey,2017,170000,189348,28000,830000,1701,23453,26390,30,7.25
WEST LINDSEY,E07000142,West Lindsey,2018,176000,196652,29000,925000,1739,25097,27685,35,7.01
WEST LINDSEY,E07000142,West Lindsey,2019,179000,201289,28000,775000,1781,24455,27203,34,7.32
WEST LINDSEY,E07000142,West Lindsey,2020,200000,224962,28750,1875000,1520,26205,27611,37,7.63
WEST LINDSEY,E07000142,West Lindsey,2021,220500,247436,30000,1500000,2474,26954,29501,39,8.18
WEST LINDSEY,E07000142,West Lindsey,2022,227000,260648,30000,1400000,2051,28269,30077,35,8.03
WEST LINDSEY,E07000142,West Lindsey,2023,220000,250058,31000,1300000,1364,,31969,,
WEST LINDSEY,E07000142,West Lindsey,2024,228000,253842,30000,1200000,1505,29939,33708,39,7.62
WEST LINDSEY,E07000142,West Lindsey,2025,235000,260874,30000,1525000,1717,30741,34392,42,7.64
WEST NORTHAMPTONSHIRE,E06000062,West Northamptonshire UA,2020,284950,319976,45000,1285000,921,26301,32302,144,10.83
WEST NORTHAMPTONSHIRE,E06000062,West Northamptonshire UA,2021,275495,314701,27500,2640000,7888,26644,32299,159,10.34
WEST NORTHAMPTONSHIRE,E06000062,West Northamptonshire UA,2022,295000,331468,46000,4400000,7295,28876,34761,143,10.22
WEST NORTHAMPTONSHIRE,E06000062,West Northamptonshire UA,2023,295000,330083,44000,2500500,5482,29036,35673,151,10.16
WEST NORTHAMPTONSHIRE,E06000062,West Northamptonshire UA,2024,300000,336126,43750,3000000,6073,31707,37713,157,9.46
WEST NORTHAMPTONSHIRE,E06000062,West Northamptonshire UA,2025,300000,339286,43000,4000000,6505,33059,40558,159,9.07
WEST OXFORDSHIRE,E07000181,West Oxfordshire,2015,283500,337444,60000,4350000,1859,25309,30417,40,11.2
WEST OXFORDSHIRE,E07000181,West Oxfordshire,2016,315000,362154,70000,2800000,1816,26542,30283,37,11.87
WEST OXFORDSHIRE,E07000181,West Oxfordshire,2017,335000,385934,76000,3100000,1781,23827,28284,41,14.06
WEST OXFORDSHIRE,E07000181,West Oxfordshire,2018,340000,402203,74000,3076000,1815,25488,28948,42,13.34
WEST OXFORDSHIRE,E07000181,West Oxfordshire,2019,340000,400604,75250,4867046,1731,26739,30601,45,12.72
WEST OXFORDSHIRE,E07000181,West Oxfordshire,2020,360000,424337,74000,3900000,1865,26365,29493,53,13.65
WEST OXFORDSHIRE,E07000181,West Oxfordshire,2021,367475,445496,75250,18037700,2790,27250,29716,57,13.49
WEST OXFORDSHIRE,E07000181,West Oxfordshire,2022,395000,478933,75000,11968000,1901,,32573,49,
WEST OXFORDSHIRE,E07000181,West Oxfordshire,2023,385000,477019,75000,4000000,1601,,33754,45,
WEST OXFORDSHIRE,E07000181,West Oxfordshire,2024,378492,479982,75000,16500000,1595,32441,37699,48,11.67
WEST OXFORDSHIRE,E07000181,West Oxfordshire,2025,401000,494747,75000,4500000,1730,35388,41932,50,11.33
WEST SOMERSET,E07000191,West Somerset,2015,200000,225560,20850,1100000,658,,25159,8,
WEST SOMERSET,E07000191,West Somerset,2016,210000,238064,40000,2050000,728,,,7,
WEST SOMERSET,E07000191,West Somerset,2017,230000,255869,55000,1348000,760,,22384,7,
WEST SUFFOLK,E07000245,West Suffolk,2018,275000,318393,95000,925000,67,24585,30675,58,11.19
WEST SUFFOLK,E07000245,West Suffolk,2019,258000,291446,57750,2700000,2276,24336,30759,55,10.6
WEST SUFFOLK,E07000245,West Suffolk,2020,260000,296533,54000,1730000,2561,25440,32405,61,10.22
WEST SUFFOLK,E07000245,West Suffolk,2021,280000,320500,54000,2500000,3484,25751,32411,56,10.87
WEST SUFFOLK,E07000245,West Suffolk,2022,300000,343419,60000,3500000,3184,26994,32808,58,11.11
WEST SUFFOLK,E07000245,West Suffolk,2023,295000,337757,58500,2400000,2256,30205,34190,62,9.77
WEST SUFFOLK,E07000245,West Suffolk,2024,287750,329115,60000,2200000,2472,30720,38051,65,9.37
WEST SUFFOLK,E07000245,West Suffolk,2025,290000,335580,55000,2750000,2800,33437,41126,68,8.67
WESTMORLAND AND FURNESS,E06000064,Westmorland and Furness UA,2022,295000,327662,35000,9858750,854,26407,29573,74,11.17
WESTMORLAND AND FURNESS,E06000064,Westmorland and Furness UA,2023,249725,286973,35000,2950000,3218,29067,32199,85,8.59
WESTMORLAND AND FURNESS,E06000064,Westmorland and Furness UA,2024,241000,286834,25000,8100000,3547,33536,37192,76,7.19
WESTMORLAND AND FURNESS,E06000064,Westmorland and Furness UA,2025,240000,280469,30000,3250000,3727,33988,37928,91,7.06
WEYMOUTH AND PORTLAND,E07000053,Weymouth and Portland,2015,195000,221821,45000,830000,1240,20529,21959,23,9.5
WEYMOUTH AND PORTLAND,E07000053,Weymouth and Portland,2016,200000,225774,10000,1000000,1339,20998,22379,21,9.52
WEYMOUTH AND PORTLAND,E07000053,Weymouth and Portland,2017,207000,234484,10000,1500000,1362,19680,21214,22,10.52
WIGAN,E08000010,Wigan,2015,125000,138325,15000,840000,4343,21789,23829,115,5.74
WIGAN,E08000010,Wigan,2016,125000,140962,25000,865000,4689,21672,24267,109,5.77
WIGAN,E08000010,Wigan,2017,132000,148849,30000,825000,4959,22179,24574,108,5.95
WIGAN,E08000010,Wigan,2018,138000,155352,4200,1080000,5380,22243,25597,111,6.2
WIGAN,E08000010,Wigan,2019,147000,162765,500,650000,5186,22952,26028,113,6.4
WIGAN,E08000010,Wigan,2020,155000,173868,30000,1300000,4771,24524,27507,110,6.32
WIGAN,E08000010,Wigan,2021,167000,187662,4000,1500000,5967,25527,28737,116,6.54
WIGAN,E08000010,Wigan,2022,185000,204643,35000,1125000,5431,25261,28475,121,7.32
WIGAN,E08000010,Wigan,2023,180000,201751,750,1150000,4187,27954,30386,119,6.44
WIGAN,E08000010,Wigan,2024,190000,211335,30000,1650000,4465,30393,33947,122,6.25
WIGAN,E08000010,Wigan,2025,200000,221934,1,1490000,4672,31615,34930,130,6.33
WILTSHIRE,E06000054,Wiltshire UA,2015,231000,273849,31500,2500000,8959,21426,26834,158,10.78
WILTSHIRE,E06000054,Wiltshire,2016,245000,283750,30000,3250000,9068,21881,26320,167,11.2
WILTSHIRE,E06000054,Wiltshire,2017,265000,304430,55000,4100000,8635,23173,27630,174,11.44
WILTSHIRE,E06000054,Wiltshire,2018,272000,311975,56000,2550000,8134,23656,29483,176,11.5
WILTSHIRE,E06000054,Wiltshire,2019,275000,315034,55000,3500000,7868,23069,29632,172,11.92
WILTSHIRE,E06000054,Wiltshire UA,2020,285000,335699,55000,6495700,7068,24350,29823,185,11.7
WILTSHIRE,E06000054,Wiltshire UA,2021,300000,360571,55000,10250000,10691,24855,30438,203,12.07
WILTSHIRE,E06000054,Wiltshire UA,2022,325000,380431,51000,6000000,8698,28096,32097,177,11.57
WILTSHIRE,E06000054,Wiltshire UA,2023,322000,379052,55000,11000000,6749,29918,34690,196,10.76
WILTSHIRE,E06000054,Wiltshire UA,2024,317500,372634,50000,7270000,7454,29209,36418,191,10.87
WILTSHIRE,E06000054,Wiltshire UA,2025,323000,375245,50000,4300000,7737,31873,38222,194,10.13
WINCHESTER,E07000094,Winchester,2015,351000,432168,65000,3200000,2119,,33737,45,
WINCHESTER,E07000094,Winchester,2016,369475,448626,50000,2950000,1958,29740,36340,43,12.42
WINCHESTER,E07000094,Winchester,2017,417500,496231,90000,5300000,1820,30063,,48,13.89
WINCHESTER,E07000094,Winchester,2018,403000,495740,93000,5500000,1785,31590,,45,12.76
WINCHESTER,E07000094,Winchester,2019,415000,499517,92500,4847830,1839,28622,35698,43,14.5
WINCHESTER,E07000094,Winchester,2020,440000,549441,96500,8204250,1783,31001,36987,57,14.19
WINCHESTER,E07000094,Winchester,2021,455000,554517,90500,18500000,2815,31977,36468,54,14.23
WINCHESTER,E07000094,Winchester,2022,465000,563421,91250,6500000,2311,31589,41337,50,14.72
WINCHESTER,E07000094,Winchester,2023,460000,572901,92000,3250000,1644,,42072,53,
WINCHESTER,E07000094,Winchester,2024,465000,572416,91000,3950000,1865,37054,,50,12.55
WINCHESTER,E07000094,Winchester,2025,460000,559122,92000,8750000,1862,38352,,56,11.99
WINDSOR AND MAIDENHEAD,E06000040,Windsor and Maidenhead UA,2015,420000,527010,69000,6400000,2465,30016,44990,51,13.99
WINDSOR AND MAIDENHEAD,E06000040,Windsor and Maidenhead,2016,460000,578012,57500,5400000,2185,32188,50382,51,14.29
WINDSOR AND MAIDENHEAD,E06000040,Windsor and Maidenhead,2017,485000,613123,135000,21000000,2085,33896,42495,51,14.31
WINDSOR AND MAIDENHEAD,E06000040,Windsor and Maidenhead,2018,465000,593716,122500,6550000,1871,33253,43963,50,13.98
WINDSOR AND MAIDENHEAD,E06000040,Windsor and Maidenhead,2019,465000,580475,125000,5500000,1935,,44020,46,
WINDSOR AND MAIDENHEAD,E06000040,Windsor and Maidenhead UA,2020,496500,629658,125000,4750000,1736,34622,,54,14.34
WINDSOR AND MAIDENHEAD,E06000040,Windsor and Maidenhead UA,2021,506954,652687,87750,7125000,2835,32210,46719,65,15.74
WINDSOR AND MAIDENHEAD,E06000040,Windsor and Maidenhead UA,2022,520000,673172,122000,7300000,2417,,50444,52,
WINDSOR AND MAIDENHEAD,E06000040,Windsor and Maidenhead UA,2023,491000,644246,121500,6425000,1887,,44030,56,
WINDSOR AND MAIDENHEAD,E06000040,Windsor and Maidenhead UA,2024,530000,664342,122500,6850000,2058,37670,51305,54,14.07
WINDSOR AND MAIDENHEAD,E06000040,Windsor and Maidenhead UA,2025,545000,669289,122500,6495000,2087,37653,57666,57,14.47
WIRRAL,E08000015,Wirral,2015,145000,171842,18000,2300000,4694,22279,25956,107,6.51
WIRRAL,E08000015,Wirral,2016,150000,178700,20000,1850000,4809,22167,26316,104,6.77
WIRRAL,E08000015,Wirral,2017,157000,188956,32500,1725000,5131,22350,27119,104,7.02
WIRRAL,E08000015,Wirral,2018,160000,187504,32000,1695000,4880,22953,26766,102,6.97
WIRRAL,E08000015,Wirral,2019,166250,195209,32000,1600000,4634,24136,28965,106,6.89
WIRRAL,E08000015,Wirral,2020,172000,208730,32700,2250000,4209,24306,28490,110,7.08
WIRRAL,E08000015,Wirral,2021,195000,239213,34000,2100000,5878,24630,28089,122,7.92
WIRRAL,E08000015,Wirral,2022,200000,241898,34500,2500000,5153,27506,31157,107,7.27
WIRRAL,E08000015,Wirral,2023,205000,243569,30000,2375000,3795,29781,33084,108,6.88
WIRRAL,E08000015,Wirral,2024,213500,250138,38750,3499750,4314,31125,34467,112,6.86
WIRRAL,E08000015,Wirral,2025,220250,260196,38000,2000000,4704,32959,37206,115,6.68
WOKING,E07000217,Woking,2015,343440,428490,75000,3100000,1857,26847,36220,35,12.79
WOKING,E07000217,Woking,2016,380000,448705,60000,2750000,1756,28605,35396,39,13.28
WOKING,E07000217,Woking,2017,406000,506667,99950,3120000,1645,29966,38636,38,13.55
WOKING,E07000217,Woking,2018,390000,477891,97000,3000000,1566,28303,35379,37,13.78
WOKING,E07000217,Woking,2019,390000,483076,90000,3005000,1322,28751,37978,,13.56
WOKING,E07000217,Woking,2020,415000,504146,90000,3000000,1230,31550,40503,38,13.15
WOKING,E07000217,Woking,2021,430000,532208,90000,5350000,2034,30188,36523,43,14.24
WOKING,E07000217,Woking,2022,440000,552050,89950,4091000,1729,33925,40510,35,12.97
WOKING,E07000217,Woking,2023,452500,577513,90000,3450000,1268,35715,42789,35,12.67
WOKING,E07000217,Woking,2024,450000,546510,100000,2775000,1396,38526,50295,41,11.68
WOKING,E07000217,Woking,2025,450000,546682,75000,3350000,1472,38172,43753,42,11.79
WOKINGHAM,E06000041,Wokingham UA,2015,377975,411608,78750,2385000,3044,30375,37913,62,12.44
WOKINGHAM,E06000041,Wokingham,2016,415000,454977,114750,3000000,2801,,40040,59,
WOKINGHAM,E06000041,Wokingham,2017,422500,460925,88000,2859500,3084,30990,39319,64,13.63
WOKINGHAM,E06000041,Wokingham,2018,420000,456165,116000,3100000,3001,33716,41939,64,12.46
WOKINGHAM,E06000041,Wokingham,2019,420000,457477,115000,3200000,2872,29771,39564,67,14.11
WOKINGHAM,E06000041,Wokingham,2020,435000,471879,110000,4812500,2564,30910,39873,80,14.07
WOKINGHAM,E06000041,Wokingham,2021,450000,491463,87500,2900000,4001,33925,42308,76,13.26
WOKINGHAM,E06000041,Wokingham,2022,485000,528685,116000,5650000,3266,38870,47699,63,12.48
WOKINGHAM,E06000041,Wokingham UA,2023,490000,530856,119000,3940000,2384,,44669,70,
WOKINGHAM,E06000041,Wokingham UA,2024,490000,528994,114000,4750000,2590,40226,52064,72,12.18
WOKINGHAM,E06000041,Wokingham UA,2025,492000,547798,97200,6100000,2605,43538,57185,75,11.3
WOLVERHAMPTON,E08000031,Wolverhampton,2015,128000,147475,20000,760000,2740,20336,22948,78,6.29
WOLVERHAMPTON,E08000031,Wolverhampton,2016,134950,153213,25000,770000,3067,20182,23120,74,6.69
WOLVERHAMPTON,E08000031,Wolverhampton,2017,140000,159896,35000,1510000,3030,21179,25264,79,6.61
WOLVERHAMPTON,E08000031,Wolverhampton,2018,149995,167241,35000,990000,2921,21607,23714,77,6.94
WOLVERHAMPTON,E08000031,Wolverhampton,2019,153750,167383,32000,795000,2732,22174,24788,79,6.93
WOLVERHAMPTON,E08000031,Wolverhampton,2020,168500,185178,34500,1125000,2413,22544,25713,72,7.47
WOLVERHAMPTON,E08000031,Wolverhampton,2021,180997.5,204398,33750,1200000,3196,24283,27211,72,7.45
WOLVERHAMPTON,E08000031,Wolverhampton,2022,190000,211343,39000,1140000,2621,26230,30976,76,7.24
WOLVERHAMPTON,E08000031,Wolverhampton,2023,200000,217703,34000,1130000,2148,26537,30207,81,7.54
WOLVERHAMPTON,E08000031,Wolverhampton,2024,210000,228666,35000,1950000,2231,28959,33211,78,7.25
WOLVERHAMPTON,E08000031,Wolverhampton,2025,220000,239171,35000,1500000,2295,31308,36172,87,7.03
WORCESTER,E07000237,Worcester,2015,182000,201735,42000,849000,1752,22272,26398,43,8.17
WORCESTER,E07000237,Worcester,2016,181500,199639,45000,960000,1931,22483,28189,40,8.07
WORCESTER,E07000237,Worcester,2017,189500,212188,58000,990000,1727,24325,29541,40,7.79
WORCESTER,E07000237,Worcester,2018,197700,222586,56000,890000,1751,23889,26961,41,8.28
WORCESTER,E07000237,Worcester,2019,205500,230080,56500,1350000,1549,24542,27041,43,8.37
WORCESTER,E07000237,Worcester,2020,220000,242325,60000,800000,1360,23057,27892,45,9.54
WORCESTER,E07000237,Worcester,2021,232000,256742,55200,960000,2032,26283,30152,47,8.83
WORCESTER,E07000237,Worcester,2022,248724.5,270922,56000,1575000,1678,27607,33057,43,9.01
WORCESTER,E07000237,Worcester,2023,245000,266902,59000,1275000,1295,,34376,,
WORCESTER,E07000237,Worcester,2024,255000,277781,57500,1450000,1456,30444,34263,46,8.38
WORCESTER,E07000237,Worcester,2025,260000,283686,55000,1500000,1599,32997,38202,51,7.88
WORTHING,E07000229,Worthing,2015,246400,264602,33750,1152000,2555,22389,25831,38,11.01
WORTHING,E07000229,Worthing,2016,263000,279080,18000,1650500,2359,21057,26906,37,12.49
WORTHING,E07000229,Worthing,2017,280000,296502,70000,980000,2278,23015,28350,41,12.17
WORTHING,E07000229,Worthing,2018,295000,309327,70000,1190000,2149,23300,30228,41,12.66
WORTHING,E07000229,Worthing,2019,287000,307426,72000,940000,2153,24175,31430,42,11.87
WORTHING,E07000229,Worthing,2020,301500,327737,68000,1125000,1724,26036,29720,42,11.58
WORTHING,E07000229,Worthing,2021,325000,360469,75000,1972000,2574,26673,29879,47,12.18
WORTHING,E07000229,Worthing,2022,345000,369202,70000,1500000,2064,27080,30394,47,12.74
WORTHING,E07000229,Worthing,2023,345000,377803,70000,1500000,1722,29934,33102,42,11.53
WORTHING,E07000229,Worthing,2024,355000,383100,68250,1330000,1707,33742,36688,42,10.52
WORTHING,E07000229,Worthing,2025,350000,371934,72000,1650000,1745,32823,37267,40,10.66
WREKIN,E06000020,Telford and Wrekin UA,2015,152000,164776,19000,985000,2800,19309,23526,62,7.87
WREKIN,E06000020,Telford and Wrekin,2016,159995,173244,29000,800000,2992,20884,24338,62,7.66
WREKIN,E06000020,Telford and Wrekin,2017,163000,180519,40000,985000,2893,20687,23607,64,7.88
WREKIN,E06000020,Telford and Wrekin,2018,167500,186330,45000,1235000,2786,20919,23856,66,8.01
WREKIN,E06000020,Telford and Wrekin,2019,175950,196360,40000,885000,2933,22531,25821,66,7.81
WREKIN,E06000020,Telford and Wrekin UA,2020,189950,214792,48000,995000,2376,23520,26390,71,8.08
WREKIN,E06000020,Telford and Wrekin UA,2021,212000,236478,42000,985000,3498,23355,25296,74,9.08
WREKIN,E06000020,Telford and Wrekin UA,2022,227500,248983,29015,1500000,2904,26318,28562,69,8.64
WREKIN,E06000020,Telford and Wrekin UA,2023,227000,249743,41000,1035000,2295,28783,30464,74,7.89
WREKIN,E06000020,Telford and Wrekin UA,2024,232500,253156,44500,1055000,2493,29745,31840,74,7.82
WREKIN,E06000020,Telford and Wrekin UA,2025,233750,256953,42000,1650000,2496,31459,34296,71,7.43
WREXHAM,W06000006,Wrexham / Wrecsam,2015,141250,162874,30000,1100000,1602,21808,24405,51,6.48
WREXHAM,W06000006,Wrexham / Wrecsam,2016,143000,166660,43000,1150000,1618,20753,23829,53,6.89
WREXHAM,W06000006,Wrexham / Wrecsam,2017,147975,171486,40000,925000,1726,21764,24677,47,6.8
WREXHAM,W06000006,Wrexham / Wrecsam,2018,156000,180747,45000,935523,1713,22848,26537,53,6.83
WREXHAM,W06000006,Wrexham / Wrecsam,2019,152500,175018,45750,790000,1671,23960,26828,54,6.36
WREXHAM,W06000006,Wrexham / Wrecsam,2020,161000,187723,50000,1525000,1401,25280,27939,55,6.37
WREXHAM,W06000006,Wrexham / Wrecsam,2021,180000,211123,57000,1210000,2134,23572,25957,53,7.64
WREXHAM,W06000006,Wrexham / Wrecsam,2022,187250,222029,59000,1395000,1794,27675,30251,47,6.77
WREXHAM,W06000006,Wrexham / Wrecsam,2023,186500,214833,55000,1300000,1385,27699,30638,48,6.73
WREXHAM,W06000006,Wrexham / Wrecsam,2024,195000,219679,50000,1250000,1509,29494,32154,50,6.61
WREXHAM,W06000006,Wrexham / Wrecsam,2025,200000,232591,60000,1450000,1604,29752,32355,53,6.72
WYCHAVON,E07000238,Wychavon,2015,233000,267070,40000,2500000,2353,21346,27007,44,10.92
WYCHAVON,E07000238,Wychavon,2016,247500,284596,43000,2797800,2371,22520,26664,44,10.99
WYCHAVON,E07000238,Wychavon,2017,262000,294779,68000,2200000,2397,20561,25984,39,12.74
WYCHAVON,E07000238,Wychavon,2018,271500,304396,52000,2850000,2370,22254,28504,42,12.2
WYCHAVON,E07000238,Wychavon,2019,270250,305828,69000,1400000,2172,23868,30952,45,11.32
WYCHAVON,E07000238,Wychavon,2020,295000,333137,65000,2500000,1966,24383,28320,45,12.1
WYCHAVON,E07000238,Wychavon,2021,305000,355589,78675,2850000,2642,23139,27633,49,13.18
WYCHAVON,E07000238,Wychavon,2022,323750,373524,65000,3750000,2052,,28958,45,
WYCHAVON,E07000238,Wychavon,2023,325000,375442,64500,5250000,1678,28437,31788,51,11.43
WYCHAVON,E07000238,Wychavon,2024,330000,377713,64000,4400000,1782,30273,34243,48,10.9
WYCHAVON,E07000238,Wychavon,2025,328500,383703,59950,4150000,1936,29661,35405,53,11.08
WYCOMBE,E07000007,Wycombe,2015,330000,397044,43750,18000000,2811,26861,35929,61,12.29
WYCOMBE,E07000007,Wycombe,2016,353250,410343,54000,2750000,3010,26633,37176,62,13.26
WYCOMBE,E07000007,Wycombe,2017,375750,450673,64000,5250000,2744,25206,34493,61,14.91
WYCOMBE,E07000007,Wycombe,2018,375000,450446,106000,3200000,2401,27459,37322,63,13.66
WYRE,E07000128,Wyre,2015,140000,162662,25500,800000,1834,20042,23942,32,6.99
WYRE,E07000128,Wyre,2016,148000,168929,35000,700000,1921,19930,24774,31,7.43
WYRE,E07000128,Wyre,2017,152000,176635,2625,1400000,1993,,24355,31,
WYRE,E07000128,Wyre,2018,155000,181831,40950,1250000,1996,20476,24317,31,7.57
WYRE,E07000128,Wyre,2019,158000,185878,41250,825000,1964,22418,27779,33,7.05
WYRE,E07000128,Wyre,2020,175000,201976,42000,1220000,1967,23217,27299,32,7.54
WYRE,E07000128,Wyre,2021,184950,218003,40000,1300000,2992,23686,27976,38,7.81
WYRE,E07000128,Wyre,2022,194725,221881,45000,955000,2280,26757,30736,34,7.28
WYRE,E07000128,Wyre,2023,199950,225889,42000,1100000,1754,28536,32405,33,7.01
WYRE,E07000128,Wyre,2024,197000,224487,43602,1250000,1927,30629,34665,32,6.43
WYRE,E07000128,Wyre,2025,205000,231083,42700,1239441,2146,29814,36536,37,6.88
WYRE FOREST,E07000239,Wyre Forest,2015,157000,182650,23000,1550000,1590,18910,22365,33,8.3
WYRE FOREST,E07000239,Wyre Forest,2016,165000,193737,35000,1650000,1554,19695,24452,36,8.38
WYRE FOREST,E07000239,Wyre Forest,2017,174500,205845,25000,1605000,1593,20182,24725,33,8.65
WYRE FOREST,E07000239,Wyre Forest,2018,185000,211563,34000,1850000,1557,20235,25626,34,9.14
WYRE FOREST,E07000239,Wyre Forest,2019,185000,212162,34000,2015000,1492,21234,26872,35,8.71
WYRE FOREST,E07000239,Wyre Forest,2020,204997.5,238894,35000,1202000,1276,24369,28559,34,8.41
WYRE FOREST,E07000239,Wyre Forest,2021,222500,253806,33000,1200000,1779,24702,28134,38,9.01
WYRE FOREST,E07000239,Wyre Forest,2022,237865,271381,39500,2200000,1557,26226,29657,36,9.07
WYRE FOREST,E07000239,Wyre Forest,2023,244495,273418,35250,3000000,1211,26701,30774,35,9.16
WYRE FOREST,E07000239,Wyre Forest,2024,250000,275864,39950,2000000,1422,30000,32026,38,8.33
WYRE FOREST,E07000239,Wyre Forest,2025,260000,288584,41000,1520000,1619,29408,34517,39,8.84
YORK,E06000014,York UA,2015,213500,243122,60000,1650000,3478,21425,25219,77,9.96
YORK,E06000014,York,2016,220000,258058,57500,2175000,3420,22010,26663,75,10.0
YORK,E06000014,York,2017,227750,263616,81000,4000000,3530,21575,26452,73,10.56
YORK,E06000014,York,2018,237250,273169,83000,1525000,3376,21435,25786,70,11.07
YORK,E06000014,York,2019,245000,280239,81600,2500000,3165,23960,31160,75,10.23
YORK,E06000014,York UA,2020,257250,299411,81600,2750000,2632,24500,31698,68,10.5
YORK,E06000014,York UA,2021,278000,326210,44620,2350000,3975,24232,30779,80,11.47
YORK,E06000014,York UA,2022,300000,341326,84000,2750000,3031,27532,32334,73,10.9
YORK,E06000014,York UA,2023,300000,354000,85000,2415000,2473,28737,33350,78,10.44
YORK,E06000014,York UA,2024,310000,353554,65350,2705000,2829,31854,35599,73,9.73
YORK,E06000014,York UA,2025,305000,346411,84000,1650000,2855,32961,40376,74,9.25
